"means","lower.10.","lower.20.","lower.30.","lower.40.","lower.50.","lower.60.","lower.70.","lower.80.","lower.90.","lower.95.","lower.98.","upper.10.","upper.20.","upper.30.","upper.40.","upper.50.","upper.60.","upper.70.","upper.80.","upper.90.","upper.95.","upper.98."
102.744617426363,63.6503413099916,23.92625481008,0,0,0,0,0,0,0,0,0,141.838893542734,181.562980042646,222.620976259279,265.889919879779,312.583913214263,364.579889084298,425.187549315569,501.445825193541,614.472077559493,712.505495432246,826.490529806047
0,0,0,0,0,0,0,0,0,0,0,0,0,0,0,16.3131475070823,63.278237794026,115.576092976409,176.535630415241,253.23664816886,366.919110688972,465.521693007228,580.168504051605
0,0,0,0,0,0,0,0,0,0,0,0,0,0,0,0,0,0,78.0793448986957,181.193855396591,334.025093081225,466.583399442104,620.711077890384
