"means","lower.10.","lower.20.","lower.30.","lower.40.","lower.50.","lower.60.","lower.70.","lower.80.","lower.90.","lower.95.","lower.98.","upper.10.","upper.20.","upper.30.","upper.40.","upper.50.","upper.60.","upper.70.","upper.80.","upper.90.","upper.95.","upper.98."
18.8,15.3853393154532,11.9156683079375,8.32948794102449,4.5501940054367,0.471741631254414,0,0,0,0,0,0,22.2146606845468,25.6843316920624,29.2705120589755,33.0498059945633,37.1282583687456,41.6698084931052,46.9635398300931,53.6242626360792,63.4964572030497,72.0591137102425,82.0150523838312
18.8,15.3853393154532,11.9156683079375,8.32948794102449,4.5501940054367,0.471741631254414,0,0,0,0,0,0,22.2146606845468,25.6843316920624,29.2705120589755,33.0498059945633,37.1282583687456,41.6698084931052,46.9635398300931,53.6242626360792,63.4964572030497,72.0591137102425,82.0150523838312
18.8,15.3853393154532,11.9156683079375,8.32948794102449,4.5501940054367,0.471741631254414,0,0,0,0,0,0,22.2146606845468,25.6843316920624,29.2705120589755,33.0498059945633,37.1282583687456,41.6698084931052,46.9635398300931,53.6242626360792,63.4964572030497,72.0591137102425,82.0150523838312
18.8,15.3853393154532,11.9156683079375,8.32948794102449,4.5501940054367,0.471741631254414,0,0,0,0,0,0,22.2146606845468,25.6843316920624,29.2705120589755,33.0498059945633,37.1282583687456,41.6698084931052,46.9635398300931,53.6242626360792,63.4964572030497,72.0591137102425,82.0150523838312
