"means","lower.10.","lower.20.","lower.30.","lower.40.","lower.50.","lower.60.","lower.70.","lower.80.","lower.90.","lower.95.","lower.98.","upper.10.","upper.20.","upper.30.","upper.40.","upper.50.","upper.60.","upper.70.","upper.80.","upper.90.","upper.95.","upper.98."
3,1.38707356277476,0,0,0,0,0,0,0,0,0,0,4.61292643722524,6.25183718517226,7.94578152014792,9.73094369756163,11.6574143677084,13.802630814752,16.303142582623,19.449357359811,24.1125216040824,28.1571211497509,32.859842203909
3,0.718977557365956,0,0,0,0,0,0,0,0,0,0,5.28102244263404,7.59879224989977,9.99439130232741,12.5189918646614,15.2434328138969,18.2772270075319,21.8134846625285,26.2629042705664,32.8576143883883,38.5775419202407,45.2281938150887
