"means","lower.10.","lower.20.","lower.30.","lower.40.","lower.50.","lower.60.","lower.70.","lower.80.","lower.90.","lower.95.","lower.98.","upper.10.","upper.20.","upper.30.","upper.40.","upper.50.","upper.60.","upper.70.","upper.80.","upper.90.","upper.95.","upper.98."
2651.37499999995,2602.35642369639,2552.5481561283,2501.06735841701,2446.81435196352,2388.26682781009,2323.07138326274,2247.07813021508,2151.46126538875,2009.74266803159,1886.82291988252,1743.90214835361,2700.39357630351,2750.2018438716,2801.68264158289,2855.93564803638,2914.48317218982,2979.67861673716,3055.67186978483,3151.28873461115,3293.00733196832,3415.92708011738,3558.84785164629
2188.7499999999,2119.42726458319,2048.98773707008,1976.18289474499,1899.45755721895,1816.6588545178,1724.45857263401,1616.98788352514,1481.76521649616,1281.34485407316,1107.51007915728,905.389585716264,2258.07273541662,2328.51226292972,2401.31710525482,2478.04244278085,2560.84114548201,2653.0414273658,2760.51211647466,2895.73478350365,3096.15514592664,3269.98992084253,3472.11041428354
