"means","lower.10.","lower.20.","lower.30.","lower.40.","lower.50.","lower.60.","lower.70.","lower.80.","lower.90.","lower.95.","lower.98.","upper.10.","upper.20.","upper.30.","upper.40.","upper.50.","upper.60.","upper.70.","upper.80.","upper.90.","upper.95.","upper.98."
56,51.730745087763,47.392712304676,42.9090111226233,38.1838654376321,33.0846903097487,27.4065169950944,20.7879125121433,12.4601967636371,0.117267540732101,0,0,60.269254912237,64.607287695324,69.0909888773767,73.8161345623679,78.9153096902513,84.5934830049056,91.2120874878567,99.5398032363628,111.882732459268,122.588382809995,135.036014951163
