"means","lower.10.","lower.20.","lower.30.","lower.40.","lower.50.","lower.60.","lower.70.","lower.80.","lower.90.","lower.95.","lower.98.","upper.10.","upper.20.","upper.30.","upper.40.","upper.50.","upper.60.","upper.70.","upper.80.","upper.90.","upper.95.","upper.98."
6.3,5.27389390122614,4.23125719132911,3.1536093997211,2.01793094888248,0.792355337915856,0,0,0,0,0,0,7.32610609877385,8.36874280867089,9.44639060027889,10.5820690511175,11.8076446620841,13.1723812233425,14.7631483630282,16.7646966645607,19.7312927598312,22.3043724521997,25.2961336653182
6.3,5.27389390122614,4.23125719132911,3.1536093997211,2.01793094888248,0.792355337915856,0,0,0,0,0,0,7.32610609877385,8.36874280867089,9.44639060027889,10.5820690511175,11.8076446620841,13.1723812233425,14.7631483630282,16.7646966645607,19.7312927598312,22.3043724521997,25.2961336653182
6.3,5.27389390122614,4.23125719132911,3.1536093997211,2.01793094888248,0.792355337915856,0,0,0,0,0,0,7.32610609877385,8.36874280867089,9.44639060027889,10.5820690511175,11.8076446620841,13.1723812233425,14.7631483630282,16.7646966645607,19.7312927598312,22.3043724521997,25.2961336653182
