"means","lower.10.","lower.20.","lower.30.","lower.40.","lower.50.","lower.60.","lower.70.","lower.80.","lower.90.","lower.95.","lower.98.","upper.10.","upper.20.","upper.30.","upper.40.","upper.50.","upper.60.","upper.70.","upper.80.","upper.90.","upper.95.","upper.98."
60.0617829474181,55.750932465659,51.3706340067275,46.8432478941499,42.0720648724611,36.9232082198392,31.1897121714238,24.5066222856168,16.0977691755574,3.63458216033209,0,0,64.3726334291772,68.7529318881087,73.2803180006864,78.0515010223751,83.200357674997,88.9338537234125,95.6169436092195,104.025796719279,116.488983734504,127.298939785546,139.867849844936
43.9627775462454,39.5686323027775,35.103697200127,30.4888323988295,25.625460015774,20.3771165473212,14.5328372116791,7.720615874463,0,0,0,0,48.3569227897134,52.8218578923639,57.4367226936614,62.3000950767169,67.5484385451697,73.3927178808117,80.2049392180279,88.7762691801636,101.480271365611,112.499098663095,125.310866685843
56.881767627351,51.183741057101,45.3939190462869,39.4096784718559,33.1031902871822,26.2974979679542,18.7190368353928,9.88541481536899,0,0,0,0,62.579794197601,68.3696162084151,74.3538567828461,80.6603449675198,87.4660372867478,95.0444984193091,103.878120439333,114.992834032205,131.466513892651,145.754974386167,162.368397602892
