"means","lower.10.","lower.20.","lower.30.","lower.40.","lower.50.","lower.60.","lower.70.","lower.80.","lower.90.","lower.95.","lower.98.","upper.10.","upper.20.","upper.30.","upper.40.","upper.50.","upper.60.","upper.70.","upper.80.","upper.90.","upper.95.","upper.98."
374,320.565342056949,266.269849593948,210.151148811965,151.010491109637,87.1884227742061,16.1195231542184,0,0,0,0,0,427.434657943051,481.730150406052,537.848851188035,596.989508890363,660.811577225794,731.880476845782,814.719959115423,918.95094358836,1073.43696388918,1207.43054738528,1363.22704568239
374,298.43198203617,221.646560219267,142.282732470629,58.6452122603323,0,0,0,0,0,0,0,449.56801796383,526.353439780733,605.717267529371,689.354787739668,779.612822358336,880.119424063855,997.272143389548,1144.67701525067,1363.15324035714,1552.6487834083,1772.97830427031
374,281.448457557572,187.40590598968,90.2054649805304,0,0,0,0,0,0,0,0,466.551542442428,560.59409401032,657.79453501947,760.229158952941,870.77222395404,993.867168933871,1137.34936109759,1317.88272192764,1585.46035814778,1817.54405265125,2087.39150334317
