"means","lower.10.","lower.20.","lower.30.","lower.40.","lower.50.","lower.60.","lower.70.","lower.80.","lower.90.","lower.95.","lower.98.","upper.10.","upper.20.","upper.30.","upper.40.","upper.50.","upper.60.","upper.70.","upper.80.","upper.90.","upper.95.","upper.98."
0,0,0,0,0,0,0,0,0,0,0,0,1.31914607310451,2.65954364327664,4.04495091664551,5.50496150475465,7.08054248651781,8.83502662588448,10.8800921683733,13.453251596283,17.2670614881057,20.5749728006189,24.4211345773276
0,0,0,0,0,0,0,0,0,0,0,0,1.86555426733561,3.76116269004498,5.72042444545357,7.78519122036582,10.0133992133924,12.4946144782532,15.3867739043828,19.0257708654809,24.4193125388093,29.0974055800927,34.5366997277952
0,0,0,0,0,0,0,0,0,0,0,0,2.28482802122198,4.60646471510199,7.00606050175233,9.53487301994587,12.2638593317989,15.3027150022557,18.8448724266548,23.3017152917693,29.907427794815,35.6368982550196,42.2986458664084
0,0,0,0,0,0,0,0,0,0,0,0,2.63829214620902,5.31908728655329,8.08990183329102,11.0099230095093,14.1610849730356,17.670053251769,21.7601843367466,26.906503192566,34.5341229762115,41.1499456012377,48.8422691546551
