"means","lower.10.","lower.20.","lower.30.","lower.40.","lower.50.","lower.60.","lower.70.","lower.80.","lower.90.","lower.95.","lower.98.","upper.10.","upper.20.","upper.30.","upper.40.","upper.50.","upper.60.","upper.70.","upper.80.","upper.90.","upper.95.","upper.98."
836,814.433714966568,792.519996201199,769.870428610442,746.001195978085,720.242541012763,691.559057198745,658.124953652072,616.057216962256,553.706494121681,499.626540668852,436.746907508908,857.566285033432,879.480003798801,902.129571389558,925.998804021915,951.757458987237,980.440942801255,1013.87504634793,1055.94278303774,1118.29350587832,1172.37345933115,1235.25309249109
836,805.500667215716,774.509988935702,742.478663266967,708.72247075485,672.294231554402,631.729659728509,584.446697047017,524.953933281939,436.776695417032,360.296091791536,271.370861779699,866.499332784284,897.490011064298,929.521336733033,963.27752924515,999.705768445598,1040.27034027149,1087.55330295298,1147.04606671806,1235.22330458297,1311.70390820846,1400.6291382203
