"means","lower.10.","lower.20.","lower.30.","lower.40.","lower.50.","lower.60.","lower.70.","lower.80.","lower.90.","lower.95.","lower.98.","upper.10.","upper.20.","upper.30.","upper.40.","upper.50.","upper.60.","upper.70.","upper.80.","upper.90.","upper.95.","upper.98."
438.749999999408,432.436934875357,426.022166014542,419.391993269889,412.404789871826,404.864498808624,396.468027138985,386.680913933014,374.366490705621,356.114660443059,340.283919658351,321.87726229943,445.06306512346,451.477833984275,458.108006728927,465.095210126991,472.635501190193,481.031972859832,490.819086065803,503.133509293196,521.385339555758,537.216080340466,555.622737699386
487.499999998817,478.571977680238,469.500124557785,460.123644341421,450.242246532821,439.578664646999,427.704260535715,413.86319230335,396.447967962369,370.635982066921,348.247933746775,322.216989271835,496.428022317395,505.499875439849,514.876355656212,524.757753464813,535.421335350634,547.295739461919,561.136807694284,578.552032035265,604.364017930712,626.752066250859,652.783010725799
536.249999998225,525.315450451876,514.204744866134,502.720948809438,490.618757521174,477.55859029585,463.015474759723,446.063697427553,424.734490731803,393.121393385921,365.701746025355,333.820480282193,547.184549544574,558.295255130316,569.779051187012,581.881242475276,594.9414097006,609.484525236727,626.436302568897,647.765509264647,679.378606610529,706.798253971096,738.679519714258
584.999999997633,572.37386974953,559.5443320279,546.283986538596,532.309579742468,517.228997616064,500.436054276786,480.861827864844,456.232981410059,419.729320884934,388.067839315519,351.254524597677,597.626130245737,610.455667967367,623.716013456671,637.690420252799,652.771002379203,669.563945718481,689.138172130423,713.767018585208,750.270679110333,781.932160679748,818.74547539759
