"means","lower.10.","lower.20.","lower.30.","lower.40.","lower.50.","lower.60.","lower.70.","lower.80.","lower.90.","lower.95.","lower.98.","upper.10.","upper.20.","upper.30.","upper.40.","upper.50.","upper.60.","upper.70.","upper.80.","upper.90.","upper.95.","upper.98."
16.1269721551712,14.1121971529669,12.064964043261,9.94898613970222,7.71906415012834,5.31262771315816,2.63294662413316,0,0,0,0,0,18.1417471573754,20.1889802670813,22.3049581706401,24.534880160214,26.9413165971842,29.6209976862092,32.7444932693622,36.6745639398815,42.4995206977938,47.5518019863058,53.4261708375954
1.87163810482295,0,0,0,0,0,0,0,0,0,0,0,5.26194057379164,8.70686095388224,12.2674595829452,16.0197942201076,20.0691532724834,24.578306603367,29.8342755208845,36.4474845804101,46.2492566176752,54.7508320827406,64.6357508445732
0,0,0,0,0,0,0,0,0,0,0,0,0,0,0,4.18622214873519,10.7087529656869,17.9719003375637,26.4379856597172,37.0902541624058,52.8785207366645,66.5724874228233,82.4946831118642
