"means","lower.10.","lower.20.","lower.30.","lower.40.","lower.50.","lower.60.","lower.70.","lower.80.","lower.90.","lower.95.","lower.98.","upper.10.","upper.20.","upper.30.","upper.40.","upper.50.","upper.60.","upper.70.","upper.80.","upper.90.","upper.95.","upper.98."
199,181.717149055268,164.155870676561,146.004895669652,126.876502016752,106.233957711493,83.2475057303195,56.4539885727684,22.7416258888272,0,0,0,216.282850944732,233.844129323439,251.995104330348,271.123497983248,291.766042288507,314.75249426968,341.546011427232,375.258374111173,425.225174024995,468.563921202563,518.954580775042
199,174.558357797487,149.722959741711,124.053604716645,97.0019709863018,67.8090048679177,35.3012527253039,0,0,0,0,0,223.441642202513,248.277040258289,273.946395283355,300.998029013698,330.190995132082,362.698747274696,400.590502622581,448.266983149851,518.930709256361,580.220953291137,651.484107475463
