"means","lower.10.","lower.20.","lower.30.","lower.40.","lower.50.","lower.60.","lower.70.","lower.80.","lower.90.","lower.95.","lower.98.","upper.10.","upper.20.","upper.30.","upper.40.","upper.50.","upper.60.","upper.70.","upper.80.","upper.90.","upper.95.","upper.98."
7513.88888888806,7463.42320517796,7412.14451724397,7359.14392338027,7303.28928070261,7243.01333923831,7175.89322005145,7097.65652364772,6999.21689480592,6853.31453595782,6726.76599865637,6579.62597551668,7564.35457259815,7615.63326053215,7668.63385439584,7724.48849707351,7784.7644385378,7851.88455772466,7930.12125412839,8028.5608829702,8174.46324181829,8301.01177911974,8448.15180225943
