"means","lower.10.","lower.20.","lower.30.","lower.40.","lower.50.","lower.60.","lower.70.","lower.80.","lower.90.","lower.95.","lower.98.","upper.10.","upper.20.","upper.30.","upper.40.","upper.50.","upper.60.","upper.70.","upper.80.","upper.90.","upper.95.","upper.98."
276.4,253.846193862781,230.929044988347,207.242352739687,182.280146935591,155.342002069992,125.345100319017,90.3800477569082,46.3860276248899,0,0,0,298.953806137219,321.870955011653,345.557647260312,370.519853064409,397.457997930008,427.454899680983,462.419952243092,506.41397237511,571.619737451562,628.176014260206,693.93490848192
276.4,253.846193862781,230.929044988347,207.242352739687,182.280146935591,155.342002069992,125.345100319017,90.3800477569082,46.3860276248899,0,0,0,298.953806137219,321.870955011653,345.557647260312,370.519853064409,397.457997930008,427.454899680983,462.419952243092,506.41397237511,571.619737451562,628.176014260206,693.93490848192
