"means","lower.10.","lower.20.","lower.30.","lower.40.","lower.50.","lower.60.","lower.70.","lower.80.","lower.90.","lower.95.","lower.98.","upper.10.","upper.20.","upper.30.","upper.40.","upper.50.","upper.60.","upper.70.","upper.80.","upper.90.","upper.95.","upper.98."
655,634.976469079612,614.630358259004,593.601037896972,571.439301792725,547.523304050593,520.891706435887,489.849326854775,450.790925045959,392.900489823974,342.689170699834,284.307661001295,675.023530920388,695.369641740996,716.398962103028,738.560698207275,762.476695949407,789.108293564113,820.150673145225,859.209074954041,917.099510176026,967.310829300166,1025.6923389987
