"means","lower.10.","lower.20.","lower.30.","lower.40.","lower.50.","lower.60.","lower.70.","lower.80.","lower.90.","lower.95.","lower.98.","upper.10.","upper.20.","upper.30.","upper.40.","upper.50.","upper.60.","upper.70.","upper.80.","upper.90.","upper.95.","upper.98."
102,88.7003403987137,75.1864227385364,61.2187162649165,46.498857538106,30.6138155712257,12.9250680510079,0,0,0,0,0,115.299659601286,128.813577261464,142.781283735083,157.501142461894,173.386184428774,191.074931948992,211.693327539869,237.635977249996,276.086892110311,309.437326413718,348.214413686032
