"means","lower.10.","lower.20.","lower.30.","lower.40.","lower.50.","lower.60.","lower.70.","lower.80.","lower.90.","lower.95.","lower.98.","upper.10.","upper.20.","upper.30.","upper.40.","upper.50.","upper.60.","upper.70.","upper.80.","upper.90.","upper.95.","upper.98."
1.81818181817855,1.51130980154368,1.1994940641984,0.877207751478853,0.537566522492819,0.171040234689581,0,0,0,0,0,0,2.12505383481342,2.4368695721587,2.75915588487824,3.09879711386428,3.46532340166752,3.87346780430691,4.34920995293575,4.94780220808105,5.83500610189345,6.60452316752913,7.49925305740771
1.81818181817855,1.51130980154368,1.1994940641984,0.877207751478853,0.537566522492819,0.171040234689581,0,0,0,0,0,0,2.12505383481342,2.4368695721587,2.75915588487824,3.09879711386428,3.46532340166752,3.87346780430691,4.34920995293575,4.94780220808105,5.83500610189345,6.60452316752913,7.49925305740771
1.81818181817855,1.51130980154368,1.1994940641984,0.877207751478853,0.537566522492819,0.171040234689581,0,0,0,0,0,0,2.12505383481342,2.4368695721587,2.75915588487824,3.09879711386428,3.46532340166752,3.87346780430691,4.34920995293575,4.94780220808105,5.83500610189345,6.60452316752913,7.49925305740771
