"means","lower.10.","lower.20.","lower.30.","lower.40.","lower.50.","lower.60.","lower.70.","lower.80.","lower.90.","lower.95.","lower.98.","upper.10.","upper.20.","upper.30.","upper.40.","upper.50.","upper.60.","upper.70.","upper.80.","upper.90.","upper.95.","upper.98."
42,37.3352707549966,32.5953925315043,27.6963521931473,22.5335015981869,16.9619740521852,10.7578139203679,3.52610756237119,0,0,0,0,46.6647292450034,51.4046074684957,56.3036478068527,61.4664984018131,67.0380259478148,73.2421860796321,80.4738924376288,89.5730303421812,103.059323407058,114.756671376296,128.357366315715
