"means","lower.10.","lower.20.","lower.30.","lower.40.","lower.50.","lower.60.","lower.70.","lower.80.","lower.90.","lower.95.","lower.98.","upper.10.","upper.20.","upper.30.","upper.40.","upper.50.","upper.60.","upper.70.","upper.80.","upper.90.","upper.95.","upper.98."
430.99999999971,425.841976933295,420.600857904799,415.183745412019,409.474924801309,403.314209765548,396.45396142382,388.457504128031,378.396134918566,363.483670109686,350.549330843192,335.510366193327,436.158023066125,441.399142094621,446.816254587401,452.525075198111,458.685790233872,465.5460385756,473.542495871389,483.603865080854,498.516329889734,511.450669156228,526.489633806093
