"means","lower.10.","lower.20.","lower.30.","lower.40.","lower.50.","lower.60.","lower.70.","lower.80.","lower.90.","lower.95.","lower.98.","upper.10.","upper.20.","upper.30.","upper.40.","upper.50.","upper.60.","upper.70.","upper.80.","upper.90.","upper.95.","upper.98."
3635,3617.32217918341,3599.35956795209,3580.79378358904,3561.22824335575,3540.11394915777,3516.60218130004,3489.19634433065,3454.71354350477,3403.60483820611,3359.27565840408,3307.73340686232,3652.67782081659,3670.64043204791,3689.20621641096,3708.77175664425,3729.88605084223,3753.39781869996,3780.80365566935,3815.28645649523,3866.39516179389,3910.72434159592,3962.26659313768
