"means","lower.10.","lower.20.","lower.30.","lower.40.","lower.50.","lower.60.","lower.70.","lower.80.","lower.90.","lower.95.","lower.98.","upper.10.","upper.20.","upper.30.","upper.40.","upper.50.","upper.60.","upper.70.","upper.80.","upper.90.","upper.95.","upper.98."
37.0841862400383,32.6607921286051,28.166136957533,23.5205541067011,18.6248095263658,13.3415313671736,7.45835059674304,0.600784886184208,0,0,0,0,41.5075803514714,46.0022355225436,50.6478183733755,55.5435629537108,60.826841112903,66.7100218833335,73.5675875938923,82.1959711317425,94.9845353109254,106.076707526909,118.973754868053
