"means","lower.10.","lower.20.","lower.30.","lower.40.","lower.50.","lower.60.","lower.70.","lower.80.","lower.90.","lower.95.","lower.98.","upper.10.","upper.20.","upper.30.","upper.40.","upper.50.","upper.60.","upper.70.","upper.80.","upper.90.","upper.95.","upper.98."
65,60.3296752218619,55.5841113209677,50.6791943837555,45.5101507387687,39.9319399180564,33.7203376429191,26.4799565579616,17.3699038660832,3.86743344219049,0,0,69.6703247781381,74.4158886790323,79.3208056162445,84.4898492612313,90.0680600819436,96.2796623570809,103.520043442038,112.630096133917,126.13256655781,137.8439459734,151.460955501554
26,15.5568363190816,4.94543284511317,0,0,0,0,0,0,0,0,0,36.4431636809184,47.0545671548868,58.0222948504835,69.5806278193372,82.0538864072747,95.9434513436742,112.133435632643,132.504132730288,162.696574462292,188.884014945845,219.332573901058
0,0,0,0,0,0,0,0,0,0,0,0,4.47475520475385,22.2310294289422,40.5835481185751,59.9243384553967,80.7960921776971,104.037779714167,131.128805083756,165.215501032223,215.737119233478,259.557088533135,310.507272819921
0,0,0,0,0,0,0,0,0,0,0,0,0,0,26.438282776638,54.7503008275177,85.3034197977529,119.325766641184,158.982967092834,208.880780686858,282.836857018982,346.982723873189,421.566156716513
