"means","lower.10.","lower.20.","lower.30.","lower.40.","lower.50.","lower.60.","lower.70.","lower.80.","lower.90.","lower.95.","lower.98.","upper.10.","upper.20.","upper.30.","upper.40.","upper.50.","upper.60.","upper.70.","upper.80.","upper.90.","upper.95.","upper.98."
0,0,0,0,0,0,0,0,0,0,0,0,0.941297127180099,1.89775858949023,2.88633742316517,3.9281506084217,5.05243083940698,6.30437019149271,7.76365840777746,9.59977620144042,12.3211793636658,14.6815907532151,17.4260791043539
0,0,0,0,0,0,0,0,0,0,0,0,1.33119516348093,2.68383593536712,4.08189752942519,5.55524386547409,7.14521621604144,8.91572582702965,10.9794710139108,13.5761336998235,17.4247789605276,20.7629047604082,24.6441974083637
