"means","lower.10.","lower.20.","lower.30.","lower.40.","lower.50.","lower.60.","lower.70.","lower.80.","lower.90.","lower.95.","lower.98.","upper.10.","upper.20.","upper.30.","upper.40.","upper.50.","upper.60.","upper.70.","upper.80.","upper.90.","upper.95.","upper.98."
1370.59316131062,1300.12574573395,1228.52309721681,1154.51607701952,1076.52382509514,992.357922561468,898.635198829701,789.389917808681,651.934408939373,448.204638554665,271.499445777164,66.04147124325,1441.06057688728,1512.66322540443,1586.67024560172,1664.66249752609,1748.82840005977,1842.55112379154,1951.79640481256,2089.25191368186,2292.98168406657,2469.68687684407,2675.14485137799
