"means","lower.10.","lower.20.","lower.30.","lower.40.","lower.50.","lower.60.","lower.70.","lower.80.","lower.90.","lower.95.","lower.98.","upper.10.","upper.20.","upper.30.","upper.40.","upper.50.","upper.60.","upper.70.","upper.80.","upper.90.","upper.95.","upper.98."
3.22222222222222,2.70115256480176,2.17168845393716,1.624445272882,1.04773338896921,0.425370589924977,0,0,0,0,0,0,3.74329187964268,4.27275599050728,4.81999917156244,5.39671105547524,6.01907385451947,6.71210434453783,7.51991602161706,8.53632756915226,10.0428025944101,11.3494450122069,12.868699202652
3.22222222222222,2.70115256480176,2.17168845393716,1.624445272882,1.04773338896921,0.425370589924977,0,0,0,0,0,0,3.74329187964268,4.27275599050728,4.81999917156244,5.39671105547524,6.01907385451947,6.71210434453783,7.51991602161706,8.53632756915226,10.0428025944101,11.3494450122069,12.868699202652
3.22222222222222,2.70115256480176,2.17168845393716,1.624445272882,1.04773338896921,0.425370589924977,0,0,0,0,0,0,3.74329187964268,4.27275599050728,4.81999917156244,5.39671105547524,6.01907385451947,6.71210434453783,7.51991602161706,8.53632756915226,10.0428025944101,11.3494450122069,12.868699202652
3.22222222222222,2.70115256480176,2.17168845393716,1.624445272882,1.04773338896921,0.425370589924977,0,0,0,0,0,0,3.74329187964268,4.27275599050728,4.81999917156244,5.39671105547524,6.01907385451947,6.71210434453783,7.51991602161706,8.53632756915226,10.0428025944101,11.3494450122069,12.868699202652
