"means","lower.10.","lower.20.","lower.30.","lower.40.","lower.50.","lower.60.","lower.70.","lower.80.","lower.90.","lower.95.","lower.98.","upper.10.","upper.20.","upper.30.","upper.40.","upper.50.","upper.60.","upper.70.","upper.80.","upper.90.","upper.95.","upper.98."
1397,1360.23673467475,1322.88121164493,1284.27131376264,1243.58229703987,1199.67245046946,1150.77675404922,1093.78284815895,1022.0715004158,915.78448049301,823.59634171615,716.407707520243,1433.76326532525,1471.11878835507,1509.72868623736,1550.41770296013,1594.32754953054,1643.22324595078,1700.21715184105,1771.9284995842,1878.21551950699,1970.40365828385,2077.59229247976
875,792.794839657886,709.265350828144,622.930994559022,531.947587229281,433.762185416266,324.428084413407,196.985836539539,36.6343882277311,0,0,0,957.205160342114,1040.73464917186,1127.06900544098,1218.05241277072,1316.23781458373,1425.57191558659,1553.01416346046,1713.36561177227,1951.03061344551,2157.16955846975,2396.85063094716
