"means","lower.10.","lower.20.","lower.30.","lower.40.","lower.50.","lower.60.","lower.70.","lower.80.","lower.90.","lower.95.","lower.98.","upper.10.","upper.20.","upper.30.","upper.40.","upper.50.","upper.60.","upper.70.","upper.80.","upper.90.","upper.95.","upper.98."
3397.55555555242,3364.29864787437,3330.50597005652,3295.5785554765,3258.77032147747,3219.04844964074,3174.81626168584,3123.25824447395,3058.38648593283,2962.2367675203,2878.84122598749,2781.87588626448,3430.81246323047,3464.60514104832,3499.53255562834,3536.34078962737,3576.06266146411,3620.294849419,3671.85286663089,3736.72462517201,3832.87434358454,3916.26988511735,4013.23522484036
3729.11111110484,3682.07874122395,3634.28867794505,3584.89385454735,3532.83915081893,3476.66394094457,3414.11018084531,3341.1961336552,3249.45361291135,3113.477377114,2995.53827123685,2858.40857272045,3776.14348098573,3823.93354426464,3873.32836766234,3925.38307139076,3981.55828126512,4044.11204136437,4117.02608855449,4208.76860929833,4344.74484509568,4462.68395097284,4599.81364948923
4060.66666665726,4003.06401285625,3944.53337795193,3884.03732132231,3820.28358989912,3751.48328970615,3674.87089283833,3585.56978748983,3473.20860572027,3306.67240829633,3162.22709323677,2994.27819826334,4118.26932045828,4176.7999553626,4237.29601199222,4301.04974341541,4369.85004360838,4446.4624404762,4535.7635458247,4648.12472759426,4814.6609250182,4959.10624007775,5127.05513505119
