"means","lower.10.","lower.20.","lower.30.","lower.40.","lower.50.","lower.60.","lower.70.","lower.80.","lower.90.","lower.95.","lower.98.","upper.10.","upper.20.","upper.30.","upper.40.","upper.50.","upper.60.","upper.70.","upper.80.","upper.90.","upper.95.","upper.98."
337,328.141989007373,319.141275096188,309.838322900844,300.034412551184,289.454451816898,277.673163823276,263.940633798472,246.661975306494,221.05240057149,198.839913746647,173.013097450761,345.858010992627,354.858724903812,364.161677099156,373.965587448816,384.545548183102,396.326836176724,410.059366201528,427.338024693506,452.94759942851,475.160086253353,500.986902549239
373,353.192885275045,333.066677123609,312.264643623388,290.342433636234,266.684922235093,240.341161418851,209.634290780333,170.998035832266,113.733285849936,64.0646553602679,6.31413848026847,392.807114724955,412.933322876391,433.735356376612,455.657566363766,479.315077764907,505.658838581149,536.365709219667,575.001964167734,632.266714150064,681.935344639732,739.685861519732
409,375.856357737311,342.17877004529,307.370310244775,270.687436665699,231.100848432481,187.019305185432,135.636882779031,70.9860625989762,0,0,0,442.143642262689,475.82122995471,510.629689755225,547.312563334301,586.899151567519,630.980694814568,682.363117220969,747.013937401024,842.83619188039,925.947707287184,1022.58280525754
