"means","lower.10.","lower.20.","lower.30.","lower.40.","lower.50.","lower.60.","lower.70.","lower.80.","lower.90.","lower.95.","lower.98.","upper.10.","upper.20.","upper.30.","upper.40.","upper.50.","upper.60.","upper.70.","upper.80.","upper.90.","upper.95.","upper.98."
290.222222222222,267.020531450634,243.445060493932,219.077940123581,193.398665569223,165.686690777506,134.82809270774,98.8586278456813,53.6008276902704,0,0,0,313.423912993811,336.999383950512,361.366504320864,387.045778875221,414.757753666938,445.616351736704,481.585816598763,526.843616754174,593.922494200588,652.103416645474,719.751312523058
290.222222222222,267.020531450634,243.445060493932,219.077940123581,193.398665569223,165.686690777506,134.82809270774,98.8586278456813,53.6008276902704,0,0,0,313.423912993811,336.999383950512,361.366504320864,387.045778875221,414.757753666938,445.616351736704,481.585816598763,526.843616754174,593.922494200588,652.103416645474,719.751312523058
