"means","lower.10.","lower.20.","lower.30.","lower.40.","lower.50.","lower.60.","lower.70.","lower.80.","lower.90.","lower.95.","lower.98.","upper.10.","upper.20.","upper.30.","upper.40.","upper.50.","upper.60.","upper.70.","upper.80.","upper.90.","upper.95.","upper.98."
3623.79832549069,3580.3990905541,3536.3006921717,3490.7214974444,3442.6878916026,3390.85207858438,3333.13044266449,3265.84882636075,3181.19318979555,3055.72078391621,2946.89218401498,2820.35541757586,3667.19756042728,3711.29595880967,3756.87515353698,3804.90875937878,3856.744572397,3914.46620831689,3981.74782462063,4066.40346118583,4191.87586706517,4300.70446696639,4427.24123340552
