"means","lower.10.","lower.20.","lower.30.","lower.40.","lower.50.","lower.60.","lower.70.","lower.80.","lower.90.","lower.95.","lower.98.","upper.10.","upper.20.","upper.30.","upper.40.","upper.50.","upper.60.","upper.70.","upper.80.","upper.90.","upper.95.","upper.98."
6,2.59755407430203,0,0,0,0,0,0,0,0,0,0,9.40244592569797,12.8597053941013,16.4330574502634,20.1988322785938,24.2626954104386,28.7879997216139,34.0627945792074,40.6996909701116,50.5365712007294,59.0685977877037,68.9889225595768
6,1.18821482663686,0,0,0,0,0,0,0,0,0,0,10.8117851733631,15.7010884022219,20.7545713431802,26.0801811782482,31.8273515349312,38.2270982656607,45.6867846920053,55.0727735800871,68.9842230136665,81.0503307274934,95.0797885630221
6,0.1067907866854,0,0,0,0,0,0,0,0,0,0,11.8932092133146,17.8813582675377,24.0705855821413,30.5930989146734,37.6319163340346,45.4699733207007,54.6061860135557,66.1016277671723,83.1396041145721,97.9175076547402,115.100014187209
6,0,0,0,0,0,0,0,0,0,0,0,12.8048918513959,19.7194107882026,26.8661149005269,34.3976645571876,42.5253908208772,51.5759994432278,62.1255891584148,75.3993819402232,95.0731424014587,112.137195575407,131.977845119154
