"means","lower.10.","lower.20.","lower.30.","lower.40.","lower.50.","lower.60.","lower.70.","lower.80.","lower.90.","lower.95.","lower.98.","upper.10.","upper.20.","upper.30.","upper.40.","upper.50.","upper.60.","upper.70.","upper.80.","upper.90.","upper.95.","upper.98."
44,35.0828960323838,26.0221371559723,16.6571237234204,6.7878101777641,0,0,0,0,0,0,0,52.9171039676162,61.9778628440277,71.3428762765796,81.2121898222359,91.8627308883335,103.722613428443,117.546754996059,134.940681727709,160.721101357865,183.081770650473,209.080881088992
44,31.3893106319062,18.5754625434927,5.33133353537154,0,0,0,0,0,0,0,0,56.6106893680938,69.4245374565073,82.6686664646285,96.6259835322081,111.688123154495,128.46052989087,148.010818383959,172.609545470781,209.068564555417,240.691326332764,277.459620924553
44,28.5551228717147,12.8614281426393,0,0,0,0,0,0,0,0,0,59.4448771282853,75.1385718573607,91.3592509361056,108.45340343301,126.90068168759,147.442600818859,171.386716384995,201.513881227342,246.166877867218,284.896693173262,329.928473404371
44,26.1657920647676,8.0442743119446,0,0,0,0,0,0,0,0,0,61.8342079352324,79.9557256880554,98.6857525531593,118.424379644472,139.725461776667,163.445226856886,191.093509992119,225.881363455418,277.442202715729,322.163541300947,374.161762177985
