"means","lower.10.","lower.20.","lower.30.","lower.40.","lower.50.","lower.60.","lower.70.","lower.80.","lower.90.","lower.95.","lower.98.","upper.10.","upper.20.","upper.30.","upper.40.","upper.50.","upper.60.","upper.70.","upper.80.","upper.90.","upper.95.","upper.98."
308,257.302440384172,205.788141014135,152.544024031303,96.4327446669143,35.8798518667132,0,0,0,0,0,0,358.697559615828,410.211858985865,463.455975968697,519.567255333086,580.120148133287,647.548665766087,726.144838223774,825.036770025135,971.609509994017,1098.73950294114,1246.55559392788
