"means","lower.10.","lower.20.","lower.30.","lower.40.","lower.50.","lower.60.","lower.70.","lower.80.","lower.90.","lower.95.","lower.98.","upper.10.","upper.20.","upper.30.","upper.40.","upper.50.","upper.60.","upper.70.","upper.80.","upper.90.","upper.95.","upper.98."
1005.23317291355,968.357712826318,930.888187572312,892.160459343208,851.347267183179,807.30341579189,758.258498648905,701.090657781705,629.160460120824,522.549071652494,430.079591536751,322.563837233443,1042.10863300079,1079.5781582548,1118.3058864839,1159.11907864393,1203.16293003522,1252.2078471782,1309.3756880454,1381.30588570628,1487.91727417462,1580.38675429036,1687.90250859367
687.366331714549,613.865509353924,539.180585745748,461.987789608049,380.638209702398,292.849222404872,195.092021976996,81.1440656293325,0,0,0,0,760.867154075173,835.552077683349,912.744873821048,994.094453726699,1081.88344102423,1179.6406414521,1293.58859779976,1436.96114605081,1649.4608601396,1833.7726711838,2048.07498332637
407.545294714216,298.092691041331,186.876801456884,71.9263525951378,0,0,0,0,0,0,0,0,516.9978983871,628.213787971547,743.164236833293,864.304695435002,995.034297158037,1140.60790805052,1310.29173069217,1523.7927256103,1840.23336177958,2114.69842160534,2433.82336856225
170.967130609609,28.8485603067723,0,0,0,0,0,0,0,0,0,0,313.085700912445,457.49380718224,606.751046386207,764.045694522293,933.791351269421,1122.81118962514,1343.13689653499,1620.35694555894,2031.23881852474,2387.61756687409,2801.9848791861
