"means","lower.10.","lower.20.","lower.30.","lower.40.","lower.50.","lower.60.","lower.70.","lower.80.","lower.90.","lower.95.","lower.98.","upper.10.","upper.20.","upper.30.","upper.40.","upper.50.","upper.60.","upper.70.","upper.80.","upper.90.","upper.95.","upper.98."
218,201.479744727419,184.69334746826,167.343273599124,149.058909109094,129.327204977121,107.35501672217,81.7437478112411,49.5189233791176,1.75687923662989,0,0,234.520255272581,251.30665253174,268.656726400876,286.941090890906,306.672795022879,328.64498327783,354.256252188759,386.481076620882,434.24312076337,475.669571113306,523.836772355346
164,127.059586204859,89.5240608360642,50.7281162500323,9.84303432494232,0,0,0,0,0,0,0,200.940413795141,238.475939163936,277.271883749968,318.156965675058,362.278397426062,411.409703978556,468.678242253419,540.735140246644,647.534317693592,740.166676742568,847.871813005683
110,48.186864827955,0,0,0,0,0,0,0,0,0,0,171.813135172045,234.622082474097,299.540114527625,367.953941984213,441.783218503246,523.995618990973,619.824212496203,740.398464870151,919.107670143313,1074.11125410297,1254.33641843048
