"means","lower.10.","lower.20.","lower.30.","lower.40.","lower.50.","lower.60.","lower.70.","lower.80.","lower.90.","lower.95.","lower.98.","upper.10.","upper.20.","upper.30.","upper.40.","upper.50.","upper.60.","upper.70.","upper.80.","upper.90.","upper.95.","upper.98."
74,69.9343837149057,65.8032701855545,61.533436474993,57.0336748910033,52.1777246452009,46.7703937707954,40.4674892303906,32.5369960973342,20.7828106279745,10.58780768175,0,78.0656162850943,82.1967298144455,86.466563525007,90.9663251089967,95.8222753547991,101.229606229205,107.532510769609,115.463003902666,127.217189372026,137.41219231825,149.26608649518
