"means","lower.10.","lower.20.","lower.30.","lower.40.","lower.50.","lower.60.","lower.70.","lower.80.","lower.90.","lower.95.","lower.98.","upper.10.","upper.20.","upper.30.","upper.40.","upper.50.","upper.60.","upper.70.","upper.80.","upper.90.","upper.95.","upper.98."
839,812.395481349463,785.362362817826,757.421489252408,727.976017129737,696.199723003265,660.81531261875,619.570460758889,567.675019164981,490.758157215183,424.044250391383,346.474916101805,865.604518650537,892.637637182174,920.578510747592,950.023982870263,981.800276996735,1017.18468738125,1058.42953924111,1110.32498083502,1187.24184278482,1253.95574960862,1331.5250838982
