"means","lower.10.","lower.20.","lower.30.","lower.40.","lower.50.","lower.60.","lower.70.","lower.80.","lower.90.","lower.95.","lower.98.","upper.10.","upper.20.","upper.30.","upper.40.","upper.50.","upper.60.","upper.70.","upper.80.","upper.90.","upper.95.","upper.98."
10,8.70929218377783,7.39779101196689,6.04225045975196,4.61371489704155,3.072100416496,1.35543958697241,0,0,0,0,0,11.2907078162222,12.6022089880331,13.957749540248,15.3862851029584,16.927899583504,18.6445604130276,20.6455382684707,23.1632253189826,26.894816791166,30.1314158862021,33.8946617987414
