"means","lower.10.","lower.20.","lower.30.","lower.40.","lower.50.","lower.60.","lower.70.","lower.80.","lower.90.","lower.95.","lower.98.","upper.10.","upper.20.","upper.30.","upper.40.","upper.50.","upper.60.","upper.70.","upper.80.","upper.90.","upper.95.","upper.98."
291.356216221755,277.059003970552,262.531463046561,247.516096480597,231.692161821053,214.615648329099,195.600140764527,173.43524430255,145.546743364644,104.211783862546,68.3598709414438,26.6742741790961,305.653428472958,320.180969396949,335.196335962912,351.020270622457,368.096784114411,387.112291678983,409.27718814096,437.165689078865,478.500648580964,514.352561502066,556.038158264414
