"means","lower.10.","lower.20.","lower.30.","lower.40.","lower.50.","lower.60.","lower.70.","lower.80.","lower.90.","lower.95.","lower.98.","upper.10.","upper.20.","upper.30.","upper.40.","upper.50.","upper.60.","upper.70.","upper.80.","upper.90.","upper.95.","upper.98."
41,16.6153463842347,0,0,0,0,0,0,0,0,0,0,65.3846536157653,90.1621449963361,115.771648876643,142.760208515535,171.885107772115,204.317064236288,242.120470463898,289.685787624,360.184752874764,421.332091438621,492.429087129566
41,6.51489214281464,0,0,0,0,0,0,0,0,0,0,75.4851078571854,110.525772209171,146.743079922348,184.910666992583,226.099494523989,271.965207209916,325.427297000902,392.694813627296,492.395406418196,578.870801918222,679.417137468337
