"means","lower.10.","lower.20.","lower.30.","lower.40.","lower.50.","lower.60.","lower.70.","lower.80.","lower.90.","lower.95.","lower.98.","upper.10.","upper.20.","upper.30.","upper.40.","upper.50.","upper.60.","upper.70.","upper.80.","upper.90.","upper.95.","upper.98."
5,1.20464528170343,0,0,0,0,0,0,0,0,0,0,8.79535471829657,12.6518527559805,16.6378495602377,20.8384897981319,25.3716410807036,30.4195200019899,36.3034393905712,43.7067535305003,54.6795803180222,64.1968711348813,75.2627785004008
