"means","lower.10.","lower.20.","lower.30.","lower.40.","lower.50.","lower.60.","lower.70.","lower.80.","lower.90.","lower.95.","lower.98.","upper.10.","upper.20.","upper.30.","upper.40.","upper.50.","upper.60.","upper.70.","upper.80.","upper.90.","upper.95.","upper.98."
66.9,56.8226093753035,46.5828715764188,35.9992898543606,24.8457888793379,12.809407664403,0,0,0,0,0,0,76.9773906246965,87.2171284235812,97.8007101456394,108.954211120662,120.990592335597,134.393673599844,150.016601753862,169.673812750701,198.808760602063,224.078982852428,253.461077390642
66.9,56.8226093753035,46.5828715764188,35.9992898543606,24.8457888793379,12.809407664403,0,0,0,0,0,0,76.9773906246965,87.2171284235812,97.8007101456394,108.954211120662,120.990592335597,134.393673599844,150.016601753862,169.673812750701,198.808760602063,224.078982852428,253.461077390642
