"means","lower.10.","lower.20.","lower.30.","lower.40.","lower.50.","lower.60.","lower.70.","lower.80.","lower.90.","lower.95.","lower.98.","upper.10.","upper.20.","upper.30.","upper.40.","upper.50.","upper.60.","upper.70.","upper.80.","upper.90.","upper.95.","upper.98."
0,0,0,0,0,0,0,0,0,0,0,0,25.6462451840366,51.7056524245249,78.6401180890796,107.024987875194,137.656725322213,171.766617567737,211.525862877591,261.552072204418,335.698450354035,400.00937565445,474.784724612432
