"means","lower.10.","lower.20.","lower.30.","lower.40.","lower.50.","lower.60.","lower.70.","lower.80.","lower.90.","lower.95.","lower.98.","upper.10.","upper.20.","upper.30.","upper.40.","upper.50.","upper.60.","upper.70.","upper.80.","upper.90.","upper.95.","upper.98."
1920,1853.30806779591,1785.54172584253,1715.49983295866,1641.68622797231,1562.02974249264,1473.32846849315,1369.93630041307,1239.84534413815,1047.03095009144,879.793218433654,685.343213473583,1986.69193220409,2054.45827415747,2124.50016704134,2198.31377202769,2277.97025750736,2366.67153150685,2470.06369958693,2600.15465586185,2792.96904990856,2960.20678156635,3154.65678652642
