"means","lower.10.","lower.20.","lower.30.","lower.40.","lower.50.","lower.60.","lower.70.","lower.80.","lower.90.","lower.95.","lower.98.","upper.10.","upper.20.","upper.30.","upper.40.","upper.50.","upper.60.","upper.70.","upper.80.","upper.90.","upper.95.","upper.98."
3398.90984743916,3350.77402940334,3301.8627413747,3251.30904320886,3198.0330600312,3140.53989760957,3076.51853484985,3001.89381751821,2907.99888311756,2768.83244604214,2648.12631632367,2507.77935460755,3447.04566547498,3495.95695350362,3546.51065166947,3599.78663484713,3657.27979726875,3721.30116002848,3795.92587736012,3889.82081176076,4028.98724883618,4149.69337855465,4290.04034027078
2811.30746347507,2708.31753924618,2603.66844313528,2495.50529652133,2381.51763214625,2258.50702002625,2121.52887010164,1961.86410699594,1760.96937675154,1463.21312383116,1204.9539799974,904.671912657375,2914.29738770397,3018.94648381486,3127.10963042881,3241.0972948039,3364.10790692389,3501.0860568485,3660.75081995421,3861.64555019861,4159.40180311899,4417.66094695274,4717.94301429277
