"means","lower.10.","lower.20.","lower.30.","lower.40.","lower.50.","lower.60.","lower.70.","lower.80.","lower.90.","lower.95.","lower.98.","upper.10.","upper.20.","upper.30.","upper.40.","upper.50.","upper.60.","upper.70.","upper.80.","upper.90.","upper.95.","upper.98."
218,209.718565359092,201.303716468181,192.60630227019,183.440537760119,173.549236722303,162.53480395787,149.696137359987,133.54216316612,109.599539982889,88.8328850300919,64.6871607455837,226.281434640908,234.696283531819,243.39369772981,252.559462239881,262.450763277697,273.46519604213,286.303862640013,302.45783683388,326.400460017111,347.167114969908,371.312839254416
164,145.482149191707,126.665975051242,107.217965676062,86.7226931657895,64.605071659318,39.9760512644449,11.2679200111234,0,0,0,0,182.517850808293,201.334024948758,220.782034323938,241.277306834211,263.394928340682,288.023948735555,316.732079988877,352.853464393141,406.390797390507,452.826449530245,506.817930396373
110,79.0137089027595,47.5282273914963,14.9854833117503,0,0,0,0,0,0,0,0,140.986291097241,172.471772608504,205.01451668825,239.309667172785,276.319526765735,317.531760479901,365.569652192196,426.012289060435,515.597381952715,593.299089855435,683.644117483572
56,10.6407143866977,0,0,0,0,0,0,0,0,0,0,101.359285613302,147.449311168794,195.087010650849,245.289970440307,299.46685745517,359.795390287209,430.115663326693,518.594623920068,649.733771953084,763.477425568819,895.729004148073
