"means","lower.10.","lower.20.","lower.30.","lower.40.","lower.50.","lower.60.","lower.70.","lower.80.","lower.90.","lower.95.","lower.98.","upper.10.","upper.20.","upper.30.","upper.40.","upper.50.","upper.60.","upper.70.","upper.80.","upper.90.","upper.95.","upper.98."
8,5.64498889677394,3.25203846857484,0.778734277481411,0,0,0,0,0,0,0,0,10.3550111032261,12.7479615314252,15.2212657225186,17.8277557966108,20.6405684045062,23.7727686307621,27.4237305352703,32.0174742810534,38.8260945119414,44.7315571656125,51.5979337357492
8,4.66951135827848,1.2853684086328,0,0,0,0,0,0,0,0,0,11.3304886417215,14.7146315913672,18.2124119222857,21.8985455352578,25.8764632737575,30.3060633137966,35.4693031548597,41.9658378622127,51.5946809337824,59.9462663106918,69.65678918054
8,3.92100111682363,0,0,0,0,0,0,0,0,0,0,12.0789988831764,16.2237106048109,20.5075991263578,25.0221723641094,29.8941067131546,35.3192366445085,41.6428881596152,49.5994857242633,61.3923618936027,71.6209232519615,83.5138363353388
