"means","lower.10.","lower.20.","lower.30.","lower.40.","lower.50.","lower.60.","lower.70.","lower.80.","lower.90.","lower.95.","lower.98.","upper.10.","upper.20.","upper.30.","upper.40.","upper.50.","upper.60.","upper.70.","upper.80.","upper.90.","upper.95.","upper.98."
3514,3469.60146389803,3424.48766556769,3377.85897440399,3328.71935739943,3275.68998443865,3216.63926292251,3147.80843503291,3061.20353654179,2932.84203085223,2821.50756772859,2692.05719374889,3558.39853610197,3603.51233443231,3650.14102559601,3699.28064260057,3752.31001556135,3811.36073707749,3880.19156496709,3966.79646345821,4095.15796914777,4206.49243227141,4335.94280625111
