"means","lower.10.","lower.20.","lower.30.","lower.40.","lower.50.","lower.60.","lower.70.","lower.80.","lower.90.","lower.95.","lower.98.","upper.10.","upper.20.","upper.30.","upper.40.","upper.50.","upper.60.","upper.70.","upper.80.","upper.90.","upper.95.","upper.98."
564,511.328324400595,457.808105957931,402.490712407869,344.194511830477,281.283745506689,211.229623891834,129.572989323695,26.830297353696,0,0,0,616.671675599405,670.191894042069,725.509287592131,783.805488169523,846.716254493311,916.770376108166,998.427010676305,1101.1697026463,1253.44984926201,1385.53016630699,1539.10207887682
