"means","lower.10.","lower.20.","lower.30.","lower.40.","lower.50.","lower.60.","lower.70.","lower.80.","lower.90.","lower.95.","lower.98.","upper.10.","upper.20.","upper.30.","upper.40.","upper.50.","upper.60.","upper.70.","upper.80.","upper.90.","upper.95.","upper.98."
25,22.7906267523406,20.5456604115043,18.2253095198927,15.7800091847476,13.1411456490088,10.2026459634987,6.77746569619786,2.46780680557401,0,0,0,27.2093732476594,29.4543395884957,31.7746904801073,34.2199908152524,36.8588543509913,39.7973540365013,43.2225343038021,47.532193194426,53.9197568755442,59.4600157661284,65.9017640371383
25,21.8754743888157,18.7006125425339,15.4191408421523,11.9609639441146,8.22904734262099,4.07338123434353,0,0,0,0,0,28.1245256111843,31.2993874574661,34.5808591578477,38.0390360558854,41.770952657379,45.9266187656565,50.7705551532459,56.865333205568,65.8987123939271,73.7338216560494,82.843829426305
25,21.1732532821704,17.2848575185599,13.2658918829009,9.03050746266437,4.45986174452391,0,0,0,0,0,0,28.8267467178296,32.7151424814401,36.7341081170991,40.9694925373356,45.5401382554761,50.6297690088048,56.5623552568521,64.0269034187035,75.0904882509818,84.6864981365589,95.843933431517
25,20.5812535046811,16.0913208230085,11.4506190397854,6.56001836949511,1.2822912980175,0,0,0,0,0,0,29.4187464953189,33.9086791769915,38.5493809602146,43.4399816305049,48.7177087019825,54.5947080730027,61.4450686076043,70.064386388852,82.8395137510883,93.9200315322567,106.803528074277
