"means","lower.10.","lower.20.","lower.30.","lower.40.","lower.50.","lower.60.","lower.70.","lower.80.","lower.90.","lower.95.","lower.98.","upper.10.","upper.20.","upper.30.","upper.40.","upper.50.","upper.60.","upper.70.","upper.80.","upper.90.","upper.95.","upper.98."
71,52.578975134665,33.8611868070494,14.5148669781293,0,0,0,0,0,0,0,0,89.421024865335,108.138813192951,127.485133021871,147.87324006745,169.875213187912,194.375453620761,222.933476100234,258.865989390777,312.123386946143,358.316236837832,412.025407618375
