"means","lower.10.","lower.20.","lower.30.","lower.40.","lower.50.","lower.60.","lower.70.","lower.80.","lower.90.","lower.95.","lower.98.","upper.10.","upper.20.","upper.30.","upper.40.","upper.50.","upper.60.","upper.70.","upper.80.","upper.90.","upper.95.","upper.98."
66,63.3958401753691,60.7497272296964,58.0147594838061,55.1325154362295,52.0221209341985,48.5585491570881,44.521333239102,39.4415937461415,31.9126546077404,25.3824227258264,17.7896169083752,68.6041598246309,71.2502727703036,73.9852405161939,76.8674845637705,79.9778790658015,83.4414508429119,87.478666760898,92.5584062538585,100.08734539226,106.617577274174,114.210383091625
79,73.1769216078514,67.260033185185,61.144459389105,54.6995657709796,47.7445122275965,39.9997302890279,30.9722410565669,19.6135982423169,2.77837853039337,0,0,84.8230783921486,90.739966814815,96.855540610895,103.30043422902,110.255487772404,118.000269710972,127.027758943433,138.386401757683,155.221621469607,169.823663866403,186.801693814179
92,82.2561261558299,72.3552781064155,62.1219658374167,51.3375961063164,39.6995655420108,26.740066617564,11.6341878560301,0,0,0,0,101.74387384417,111.644721893585,121.878034162583,132.662403893684,144.300434457989,157.259933382436,172.36581214397,191.372456940693,219.543167682463,243.977058040773,272.386736013979
