"means","lower.10.","lower.20.","lower.30.","lower.40.","lower.50.","lower.60.","lower.70.","lower.80.","lower.90.","lower.95.","lower.98.","upper.10.","upper.20.","upper.30.","upper.40.","upper.50.","upper.60.","upper.70.","upper.80.","upper.90.","upper.95.","upper.98."
630,601.456550285306,572.453264430946,542.47606656937,510.88461536144,476.792472390081,438.829254496112,394.578487529944,338.900918354015,256.378373589543,184.802372921795,101.579803786826,658.543449714694,687.546735569054,717.52393343063,749.11538463856,783.207527609919,821.170745503888,865.421512470056,921.099081645985,1003.62162641046,1075.19762707821,1158.42019621317
630,589.633466296565,548.616626087946,506.222466310163,461.54540755686,413.331836596402,359.643738979426,297.06370419046,218.323730741895,101.619228734438,0.395477849682493,0,670.366533703435,711.383373912054,753.777533689837,798.45459244314,846.668163403598,900.356261020574,962.93629580954,1041.67626925811,1158.38077126556,1259.60452215032,1377.29900811652
630,580.561294870863,530.326130184668,478.404100419872,423.686101842904,364.636778077609,298.882555866446,222.237979207153,125.801600552513,0,0,0,679.438705129137,729.673869815332,781.595899580128,836.313898157096,895.363221922391,961.117444133554,1037.76202079285,1134.19839944749,1277.13163974943,1401.10490950855,1545.25062758673
630,572.913100570612,514.906528861893,454.95213313874,391.769230722879,323.584944780162,247.658508992223,159.156975059888,47.8018367080297,0,0,0,687.086899429388,745.093471138107,805.04786686126,868.230769277121,936.415055219838,1012.34149100778,1100.84302494011,1212.19816329197,1377.24325282091,1520.39525415641,1686.84039242635
