"means","lower.10.","lower.20.","lower.30.","lower.40.","lower.50.","lower.60.","lower.70.","lower.80.","lower.90.","lower.95.","lower.98.","upper.10.","upper.20.","upper.30.","upper.40.","upper.50.","upper.60.","upper.70.","upper.80.","upper.90.","upper.95.","upper.98."
102,89.6866695761601,77.1749708967267,64.243137283763,50.6149325229486,35.9079568259282,19.5310419626896,0.441747549819169,0,0,0,0,114.31333042384,126.825029103273,139.756862716237,153.385067477051,168.092043174072,184.46895803731,203.558252450181,227.57694371953,263.176262346317,294.053362187029,329.95466363176
