"means","lower.10.","lower.20.","lower.30.","lower.40.","lower.50.","lower.60.","lower.70.","lower.80.","lower.90.","lower.95.","lower.98.","upper.10.","upper.20.","upper.30.","upper.40.","upper.50.","upper.60.","upper.70.","upper.80.","upper.90.","upper.95.","upper.98."
15.3999999995967,13.4494703859978,11.4675176607292,9.41901221565606,7.26019603423586,4.93049394421651,2.33626018936738,0,0,0,0,0,17.3505296131957,19.3324823384643,21.3809877835374,23.5398039649576,25.869506054977,28.4637398098261,31.4876360891726,35.2923880927452,40.931603708291,45.8227822561157,51.5098343552871
