"means","lower.10.","lower.20.","lower.30.","lower.40.","lower.50.","lower.60.","lower.70.","lower.80.","lower.90.","lower.95.","lower.98.","upper.10.","upper.20.","upper.30.","upper.40.","upper.50.","upper.60.","upper.70.","upper.80.","upper.90.","upper.95.","upper.98."
541.123979574598,516.421699499543,491.321464684461,465.378379849106,438.038276129477,408.534005536571,375.6796010991,337.383780164338,289.198892863416,217.781631332169,155.837807694171,83.8147259753781,565.826259649654,590.926494464735,616.869579300091,644.209683019719,673.713953612625,706.568358050097,744.864178984858,793.04906628578,864.466327817027,926.410151455025,998.433233173818
