"means","lower.10.","lower.20.","lower.30.","lower.40.","lower.50.","lower.60.","lower.70.","lower.80.","lower.90.","lower.95.","lower.98.","upper.10.","upper.20.","upper.30.","upper.40.","upper.50.","upper.60.","upper.70.","upper.80.","upper.90.","upper.95.","upper.98."
4361.22222222493,4322.87986546485,4283.91981177273,4243.65150410267,4201.21477326282,4155.41886836731,4104.42295656265,4044.98099313905,3970.18943002329,3859.33706691595,3763.18917377428,3651.39646938294,4399.56457898502,4438.52463267713,4478.79294034719,4521.22967118705,4567.02557608255,4618.02148788722,4677.46345131082,4752.25501442657,4863.10737753392,4959.25527067559,5071.04797506693
4795.44444444986,4741.2201635064,4686.12232718423,4629.17434034342,4569.15974004692,4504.39455024255,4432.27544014281,4348.21180929507,4242.44056638569,4085.67165105817,3949.69799658362,3791.59923785902,4849.66872539333,4904.7665617155,4961.71454855631,5021.72914885281,5086.49433865718,5158.61344875692,5242.67707960466,5348.44832251404,5505.21723784156,5641.1908923161,5799.28965104071
