"means","lower.10.","lower.20.","lower.30.","lower.40.","lower.50.","lower.60.","lower.70.","lower.80.","lower.90.","lower.95.","lower.98.","upper.10.","upper.20.","upper.30.","upper.40.","upper.50.","upper.60.","upper.70.","upper.80.","upper.90.","upper.95.","upper.98."
322.2,295.237396749887,267.840424861161,239.5234799729,209.681685321981,177.477696873812,141.617028580247,99.8170399612195,47.2231095629428,0,0,0,349.162603250113,376.559575138839,404.8765200271,434.718314678019,466.922303126188,502.782971419753,544.58296003878,597.176890437057,675.129018014991,742.740863377918,821.354245273595
