"means","lower.10.","lower.20.","lower.30.","lower.40.","lower.50.","lower.60.","lower.70.","lower.80.","lower.90.","lower.95.","lower.98.","upper.10.","upper.20.","upper.30.","upper.40.","upper.50.","upper.60.","upper.70.","upper.80.","upper.90.","upper.95.","upper.98."
0,0,0,0,0,0,0,0,0,0,0,0,0.892992863058317,1.80037187758053,2.73822010589381,3.72657087443507,4.79315675189874,5.98085070539415,7.36525306322485,9.10714734732553,11.6888970745895,13.9281799363822,16.5318301968007
0,0,0,0,0,0,0,0,0,0,0,0,1.26288261803945,2.5461103265895,3.87242801051772,5.27016707177064,6.77854728511537,8.4582001820971,10.4160407723226,12.8794512931179,16.5305967720677,19.6974209652046,23.3795384751646
0,0,0,0,0,0,0,0,0,0,0,0,1.5467090096134,3.11833556448766,4.74273634571471,6.45461009252792,8.30199102293043,10.3591372942268,12.7569925161077,15.7740419175839,20.2457636176322,24.1243153067754,28.6339698429602
0,0,0,0,0,0,0,0,0,0,0,0,1.78598572611663,3.60074375516107,5.47644021178762,7.45314174887014,9.58631350379748,11.9617014107883,14.7305061264497,18.2142946946511,23.377794149179,27.8563598727644,33.0636603936014
