"means","lower.10.","lower.20.","lower.30.","lower.40.","lower.50.","lower.60.","lower.70.","lower.80.","lower.90.","lower.95.","lower.98.","upper.10.","upper.20.","upper.30.","upper.40.","upper.50.","upper.60.","upper.70.","upper.80.","upper.90.","upper.95.","upper.98."
1123.59999999908,1109.86470387802,1095.90813157596,1081.48290639737,1066.28089186962,1049.87552798425,1031.60737733344,1010.31361663039,983.521203394561,943.810810981135,909.367967731305,869.320718977218,1137.33529612014,1151.2918684222,1165.71709360079,1180.91910812854,1197.32447201391,1215.59262266472,1236.88638336777,1263.6787966036,1303.38918901702,1337.83203226685,1377.87928102094
1225.19999999816,1205.77535794055,1186.03778410673,1165.63743501888,1144.13853989834,1120.937851796,1095.10278538614,1064.98886020596,1027.09866603915,970.939690520922,922.230154470321,865.594792146563,1244.62464205577,1264.36221588958,1284.76256497744,1306.26146009798,1329.46214820032,1355.29721461018,1385.41113979036,1423.30133395717,1479.46030947539,1528.169845526,1584.80520784975
