"means","lower.10.","lower.20.","lower.30.","lower.40.","lower.50.","lower.60.","lower.70.","lower.80.","lower.90.","lower.95.","lower.98.","upper.10.","upper.20.","upper.30.","upper.40.","upper.50.","upper.60.","upper.70.","upper.80.","upper.90.","upper.95.","upper.98."
44,35.3108904403234,26.4817989710671,17.3562321907753,7.73925934976747,0,0,0,0,0,0,0,52.6891095596766,61.5182010289329,70.6437678092247,80.2607406502325,90.6389664205323,102.195612965213,115.666295945442,132.615491064526,157.736751450676,179.525698402151,204.860058063634
44,31.7117434157596,19.2255225165048,6.32002221147468,0,0,0,0,0,0,0,0,56.2882565842404,68.7744774834952,81.6799777885253,95.2804312092522,109.95745884698,126.301025126019,145.351447691087,169.321229299805,204.848056441804,235.662280730408,271.490475757714
44,28.9500207701077,13.6575857606828,0,0,0,0,0,0,0,0,0,59.0499792298923,74.3424142393172,90.1483595506454,106.805445126281,124.781059452861,144.797758433362,168.129665767772,197.486532861425,240.997832200405,278.737395363782,322.617793474693
44,26.6217808806468,8.96359794213416,0,0,0,0,0,0,0,0,0,61.3782191193532,79.0364020578658,97.2875356184495,116.521481300465,137.277932841065,160.391225930425,187.332591890883,221.230982129052,271.473502901353,315.051396804302,365.720116127268
