"means","lower.10.","lower.20.","lower.30.","lower.40.","lower.50.","lower.60.","lower.70.","lower.80.","lower.90.","lower.95.","lower.98.","upper.10.","upper.20.","upper.30.","upper.40.","upper.50.","upper.60.","upper.70.","upper.80.","upper.90.","upper.95.","upper.98."
38,36.0777454676947,34.1245233364332,32.1057132405545,29.9781914843007,27.6822609994526,25.1256335284567,22.1455719658589,18.3959740452867,12.8385050891354,8.01822957713099,2.4136175800242,39.9222545323053,41.8754766635668,43.8942867594455,46.0218085156993,48.3177390005474,50.8743664715433,53.8544280341411,57.6040259547133,63.1614949108646,67.981770422869,73.5863824199758
38,35.2815215700806,32.5192483417233,29.664219724276,26.6554496023381,23.4085135724,19.792896328982,15.5784528504494,10.2757206177302,2.41627264747368,0,0,40.7184784299194,43.4807516582767,46.335780275724,49.3445503976619,52.5914864276,56.207103671018,60.4215471495506,65.7242793822698,73.5837273525263,80.4006263559779,88.3267446541253
38,34.6705574849676,31.2874775151547,27.7907958582599,24.1058200822202,20.129151831817,15.7009431560257,10.5393251199232,4.04483101353753,0,0,0,41.3294425150324,44.7125224848453,48.2092041417401,51.8941799177798,55.870848168183,60.2990568439743,65.4606748800768,71.9551689864625,81.5809875800032,89.9299496732749,99.637422408974
