"means","lower.10.","lower.20.","lower.30.","lower.40.","lower.50.","lower.60.","lower.70.","lower.80.","lower.90.","lower.95.","lower.98.","upper.10.","upper.20.","upper.30.","upper.40.","upper.50.","upper.60.","upper.70.","upper.80.","upper.90.","upper.95.","upper.98."
2,0,0,0,0,0,0,0,0,0,0,0,5.60256261439139,9.26316265950907,13.0466833404285,17.0339442424445,21.3368256720103,26.1282881922677,31.7133229488898,38.7405719737383,49.156013610419,58.1898559339886,68.6936499475377
