"means","lower.10.","lower.20.","lower.30.","lower.40.","lower.50.","lower.60.","lower.70.","lower.80.","lower.90.","lower.95.","lower.98.","upper.10.","upper.20.","upper.30.","upper.40.","upper.50.","upper.60.","upper.70.","upper.80.","upper.90.","upper.95.","upper.98."
3635,3617.32217918341,3599.35956795209,3580.79378358904,3561.22824335575,3540.11394915777,3516.60218130004,3489.19634433065,3454.71354350477,3403.60483820611,3359.27565840408,3307.73340686232,3652.67782081659,3670.64043204791,3689.20621641096,3708.77175664425,3729.88605084223,3753.39781869996,3780.80365566935,3815.28645649523,3866.39516179389,3910.72434159592,3962.26659313768
4098,4058.47119096004,4018.30557119341,3976.79121530204,3933.04133732388,3885.82834020027,3833.25442899918,3771.97311455537,3694.86722785411,3580.58468856429,3481.46162914016,3366.20965097939,4137.52880903996,4177.69442880659,4219.20878469796,4262.95866267612,4310.17165979973,4362.74557100082,4424.02688544463,4501.13277214589,4615.41531143571,4714.53837085984,4829.79034902061
4561,4494.85565115954,4427.64571416012,4358.17890995688,4284.97136181675,4205.96890696436,4117.99592708336,4015.45267474615,3886.42984831932,3695.19858361013,3529.33398055426,3336.48053434207,4627.14434884046,4694.35428583988,4763.82109004312,4837.02863818325,4916.03109303564,5004.00407291664,5106.54732525385,5235.57015168068,5426.80141638987,5592.66601944574,5785.51946565793
