"means","lower.10.","lower.20.","lower.30.","lower.40.","lower.50.","lower.60.","lower.70.","lower.80.","lower.90.","lower.95.","lower.98.","upper.10.","upper.20.","upper.30.","upper.40.","upper.50.","upper.60.","upper.70.","upper.80.","upper.90.","upper.95.","upper.98."
1876.17695763477,1833.42620529788,1789.98673659633,1745.08859799206,1697.77272271936,1646.71145383384,1589.85230953562,1523.57603255449,1440.18534241885,1316.58777769913,1209.38532290136,1084.73930157279,1918.92770997166,1962.36717867322,2007.26531727748,2054.58119255019,2105.64246143571,2162.50160573392,2228.77788271505,2312.16857285069,2435.76613757041,2542.96859236819,2667.61461369676
867.685350290612,823.993025660424,779.596815897507,733.709809471751,685.351816464162,633.16593869072,575.054489065344,507.318497279275,422.091152604039,295.771389183767,186.207832985586,58.8165210191321,911.377674920801,955.773884683718,1001.66089110947,1050.01888411706,1102.2047618905,1160.31621151588,1228.05220330195,1313.27954797719,1439.59931139746,1549.16286759564,1676.55417956209
