"means","lower.10.","lower.20.","lower.30.","lower.40.","lower.50.","lower.60.","lower.70.","lower.80.","lower.90.","lower.95.","lower.98.","upper.10.","upper.20.","upper.30.","upper.40.","upper.50.","upper.60.","upper.70.","upper.80.","upper.90.","upper.95.","upper.98."
240,236.624808806012,233.195243144158,229.650514835066,225.914905124673,221.883594897939,217.394539790307,212.161997806619,205.578265179216,195.820181654674,187.356499458955,177.515639811888,243.375191193988,246.804756855842,250.349485164934,254.085094875327,258.116405102061,262.605460209693,267.838002193381,274.421734820784,284.179818345326,292.643500541045,302.484360188112
338,330.452843053184,322.78410109998,314.857847639081,306.504770389235,297.490486683868,287.45265430846,275.752334737812,261.030661037256,239.21092294626,220.285554216676,198.280723088799,345.547156946816,353.21589890002,361.142152360919,369.495229610765,378.509513316132,388.54734569154,400.247665262188,414.969338962744,436.78907705374,455.714445783324,477.719276911201
