"means","lower.10.","lower.20.","lower.30.","lower.40.","lower.50.","lower.60.","lower.70.","lower.80.","lower.90.","lower.95.","lower.98.","upper.10.","upper.20.","upper.30.","upper.40.","upper.50.","upper.60.","upper.70.","upper.80.","upper.90.","upper.95.","upper.98."
6.66666666666667,5.58934503601629,4.49466770993426,3.36323181114248,2.17086879720662,0.884121630154751,0,0,0,0,0,0,7.74398829731705,8.83866562339907,9.97010152219085,11.1624645361267,12.4492117031786,13.8820656929755,15.5522320149173,17.653682617939,20.7683489732573,23.4698575339103,26.6109450612964
6.66666666666667,5.58934503601629,4.49466770993426,3.36323181114248,2.17086879720662,0.884121630154751,0,0,0,0,0,0,7.74398829731705,8.83866562339907,9.97010152219085,11.1624645361267,12.4492117031786,13.8820656929755,15.5522320149173,17.653682617939,20.7683489732573,23.4698575339103,26.6109450612964
6.66666666666667,5.58934503601629,4.49466770993426,3.36323181114248,2.17086879720662,0.884121630154751,0,0,0,0,0,0,7.74398829731705,8.83866562339907,9.97010152219085,11.1624645361267,12.4492117031786,13.8820656929755,15.5522320149173,17.653682617939,20.7683489732573,23.4698575339103,26.6109450612964
