"means","lower.10.","lower.20.","lower.30.","lower.40.","lower.50.","lower.60.","lower.70.","lower.80.","lower.90.","lower.95.","lower.98.","upper.10.","upper.20.","upper.30.","upper.40.","upper.50.","upper.60.","upper.70.","upper.80.","upper.90.","upper.95.","upper.98."
75,72.6866545376636,70.3360409855292,67.9064953160393,65.3461201325567,62.5830727422648,59.5062884457441,55.9199205753815,51.4074508741194,44.7192910202997,38.9183097790001,32.1734154303242,77.3133454623363,79.6639590144708,82.0935046839606,84.6538798674432,87.4169272577352,90.4937115542559,94.0800794246184,98.5925491258805,105.2807089797,111.081690221,117.826584569676
