"means","lower.10.","lower.20.","lower.30.","lower.40.","lower.50.","lower.60.","lower.70.","lower.80.","lower.90.","lower.95.","lower.98.","upper.10.","upper.20.","upper.30.","upper.40.","upper.50.","upper.60.","upper.70.","upper.80.","upper.90.","upper.95.","upper.98."
154,149.564981916823,145.058515511348,140.400724812328,135.492114998818,130.194953230232,124.296312402363,117.420726106696,108.769668557914,95.9474980789273,84.8261774097048,71.8952386923705,158.435018083177,162.941484488652,167.599275187672,172.507885001182,177.805046769768,183.703687597637,190.579273893304,199.230331442086,212.052501921073,223.173822590295,236.104761307629
154,147.727937277401,141.3548313684,134.76772059115,127.825898020487,120.334580005269,111.992642146928,102.26909475833,90.0346518439724,71.9013644535289,56.1734419316141,37.8863330233446,160.272062722599,166.6451686316,173.23227940885,180.174101979513,187.665419994731,196.007357853072,205.73090524167,217.965348156028,236.098635546471,251.826558068386,270.113666976655
154,146.318323347451,138.512894570566,130.445364428841,121.943402837311,112.768449518209,102.551703908739,90.64283911282,75.6587678991277,53.4501171662123,34.1874247198529,11.7903818718704,161.681676652549,169.487105429434,177.554635571159,186.056597162689,195.231550481791,205.448296091261,217.35716088718,232.341232100872,254.549882833788,273.812575280147,296.20961812813
154,145.129963833646,136.117031022696,126.801449624655,116.984229997636,106.389906460465,94.5926248047254,80.8414522133924,63.5393371158289,37.8949961578547,15.6523548194096,0,162.870036166354,171.882968977304,181.198550375345,191.015770002364,201.610093539535,213.407375195275,227.158547786608,244.460662884171,270.105003842145,292.34764518059,318.209522615259
