"means","lower.10.","lower.20.","lower.30.","lower.40.","lower.50.","lower.60.","lower.70.","lower.80.","lower.90.","lower.95.","lower.98.","upper.10.","upper.20.","upper.30.","upper.40.","upper.50.","upper.60.","upper.70.","upper.80.","upper.90.","upper.95.","upper.98."
15,12.9189858733965,10.8044465242941,8.6189022803615,6.3156678465164,3.83011575527558,1.06233563344927,0,0,0,0,0,17.0810141266035,19.1955534757059,21.3810977196385,23.6843321534836,26.1698842447244,28.9376643665507,32.1638501321147,36.2231285006438,42.2395905308003,47.457974083041,53.525472712436
15,12.9189858733965,10.8044465242941,8.6189022803615,6.3156678465164,3.83011575527558,1.06233563344927,0,0,0,0,0,17.0810141266035,19.1955534757059,21.3810977196385,23.6843321534836,26.1698842447244,28.9376643665507,32.1638501321147,36.2231285006438,42.2395905308003,47.457974083041,53.525472712436
15,12.9189858733965,10.8044465242941,8.6189022803615,6.3156678465164,3.83011575527558,1.06233563344927,0,0,0,0,0,17.0810141266035,19.1955534757059,21.3810977196385,23.6843321534836,26.1698842447244,28.9376643665507,32.1638501321147,36.2231285006438,42.2395905308003,47.457974083041,53.525472712436
15,12.9189858733965,10.8044465242941,8.6189022803615,6.3156678465164,3.83011575527558,1.06233563344927,0,0,0,0,0,17.0810141266035,19.1955534757059,21.3810977196385,23.6843321534836,26.1698842447244,28.9376643665507,32.1638501321147,36.2231285006438,42.2395905308003,47.457974083041,53.525472712436
