"means","lower.10.","lower.20.","lower.30.","lower.40.","lower.50.","lower.60.","lower.70.","lower.80.","lower.90.","lower.95.","lower.98.","upper.10.","upper.20.","upper.30.","upper.40.","upper.50.","upper.60.","upper.70.","upper.80.","upper.90.","upper.95.","upper.98."
0,0,0,0,0,0,0,0,0,0,0,0,0.294702004956886,0.594151671239424,0.90365666804603,1.22982831525523,1.58181880650142,1.97377691036749,2.4306519509165,3.00550507593402,3.85752400284441,4.5965233569667,5.45576981199882
0,0,0,0,0,0,0,0,0,0,0,0,0.416771572268572,0.840257351573435,1.27796351567958,1.7392398828244,2.23702960937114,2.79134207574057,3.43746095439474,4.25042604016707,5.45536276200231,6.50046567118701,7.71562366131444
