"means","lower.10.","lower.20.","lower.30.","lower.40.","lower.50.","lower.60.","lower.70.","lower.80.","lower.90.","lower.95.","lower.98.","upper.10.","upper.20.","upper.30.","upper.40.","upper.50.","upper.60.","upper.70.","upper.80.","upper.90.","upper.95.","upper.98."
5,3.04961565426642,1.06781053713446,0,0,0,0,0,0,0,0,0,6.95038434573358,8.93218946286554,10.9805423432141,13.1391977443947,15.4687263272562,18.0627668736571,21.0864379449603,24.8909065853898,30.5297022140719,35.4205164859266,41.107145035559
