"means","lower.10.","lower.20.","lower.30.","lower.40.","lower.50.","lower.60.","lower.70.","lower.80.","lower.90.","lower.95.","lower.98.","upper.10.","upper.20.","upper.30.","upper.40.","upper.50.","upper.60.","upper.70.","upper.80.","upper.90.","upper.95.","upper.98."
4.90000000002702,3.9330515632546,2.95052554770788,1.93500692957299,0.864803269321145,0,0,0,0,0,0,0,5.86694843679943,6.84947445234615,7.86499307048104,8.93519673073289,10.0901147480672,11.3761707281377,12.8752260410591,14.7613799228107,17.5569441049989,19.981679119438,22.8009575855519
4.90000000002702,3.9330515632546,2.95052554770788,1.93500692957299,0.864803269321145,0,0,0,0,0,0,0,5.86694843679943,6.84947445234615,7.86499307048104,8.93519673073289,10.0901147480672,11.3761707281377,12.8752260410591,14.7613799228107,17.5569441049989,19.981679119438,22.8009575855519
4.90000000002702,3.9330515632546,2.95052554770788,1.93500692957299,0.864803269321145,0,0,0,0,0,0,0,5.86694843679943,6.84947445234615,7.86499307048104,8.93519673073289,10.0901147480672,11.3761707281377,12.8752260410591,14.7613799228107,17.5569441049989,19.981679119438,22.8009575855519
4.90000000002702,3.9330515632546,2.95052554770788,1.93500692957299,0.864803269321145,0,0,0,0,0,0,0,5.86694843679943,6.84947445234615,7.86499307048104,8.93519673073289,10.0901147480672,11.3761707281377,12.8752260410591,14.7613799228107,17.5569441049989,19.981679119438,22.8009575855519
