"means","lower.10.","lower.20.","lower.30.","lower.40.","lower.50.","lower.60.","lower.70.","lower.80.","lower.90.","lower.95.","lower.98.","upper.10.","upper.20.","upper.30.","upper.40.","upper.50.","upper.60.","upper.70.","upper.80.","upper.90.","upper.95.","upper.98."
308.454545454546,282.297275771549,255.718611406568,228.247452291482,199.296988448365,168.054886085593,133.265323562051,92.7138395339083,41.6908129976737,0,0,0,334.611815137543,361.190479502523,388.661638617609,417.612102460726,448.854204823498,483.64376734704,524.195251375183,575.218277911417,650.842089325504,716.434467647346,792.699782678787
308.454545454546,282.297275771549,255.718611406568,228.247452291482,199.296988448365,168.054886085593,133.265323562051,92.7138395339083,41.6908129976737,0,0,0,334.611815137543,361.190479502523,388.661638617609,417.612102460726,448.854204823498,483.64376734704,524.195251375183,575.218277911417,650.842089325504,716.434467647346,792.699782678787
308.454545454546,282.297275771549,255.718611406568,228.247452291482,199.296988448365,168.054886085593,133.265323562051,92.7138395339083,41.6908129976737,0,0,0,334.611815137543,361.190479502523,388.661638617609,417.612102460726,448.854204823498,483.64376734704,524.195251375183,575.218277911417,650.842089325504,716.434467647346,792.699782678787
308.454545454546,282.297275771549,255.718611406568,228.247452291482,199.296988448365,168.054886085593,133.265323562051,92.7138395339083,41.6908129976737,0,0,0,334.611815137543,361.190479502523,388.661638617609,417.612102460726,448.854204823498,483.64376734704,524.195251375183,575.218277911417,650.842089325504,716.434467647346,792.699782678787
