"means","lower.10.","lower.20.","lower.30.","lower.40.","lower.50.","lower.60.","lower.70.","lower.80.","lower.90.","lower.95.","lower.98.","upper.10.","upper.20.","upper.30.","upper.40.","upper.50.","upper.60.","upper.70.","upper.80.","upper.90.","upper.95.","upper.98."
15.8121054719739,5.42049103242074,0,0,0,0,0,0,0,0,0,0,26.203719911527,36.7627436837481,47.6763328003199,59.1776118615458,71.5893003125777,85.4103039817939,101.520371740359,121.790515594413,151.833922272118,177.892097072255,208.190356734767
2.65301707950935,0,0,0,0,0,0,0,0,0,0,0,13.189885814045,23.8965039338682,34.9626435229463,46.6246878041631,59.209867204651,73.2240612732609,89.5593160369836,110.112796563298,140.57615087101,166.998567611718,197.720337246822
