"means","lower.10.","lower.20.","lower.30.","lower.40.","lower.50.","lower.60.","lower.70.","lower.80.","lower.90.","lower.95.","lower.98.","upper.10.","upper.20.","upper.30.","upper.40.","upper.50.","upper.60.","upper.70.","upper.80.","upper.90.","upper.95.","upper.98."
78,67.3013864225785,56.4304177438504,45.1944088079785,33.3533478219401,20.5749812501867,6.34566410517651,0,0,0,0,0,88.6986135774215,99.5695822561496,110.805591192022,122.64665217806,135.425018749813,149.654335894823,166.240342877429,187.109326952496,218.040305046781,244.868315683747,276.061675876538
