"means","lower.10.","lower.20.","lower.30.","lower.40.","lower.50.","lower.60.","lower.70.","lower.80.","lower.90.","lower.95.","lower.98.","upper.10.","upper.20.","upper.30.","upper.40.","upper.50.","upper.60.","upper.70.","upper.80.","upper.90.","upper.95.","upper.98."
7073,7001.92492596638,6929.70482958974,6855.05962802411,6776.39482906404,6691.50314253441,6596.97222390549,6486.78489302566,6348.14407032391,6142.65748628435,5964.42851966187,5757.19882872893,7144.07507403362,7216.29517041026,7290.94037197589,7369.60517093596,7454.49685746559,7549.02777609451,7659.21510697434,7797.85592967609,8003.34251371565,8181.57148033813,8388.80117127107
