"means","lower.10.","lower.20.","lower.30.","lower.40.","lower.50.","lower.60.","lower.70.","lower.80.","lower.90.","lower.95.","lower.98.","upper.10.","upper.20.","upper.30.","upper.40.","upper.50.","upper.60.","upper.70.","upper.80.","upper.90.","upper.95.","upper.98."
29,0,0,0,0,0,0,0,0,0,0,0,59.5913620103149,90.6755521109465,122.803529668131,156.661578712409,193.199737125944,233.886709208124,281.312344337267,340.984622619678,429.427928041264,506.139305592466,595.332860165713
29,0,0,0,0,0,0,0,0,0,0,0,72.2627190464524,116.222402262149,161.658223855138,209.54073600905,261.213495181607,318.753562912122,385.823539315914,470.2128845606,595.290606588914,703.776877110146,829.915611663897
29,0,0,0,0,0,0,0,0,0,0,0,81.9857932745978,135.825189841021,191.472479314498,250.116340504346,313.402287291588,383.874190144062,466.01779976896,569.373217557484,722.561516137004,855.429519574284,1009.91728780282
