"means","lower.10.","lower.20.","lower.30.","lower.40.","lower.50.","lower.60.","lower.70.","lower.80.","lower.90.","lower.95.","lower.98.","upper.10.","upper.20.","upper.30.","upper.40.","upper.50.","upper.60.","upper.70.","upper.80.","upper.90.","upper.95.","upper.98."
258,249.608032093671,241.080869241924,232.26736965128,222.979268622804,212.95594724668,201.794503574959,188.784477809947,172.414894655242,148.152706512808,127.108876615895,102.640876558307,266.391967906329,274.919130758076,283.73263034872,293.020731377196,303.04405275332,314.205496425041,327.215522190053,343.585105344757,367.847293487192,388.891123384105,413.359123441693
258,246.13196517187,234.072735818365,221.608565165307,208.473206722144,194.298089692006,178.513424675795,160.11446979209,136.964383284314,102.652467760435,72.8919981159486,38.2890205903625,269.86803482813,281.927264181635,294.391434834693,307.526793277856,321.701910307994,337.486575324205,355.885530207909,379.035616715686,413.347532239565,443.108001884051,477.710979409638
