"means","lower.10.","lower.20.","lower.30.","lower.40.","lower.50.","lower.60.","lower.70.","lower.80.","lower.90.","lower.95.","lower.98.","upper.10.","upper.20.","upper.30.","upper.40.","upper.50.","upper.60.","upper.70.","upper.80.","upper.90.","upper.95.","upper.98."
66,22.467477272727,0,0,0,0,0,0,0,0,0,0,109.532522727273,153.766356172098,199.485533785631,247.66666050448,299.661671743717,357.560582432107,425.048834129388,509.964465203326,635.822222110068,744.985056558633,871.910442890792
66,4.4357159547755,0,0,0,0,0,0,0,0,0,0,127.564284045224,190.120371218649,254.777052260251,322.915455116464,396.447505186734,478.328929928885,573.771730780028,693.860567902262,871.850314649633,1026.22987563388,1205.72947839427
