"means","lower.10.","lower.20.","lower.30.","lower.40.","lower.50.","lower.60.","lower.70.","lower.80.","lower.90.","lower.95.","lower.98.","upper.10.","upper.20.","upper.30.","upper.40.","upper.50.","upper.60.","upper.70.","upper.80.","upper.90.","upper.95.","upper.98."
678,653.093680129606,627.786118429757,601.628744803886,574.062812976466,544.314838348342,511.189057910881,472.576915104531,423.994022659411,351.986857549135,289.531380530996,216.913391183883,702.906319870394,728.213881570243,754.371255196114,781.937187023534,811.685161651658,844.810942089119,883.423084895469,932.005977340589,1004.01314245087,1066.468619469,1139.08660881612
678,642.777144650486,606.986847663966,569.994735126199,531.010620476409,488.940631304185,442.093703345335,387.487887316308,318.781301921106,216.947792434114,128.622409790582,25.9250643836293,713.222855349514,749.013152336034,786.005264873801,824.989379523591,867.059368695815,913.906296654665,968.512112683692,1037.21869807889,1139.05220756589,1227.37759020942,1330.07493561637
