"means","lower.10.","lower.20.","lower.30.","lower.40.","lower.50.","lower.60.","lower.70.","lower.80.","lower.90.","lower.95.","lower.98.","upper.10.","upper.20.","upper.30.","upper.40.","upper.50.","upper.60.","upper.70.","upper.80.","upper.90.","upper.95.","upper.98."
9,6.48441758881478,3.92830904233292,1.28636798647027,0,0,0,0,0,0,0,0,11.5155824111852,14.0716909576671,16.7136320135297,19.497839942033,22.5024380573832,25.8482005409171,29.7480953389955,34.6550535068589,41.9279046937596,48.236018469162,55.5705639856348
9,5.44242923683464,1.82754586350222,0,0,0,0,0,0,0,0,0,12.5575707631654,16.1724541364978,19.908723008689,23.8461876216451,28.0953310258539,32.8269537065467,38.3422378218174,45.2817246128073,55.5670893984434,64.4881094526102,74.8607231958487
