"means","lower.10.","lower.20.","lower.30.","lower.40.","lower.50.","lower.60.","lower.70.","lower.80.","lower.90.","lower.95.","lower.98.","upper.10.","upper.20.","upper.30.","upper.40.","upper.50.","upper.60.","upper.70.","upper.80.","upper.90.","upper.95.","upper.98."
295.363636363636,267.446262168795,239.079137936461,209.759463602086,178.860943151846,145.51658141741,108.386053391547,65.1058881644525,10.6495576059423,0,0,0,323.281010558478,351.648134790812,380.967809125187,411.866329575427,445.210691309863,482.341219335726,525.62138456282,580.077715121331,660.790200287913,730.796244195881,812.193399312732
295.363636363636,267.446262168795,239.079137936461,209.759463602086,178.860943151846,145.51658141741,108.386053391547,65.1058881644525,10.6495576059423,0,0,0,323.281010558478,351.648134790812,380.967809125187,411.866329575427,445.210691309863,482.341219335726,525.62138456282,580.077715121331,660.790200287913,730.796244195881,812.193399312732
295.363636363636,267.446262168795,239.079137936461,209.759463602086,178.860943151846,145.51658141741,108.386053391547,65.1058881644525,10.6495576059423,0,0,0,323.281010558478,351.648134790812,380.967809125187,411.866329575427,445.210691309863,482.341219335726,525.62138456282,580.077715121331,660.790200287913,730.796244195881,812.193399312732
295.363636363636,267.446262168795,239.079137936461,209.759463602086,178.860943151846,145.51658141741,108.386053391547,65.1058881644525,10.6495576059423,0,0,0,323.281010558478,351.648134790812,380.967809125187,411.866329575427,445.210691309863,482.341219335726,525.62138456282,580.077715121331,660.790200287913,730.796244195881,812.193399312732
