"means","lower.10.","lower.20.","lower.30.","lower.40.","lower.50.","lower.60.","lower.70.","lower.80.","lower.90.","lower.95.","lower.98.","upper.10.","upper.20.","upper.30.","upper.40.","upper.50.","upper.60.","upper.70.","upper.80.","upper.90.","upper.95.","upper.98."
1579,1562.67300317938,1546.08297777374,1528.93586980083,1510.86540079354,1491.36452351819,1469.64937191421,1444.3377106123,1412.48986096548,1365.28655024214,1324.34471780718,1276.74098962254,1595.32699682062,1611.91702222626,1629.06413019917,1647.13459920646,1666.63547648181,1688.35062808579,1713.6622893877,1745.51013903452,1792.71344975786,1833.65528219282,1881.25901037746
