"means","lower.10.","lower.20.","lower.30.","lower.40.","lower.50.","lower.60.","lower.70.","lower.80.","lower.90.","lower.95.","lower.98.","upper.10.","upper.20.","upper.30.","upper.40.","upper.50.","upper.60.","upper.70.","upper.80.","upper.90.","upper.95.","upper.98."
49,25.6075129746894,1.83817202883246,0,0,0,0,0,0,0,0,0,72.3924870253106,96.1618279711675,120.729328362373,146.619773276318,174.559634088306,205.671994048306,241.937249385794,287.567221500842,355.197713855266,413.857079968325,482.061270007085
49,15.9180275911691,0,0,0,0,0,0,0,0,0,0,82.0819724088309,115.696896743132,150.440588989981,187.055207323155,226.568137414286,270.567658827151,321.854474768349,386.385000184156,482.028959701754,564.985830819051,661.441121382537
49,8.4830239567663,0,0,0,0,0,0,0,0,0,0,89.5169760432337,130.686682223885,173.238841116421,218.082407137937,266.475665620703,320.363853814795,383.177118608782,462.210548659996,579.349997558758,680.95100000636,799.084122442576
49,2.21502594937881,0,0,0,0,0,0,0,0,0,0,95.7849740506212,143.323655942335,192.458656724746,244.239546552636,300.119268176612,362.343988096612,434.874498771587,526.134443001683,661.395427710533,778.714159936651,915.12254001417
