"means","lower.10.","lower.20.","lower.30.","lower.40.","lower.50.","lower.60.","lower.70.","lower.80.","lower.90.","lower.95.","lower.98.","upper.10.","upper.20.","upper.30.","upper.40.","upper.50.","upper.60.","upper.70.","upper.80.","upper.90.","upper.95.","upper.98."
66,63.3309158393585,60.6188326239728,57.8156793684095,54.8615780641317,51.673638284017,48.1237161624588,43.9858483719081,38.7794658401572,31.0628226408143,24.3697854790866,16.5876833398457,68.6690841606415,71.3811673760272,74.1843206315905,77.1384219358683,80.326361715983,83.8762838375412,88.0141516280919,93.2205341598428,100.937177359186,107.630214520913,115.412316660154
79,73.0317463791377,66.9673439488989,60.6993027181097,54.0937313893238,46.9652813328114,39.0274141541771,29.774860492599,18.1330352347364,0.878096482894179,0,0,84.9682536208623,91.0326560511011,97.3006972818903,103.906268610676,111.034718667189,118.972585845823,128.225139507401,139.866964765264,157.121903517106,172.087989586661,189.48929897785
92,82.0132015344144,71.8655153380207,61.3770762530831,50.3238412866536,38.3956628597968,25.1130705311964,9.63058694718853,0,0,0,0,101.986798465586,112.134484661979,122.622923746917,133.676158713346,145.604337140203,158.886929468804,174.369413052811,193.849912711108,222.722947739029,247.765999675159,276.88395962908
105,90.3808239733691,75.5261324243899,60.1726297222297,43.9923505071459,26.5312852117768,7.08756097813682,0,0,0,0,0,119.619176026631,134.47386757561,149.82737027777,166.007649492854,183.468714788223,202.912439021863,225.57647431045,254.093005866858,296.358801351848,333.018075668834,375.642404533549
