"means","lower.10.","lower.20.","lower.30.","lower.40.","lower.50.","lower.60.","lower.70.","lower.80.","lower.90.","lower.95.","lower.98.","upper.10.","upper.20.","upper.30.","upper.40.","upper.50.","upper.60.","upper.70.","upper.80.","upper.90.","upper.95.","upper.98."
1579,1562.67300317938,1546.08297777374,1528.93586980083,1510.86540079354,1491.36452351819,1469.64937191421,1444.3377106123,1412.48986096548,1365.28655024214,1324.34471780718,1276.74098962254,1595.32699682062,1611.91702222626,1629.06413019917,1647.13459920646,1666.63547648181,1688.35062808579,1713.6622893877,1745.51013903452,1792.71344975786,1833.65528219282,1881.25901037746
2123,2086.49172524068,2049.3953006852,2011.05320164026,1970.64640455466,1927.04111734609,1878.48456221787,1821.88596692335,1750.67201017587,1645.12219863544,1553.57347818745,1447.12830598418,2159.50827475932,2196.6046993148,2234.94679835974,2275.35359544534,2318.95888265391,2367.51543778213,2424.11403307665,2495.32798982413,2600.87780136456,2692.42652181255,2798.87169401582
2667,2605.9099717423,2543.8357806365,2479.67717742788,2412.06367358428,2339.09807207839,2257.84741467443,2163.13985019261,2043.97610830873,1867.35749206056,1714.16718230222,1536.05034110218,2728.0900282577,2790.1642193635,2854.32282257212,2921.93632641572,2994.90192792161,3076.15258532557,3170.86014980739,3290.02389169127,3466.64250793944,3619.83281769778,3797.94965889782
3211,3121.57335545033,3030.70604400776,2936.78746568041,2837.8114306805,2731.000726932,2612.06194320055,2473.42426457067,2298.98640797472,2040.44322725373,1816.19557555146,1555.45921807075,3300.42664454967,3391.29395599224,3485.21253431959,3584.1885693195,3690.999273068,3809.93805679945,3948.57573542933,4123.01359202528,4381.55677274627,4605.80442444854,4866.54078192925
