"means","lower.10.","lower.20.","lower.30.","lower.40.","lower.50.","lower.60.","lower.70.","lower.80.","lower.90.","lower.95.","lower.98.","upper.10.","upper.20.","upper.30.","upper.40.","upper.50.","upper.60.","upper.70.","upper.80.","upper.90.","upper.95.","upper.98."
2261,2225.76650339298,2189.96539371787,2152.96210540825,2113.9662131783,2071.88351414529,2025.02243315373,1970.40012003656,1901.67277753747,1799.80850289569,1711.45643606851,1608.72806453132,2296.23349660702,2332.03460628213,2369.03789459175,2408.0337868217,2450.11648585471,2496.97756684627,2551.59987996344,2620.32722246253,2722.19149710431,2810.54356393149,2913.27193546868
