"means","lower.10.","lower.20.","lower.30.","lower.40.","lower.50.","lower.60.","lower.70.","lower.80.","lower.90.","lower.95.","lower.98.","upper.10.","upper.20.","upper.30.","upper.40.","upper.50.","upper.60.","upper.70.","upper.80.","upper.90.","upper.95.","upper.98."
0,0,0,0,0,0,0,0,0,0,0,0,2.33142481443287,4.70040897776384,7.14894213196295,9.72932726432477,12.513968535618,15.6147986426445,19.2291948419063,23.7769305809834,30.5173600153062,36.3636773225218,43.1612846454459
