"means","lower.10.","lower.20.","lower.30.","lower.40.","lower.50.","lower.60.","lower.70.","lower.80.","lower.90.","lower.95.","lower.98.","upper.10.","upper.20.","upper.30.","upper.40.","upper.50.","upper.60.","upper.70.","upper.80.","upper.90.","upper.95.","upper.98."
2,1.3543399963524,0.698278383698833,0.0201866367616594,0,0,0,0,0,0,0,0,2.6456600036476,3.30172161630117,3.97981336323834,4.69441992642627,5.46559276556317,6.32433029199735,7.32529375809432,8.58473436098381,10.4514150560719,12.0704821735419,13.952997595761
2,1.08689886615971,0.159087635792663,0,0,0,0,0,0,0,0,0,2.91310113384029,3.84091236420734,4.79987890925915,5.81048520268035,6.90108829072152,8.11552654712346,9.53110265631777,11.3122206379274,13.9521057935411,16.2418124694594,18.9040913109382
2,0.881684069267255,0,0,0,0,0,0,0,0,0,0,3.11831593073275,4.2546479767443,5.42913733463262,6.6668722094963,8.00258274829855,9.48995977444857,11.2236793542488,13.4050944675685,16.6382802729692,19.4425867812912,22.7031991386067
2,0.708679992704806,0,0,0,0,0,0,0,0,0,0,3.29132000729519,4.60344323260233,5.95962672647668,7.38883985285255,8.93118553112634,10.6486605839947,12.6505875161886,15.1694687219676,18.9028301121439,22.1409643470838,25.905995191522
