"means","lower.10.","lower.20.","lower.30.","lower.40.","lower.50.","lower.60.","lower.70.","lower.80.","lower.90.","lower.95.","lower.98.","upper.10.","upper.20.","upper.30.","upper.40.","upper.50.","upper.60.","upper.70.","upper.80.","upper.90.","upper.95.","upper.98."
487,466.865067860332,446.405761142254,425.259443836062,402.974410575424,378.925355815557,352.145592901861,320.930508569101,281.654804746872,223.442295206723,172.9516246438,114.245308526767,507.134932139668,527.594238857745,548.740556163938,571.025589424576,595.074644184443,621.854407098139,653.069491430899,692.345195253128,750.557704793277,801.0483753562,859.754691473233
