"means","lower.10.","lower.20.","lower.30.","lower.40.","lower.50.","lower.60.","lower.70.","lower.80.","lower.90.","lower.95.","lower.98.","upper.10.","upper.20.","upper.30.","upper.40.","upper.50.","upper.60.","upper.70.","upper.80.","upper.90.","upper.95.","upper.98."
281.222222222222,268.093501136312,254.753275817969,240.965094165239,226.434427558583,210.753553635992,193.292156915014,172.938766447381,147.329553694238,109.372842632976,76.4510564226698,38.1723651941385,294.350943308132,307.691168626475,321.479350279206,336.010016885861,351.690890808453,369.152287529431,389.505677997064,415.114890750207,453.071601811468,485.993388021775,524.272079250306
281.222222222222,268.093501136312,254.753275817969,240.965094165239,226.434427558583,210.753553635992,193.292156915014,172.938766447381,147.329553694238,109.372842632976,76.4510564226698,38.1723651941385,294.350943308132,307.691168626475,321.479350279206,336.010016885861,351.690890808453,369.152287529431,389.505677997064,415.114890750207,453.071601811468,485.993388021775,524.272079250306
281.222222222222,268.093501136312,254.753275817969,240.965094165239,226.434427558583,210.753553635992,193.292156915014,172.938766447381,147.329553694238,109.372842632976,76.4510564226698,38.1723651941385,294.350943308132,307.691168626475,321.479350279206,336.010016885861,351.690890808453,369.152287529431,389.505677997064,415.114890750207,453.071601811468,485.993388021775,524.272079250306
281.222222222222,268.093501136312,254.753275817969,240.965094165239,226.434427558583,210.753553635992,193.292156915014,172.938766447381,147.329553694238,109.372842632976,76.4510564226698,38.1723651941385,294.350943308132,307.691168626475,321.479350279206,336.010016885861,351.690890808453,369.152287529431,389.505677997064,415.114890750207,453.071601811468,485.993388021775,524.272079250306
