"means","lower.10.","lower.20.","lower.30.","lower.40.","lower.50.","lower.60.","lower.70.","lower.80.","lower.90.","lower.95.","lower.98.","upper.10.","upper.20.","upper.30.","upper.40.","upper.50.","upper.60.","upper.70.","upper.80.","upper.90.","upper.95.","upper.98."
136.4,119.415076764482,102.156525722542,84.3184434450275,65.5197915992038,45.2330905490241,22.6428869069474,0,0,0,0,0,153.384923235518,170.643474277458,188.481556554972,207.280208400796,227.566909450976,250.157113093053,276.48875441692,309.619971836185,358.725426924279,401.317085921308,450.839094029962
136.4,119.415076764482,102.156525722542,84.3184434450275,65.5197915992038,45.2330905490241,22.6428869069474,0,0,0,0,0,153.384923235518,170.643474277458,188.481556554972,207.280208400796,227.566909450976,250.157113093053,276.48875441692,309.619971836185,358.725426924279,401.317085921308,450.839094029962
136.4,119.415076764482,102.156525722542,84.3184434450275,65.5197915992038,45.2330905490241,22.6428869069474,0,0,0,0,0,153.384923235518,170.643474277458,188.481556554972,207.280208400796,227.566909450976,250.157113093053,276.48875441692,309.619971836185,358.725426924279,401.317085921308,450.839094029962
