"means","lower.10.","lower.20.","lower.30.","lower.40.","lower.50.","lower.60.","lower.70.","lower.80.","lower.90.","lower.95.","lower.98.","upper.10.","upper.20.","upper.30.","upper.40.","upper.50.","upper.60.","upper.70.","upper.80.","upper.90.","upper.95.","upper.98."
756,719.196034112838,681.799154833388,643.146511984749,602.412448505938,558.45398940307,509.504160622659,452.44715685534,380.656417574934,274.251727434418,181.96152729231,74.654224702722,792.803965887162,830.200845166612,868.853488015251,909.587551494062,953.54601059693,1002.49583937734,1059.55284314466,1131.34358242507,1237.74827256558,1330.03847270769,1437.34577529728
458,375.703830434723,292.081866219519,205.651929299941,114.567794361527,16.2736916213715,0,0,0,0,0,0,540.296169565277,623.918133780481,710.348070700059,801.432205638473,899.726308378629,1009.1814530186,1136.76479203479,1297.29376522074,1535.22188549974,1741.58904667455,1981.53546974701
