"means","lower.10.","lower.20.","lower.30.","lower.40.","lower.50.","lower.60.","lower.70.","lower.80.","lower.90.","lower.95.","lower.98.","upper.10.","upper.20.","upper.30.","upper.40.","upper.50.","upper.60.","upper.70.","upper.80.","upper.90.","upper.95.","upper.98."
3,1.47701262633893,0,0,0,0,0,0,0,0,0,0,4.52298737366107,6.07051013605981,7.66999773469502,9.35561673962346,11.1746646755041,13.2002608138116,15.561340502424,18.5321178856296,22.9352574842035,26.7543244282394,31.194815092931
