"means","lower.10.","lower.20.","lower.30.","lower.40.","lower.50.","lower.60.","lower.70.","lower.80.","lower.90.","lower.95.","lower.98.","upper.10.","upper.20.","upper.30.","upper.40.","upper.50.","upper.60.","upper.70.","upper.80.","upper.90.","upper.95.","upper.98."
0,0,0,0,0,0,0,0,0,0,0,0,0.89299286305869,1.80037187758129,2.73822010589495,3.72657087443663,4.79315675190074,5.98085070539665,7.36525306322792,9.10714734732933,11.6888970745944,13.928179936388,16.5318301968076
0,0,0,0,0,0,0,0,0,0,0,0,1.26288261803998,2.54611032659057,3.87242801051934,5.27016707177285,6.7785472851182,8.45820018210064,10.4160407723269,12.8794512931233,16.5305967720746,19.6974209652128,23.3795384751744
