"means","lower.10.","lower.20.","lower.30.","lower.40.","lower.50.","lower.60.","lower.70.","lower.80.","lower.90.","lower.95.","lower.98.","upper.10.","upper.20.","upper.30.","upper.40.","upper.50.","upper.60.","upper.70.","upper.80.","upper.90.","upper.95.","upper.98."
311.090909090909,285.267550953546,259.028177462826,231.907702395105,203.326806715861,172.483526509041,138.138071368836,98.1042487355447,47.7325584381496,0,0,0,336.914267228272,363.153640718993,390.274115786713,418.855011465957,449.698291672777,484.043746812982,524.077569446273,574.449259743669,649.107692734776,713.862749245409,789.154496716894
