"means","lower.10.","lower.20.","lower.30.","lower.40.","lower.50.","lower.60.","lower.70.","lower.80.","lower.90.","lower.95.","lower.98.","upper.10.","upper.20.","upper.30.","upper.40.","upper.50.","upper.60.","upper.70.","upper.80.","upper.90.","upper.95.","upper.98."
181,173.263785795331,165.402940864136,157.278133728665,148.715810813118,139.475718134802,129.186436759851,117.193022670351,102.102569139132,79.7362437862553,60.3367921217228,37.7807371274471,188.736214204669,196.597059135864,204.721866271335,213.284189186882,222.524281865198,232.813563240149,244.806977329649,259.897430860868,282.263756213745,301.663207878277,324.219262872553
