"means","lower.10.","lower.20.","lower.30.","lower.40.","lower.50.","lower.60.","lower.70.","lower.80.","lower.90.","lower.95.","lower.98.","upper.10.","upper.20.","upper.30.","upper.40.","upper.50.","upper.60.","upper.70.","upper.80.","upper.90.","upper.95.","upper.98."
155,143.961732667856,132.745638398556,121.152914772921,108.935930234292,95.7518830429042,81.0708212900091,63.958250794596,42.4267295835672,10.5137716494686,0,0,166.038267332144,177.254361601444,188.847085227079,201.064069765708,214.248116957096,228.929178709991,246.041749205404,267.573270416433,299.486228350531,327.165960051974,359.349630048483
155,139.389532633782,123.527580001283,107.132993025066,89.8555677992359,71.2105094542078,50.4483528132266,26.2475235315478,0,0,0,0,170.610467366218,186.472419998717,202.867006974934,220.144432200764,238.789490545792,259.551647186773,283.752476468452,314.202645783613,359.334383709458,398.479435684486,443.994018280489
155,135.881160153198,116.454315016289,96.3751286985845,75.2146907623971,52.379251177527,26.9509063124564,0,0,0,0,0,174.118839846802,193.545684983711,213.624871301415,234.785309237603,257.620748822473,283.049093687544,312.688935233703,349.982623935452,405.257488497119,453.200190143893,508.943941751876
