"means","lower.10.","lower.20.","lower.30.","lower.40.","lower.50.","lower.60.","lower.70.","lower.80.","lower.90.","lower.95.","lower.98.","upper.10.","upper.20.","upper.30.","upper.40.","upper.50.","upper.60.","upper.70.","upper.80.","upper.90.","upper.95.","upper.98."
1.00000000000132,0.89117408135106,0.780594972710523,0.6663026874943,0.545855834238574,0.415874741739295,0.271134631362781,0.102422355369288,0,0,0,0,1.10882591865158,1.21940502729212,1.33369731250834,1.45414416576407,1.58412525826335,1.72886536863986,1.89757764463335,2.10985621202266,2.42448502644827,2.69737860111558,3.01467635696061
