"means","lower.10.","lower.20.","lower.30.","lower.40.","lower.50.","lower.60.","lower.70.","lower.80.","lower.90.","lower.95.","lower.98.","upper.10.","upper.20.","upper.30.","upper.40.","upper.50.","upper.60.","upper.70.","upper.80.","upper.90.","upper.95.","upper.98."
18.7777777777778,15.1559953004759,11.475865759672,7.672159794945,3.66362664421949,0,0,0,0,0,0,0,22.3995602550796,26.0796897958835,29.8833957606105,33.8919289113361,38.2177664418911,43.0347916692093,48.6496228829266,55.7143626545994,66.1853712256643,75.2674095778941,85.8272418904511
18.7777777777778,15.1559953004759,11.475865759672,7.672159794945,3.66362664421949,0,0,0,0,0,0,0,22.3995602550796,26.0796897958835,29.8833957606105,33.8919289113361,38.2177664418911,43.0347916692093,48.6496228829266,55.7143626545994,66.1853712256643,75.2674095778941,85.8272418904511
18.7777777777778,15.1559953004759,11.475865759672,7.672159794945,3.66362664421949,0,0,0,0,0,0,0,22.3995602550796,26.0796897958835,29.8833957606105,33.8919289113361,38.2177664418911,43.0347916692093,48.6496228829266,55.7143626545994,66.1853712256643,75.2674095778941,85.8272418904511
