"means","lower.10.","lower.20.","lower.30.","lower.40.","lower.50.","lower.60.","lower.70.","lower.80.","lower.90.","lower.95.","lower.98.","upper.10.","upper.20.","upper.30.","upper.40.","upper.50.","upper.60.","upper.70.","upper.80.","upper.90.","upper.95.","upper.98."
342,313.187704542872,283.911241830197,253.651694004066,221.762688462674,187.349437581097,149.028650801729,104.36109362915,48.1591072026197,0,0,0,370.812295457128,400.088758169803,430.348305995934,462.237311537326,496.650562418903,534.971349198271,579.63890637085,635.84089279738,719.140702925238,791.390865379047,875.397293284067
342,301.253261001429,259.850090374853,217.056627447862,171.958763320634,123.29107719856,69.0973008143711,5.92783566283333,0,0,0,0,382.746738998571,424.149909625147,466.943372552138,512.041236679366,560.70892280144,614.902699185629,678.072164337167,757.553775773874,875.357496999794,977.53465662563,1096.33768629543
342,292.095640385568,241.387319501319,188.9762452524,133.742867451863,74.1373684713573,7.76381878347939,0,0,0,0,0,391.904359614432,442.612680498681,495.0237547476,550.257132548137,609.862631528643,676.236181216521,753.602659689416,850.947355666462,995.226859068752,1120.36781129385,1265.87121258772
