"means","lower.10.","lower.20.","lower.30.","lower.40.","lower.50.","lower.60.","lower.70.","lower.80.","lower.90.","lower.95.","lower.98.","upper.10.","upper.20.","upper.30.","upper.40.","upper.50.","upper.60.","upper.70.","upper.80.","upper.90.","upper.95.","upper.98."
3369.19999999777,3335.88192152427,3302.02708744696,3267.03542943957,3230.15949254482,3190.36455863868,3146.05101260481,3094.39816261547,3029.40708278596,2933.08051224953,2849.53157787389,2752.38788582122,3402.51807847127,3436.37291254857,3471.36457055596,3508.24050745071,3548.03544135685,3592.34898739073,3644.00183738006,3708.99291720957,3805.319487746,3888.86842212164,3986.01211417431
3672.39999999553,3625.2811215461,3577.40315604208,3527.91747871811,3475.76702863634,3419.48849339254,3356.81967559458,3283.77151460444,3191.86024807627,3055.63390560677,2937.47786949092,2800.09594269104,3719.51887844497,3767.39684394898,3816.88252127295,3869.03297135472,3925.31150659852,3987.98032439648,4061.02848538662,4152.93975191479,4289.1660943843,4407.32213050014,4544.70405730002
3975.5999999933,3917.89139526663,3859.25310256292,3798.64577305305,3734.77477677464,3665.84792936536,3589.09461617114,3499.62925563388,3387.0614033304,3220.21888904244,3075.5078897856,2907.25007951555,4033.30860471996,4091.94689742367,4152.55422693354,4216.42522321195,4285.35207062123,4362.10538381545,4451.57074435272,4564.13859665619,4730.98111094416,4875.692110201,5043.94992047105
4278.79999999106,4212.16384304407,4144.45417488945,4074.47085887468,4000.71898508518,3921.1291172729,3832.50202520514,3729.19632522647,3599.21416556745,3406.56102449459,3239.46315574331,3045.17577163798,4345.43615693806,4413.14582509267,4483.12914110745,4556.88101489695,4636.47088270923,4725.09797477699,4828.40367475566,4958.38583441468,5151.03897548754,5318.13684423881,5512.42422834415
