"means","lower.10.","lower.20.","lower.30.","lower.40.","lower.50.","lower.60.","lower.70.","lower.80.","lower.90.","lower.95.","lower.98.","upper.10.","upper.20.","upper.30.","upper.40.","upper.50.","upper.60.","upper.70.","upper.80.","upper.90.","upper.95.","upper.98."
65,59.6628847095362,54.2397882739534,48.6345876877778,42.7275505575396,36.3529287316625,29.254485035391,20.9803819626885,10.5696709675234,0,0,0,70.3371152904638,75.7602117260466,81.3654123122222,87.2724494424604,93.6470712683375,100.745514964609,109.019618037312,119.430329032477,134.860570992463,148.244004719376,163.805138733716
