"means","lower.10.","lower.20.","lower.30.","lower.40.","lower.50.","lower.60.","lower.70.","lower.80.","lower.90.","lower.95.","lower.98.","upper.10.","upper.20.","upper.30.","upper.40.","upper.50.","upper.60.","upper.70.","upper.80.","upper.90.","upper.95.","upper.98."
4686,4655.54973781765,4624.60892066896,4592.62913043683,4558.92724851233,4522.55761897517,4482.05831178869,4434.85142301531,4375.45437759755,4287.41900874234,4211.06145532527,4122.27929777323,4716.45026218235,4747.39107933104,4779.37086956317,4813.07275148767,4849.44238102483,4889.94168821131,4937.14857698469,4996.54562240245,5084.58099125766,5160.93854467473,5249.72070222677
5772,5703.91114382757,5634.72537340372,5563.21638853849,5487.85668958564,5406.53172562405,5315.97252171344,5210.41470940989,5077.59887819314,4880.74580900863,4710.00512897248,4511.48218949701,5840.08885617243,5909.27462659628,5980.78361146151,6056.14331041436,6137.46827437595,6228.02747828656,6333.58529059011,6466.40112180686,6663.25419099137,6833.99487102752,7032.51781050299
