"means","lower.10.","lower.20.","lower.30.","lower.40.","lower.50.","lower.60.","lower.70.","lower.80.","lower.90.","lower.95.","lower.98.","upper.10.","upper.20.","upper.30.","upper.40.","upper.50.","upper.60.","upper.70.","upper.80.","upper.90.","upper.95.","upper.98."
2,1.31941459813366,0.627864937670848,0,0,0,0,0,0,0,0,0,2.68058540186634,3.37213506232915,4.08690652329048,4.84016798015011,5.65305552726052,6.55824435919088,7.61335249501859,8.94091945596073,10.908573676209,12.6152202681718,14.5995657563738
