"means","lower.10.","lower.20.","lower.30.","lower.40.","lower.50.","lower.60.","lower.70.","lower.80.","lower.90.","lower.95.","lower.98.","upper.10.","upper.20.","upper.30.","upper.40.","upper.50.","upper.60.","upper.70.","upper.80.","upper.90.","upper.95.","upper.98."
1.45454545454545,1.14487940136129,0.830224615423909,0.50500392065497,0.162270294982402,0,0,0,0,0,0,0,1.76421150772961,2.078866293667,2.40408698843594,2.74682061410851,3.11668408415347,3.52854459747271,4.00861832695366,4.61266069989509,5.50794248928483,6.28446592464514,7.18734223348194
1.45454545454545,1.14487940136129,0.830224615423909,0.50500392065497,0.162270294982402,0,0,0,0,0,0,0,1.76421150772961,2.078866293667,2.40408698843594,2.74682061410851,3.11668408415347,3.52854459747271,4.00861832695366,4.61266069989509,5.50794248928483,6.28446592464514,7.18734223348194
1.45454545454545,1.14487940136129,0.830224615423909,0.50500392065497,0.162270294982402,0,0,0,0,0,0,0,1.76421150772961,2.078866293667,2.40408698843594,2.74682061410851,3.11668408415347,3.52854459747271,4.00861832695366,4.61266069989509,5.50794248928483,6.28446592464514,7.18734223348194
1.45454545454545,1.14487940136129,0.830224615423909,0.50500392065497,0.162270294982402,0,0,0,0,0,0,0,1.76421150772961,2.078866293667,2.40408698843594,2.74682061410851,3.11668408415347,3.52854459747271,4.00861832695366,4.61266069989509,5.50794248928483,6.28446592464514,7.18734223348194
