"means","lower.10.","lower.20.","lower.30.","lower.40.","lower.50.","lower.60.","lower.70.","lower.80.","lower.90.","lower.95.","lower.98.","upper.10.","upper.20.","upper.30.","upper.40.","upper.50.","upper.60.","upper.70.","upper.80.","upper.90.","upper.95.","upper.98."
1379.20000001024,1308.74639160657,1237.15777269654,1163.16525321171,1085.18828285408,1001.03887153364,907.33451154985,798.110635719891,660.682059468654,456.992207281047,280.321637586371,74.9039198686685,1449.65360841391,1521.24222732393,1595.23474680877,1673.21171716639,1757.36112848683,1851.06548847062,1960.28936430058,2097.71794055182,2301.40779273943,2478.0783624341,2683.4960801518
