"means","lower.10.","lower.20.","lower.30.","lower.40.","lower.50.","lower.60.","lower.70.","lower.80.","lower.90.","lower.95.","lower.98.","upper.10.","upper.20.","upper.30.","upper.40.","upper.50.","upper.60.","upper.70.","upper.80.","upper.90.","upper.95.","upper.98."
19,14.1925215429318,9.30759441174325,4.25863451504898,0,0,0,0,0,0,0,0,23.8074784570682,28.6924055882567,33.741365484951,39.0622087126517,44.8042351505326,51.1982538837444,58.6512636294122,68.0288517286324,81.9278499276277,93.9831580523551,108.000059031646
19,12.2011987651977,5.29286856506653,0,0,0,0,0,0,0,0,0,25.7988012348023,32.7071314349335,39.8474389967164,47.3722476525917,55.4926993165477,64.5352073271235,75.0753547899458,88.3372670622115,107.99341881863,125.042199067206,144.86509053456
19,10.6732030560651,2.2122610735748,0,0,0,0,0,0,0,0,0,27.3267969439349,35.7877389264252,44.5327939928774,53.7487648023638,63.6942463311771,74.7690116416472,87.6780031904499,103.920462230753,127.994233285721,148.874639458646,173.15262411944
