"means","lower.10.","lower.20.","lower.30.","lower.40.","lower.50.","lower.60.","lower.70.","lower.80.","lower.90.","lower.95.","lower.98.","upper.10.","upper.20.","upper.30.","upper.40.","upper.50.","upper.60.","upper.70.","upper.80.","upper.90.","upper.95.","upper.98."
121,97.421194577169,73.4625336368045,48.6993560053374,22.6026967541894,0,0,0,0,0,0,0,144.578805422831,168.537466363195,193.300643994663,219.397303245811,247.559701750683,278.919867984747,315.473971799647,361.467381255674,429.63654249748,488.763123536507,557.510551896975
121,87.6545335864761,53.7718703483142,18.7514486944392,0,0,0,0,0,0,0,0,154.345466413524,188.228129651686,223.248551305561,260.154800751164,299.98244666571,344.332419072197,396.027728447623,461.072231880116,557.477984243876,641.09559704602,738.319142611667
121,80.1603110258761,38.6626929958489,0,0,0,0,0,0,0,0,0,161.839688974124,203.337307004151,246.228388818705,291.429128549506,340.207833622947,394.525234874151,457.838799906705,537.501721897863,655.574172678026,757.98441511546,877.058453925492
121,73.842389154338,25.9250672736091,0,0,0,0,0,0,0,0,0,168.157610845662,216.074932726391,265.601287989325,317.794606491621,374.119403501366,436.839735969493,509.947943599293,601.934762511348,738.273084994959,856.526247073014,994.02110379395
