"means","lower.10.","lower.20.","lower.30.","lower.40.","lower.50.","lower.60.","lower.70.","lower.80.","lower.90.","lower.95.","lower.98.","upper.10.","upper.20.","upper.30.","upper.40.","upper.50.","upper.60.","upper.70.","upper.80.","upper.90.","upper.95.","upper.98."
1100,1088.84193751812,1077.50411819434,1065.78558206382,1053.43601009566,1040.1088802211,1025.26848911532,1007.97020079997,986.205004164177,953.94570404981,925.965572158371,893.432622021217,1111.15806248188,1122.49588180566,1134.21441793618,1146.56398990434,1159.8911197789,1174.73151088468,1192.02979920003,1213.79499583582,1246.05429595019,1274.03442784163,1306.56737797878
