"means","lower.10.","lower.20.","lower.30.","lower.40.","lower.50.","lower.60.","lower.70.","lower.80.","lower.90.","lower.95.","lower.98.","upper.10.","upper.20.","upper.30.","upper.40.","upper.50.","upper.60.","upper.70.","upper.80.","upper.90.","upper.95.","upper.98."
0,0,0,0,0,0,0,0,0,0,0,0,0,0,0,11.2919540680766,23.5871873357166,37.278512635764,53.2374244172291,73.3173795367512,103.078897859928,128.892576551645,158.906556649827
0,0,0,0,0,0,0,0,0,0,0,0,0,0,0,0,0,4.16987429719025,26.7391837792539,55.1365286411252,97.2256714905769,133.731725991144,176.17790370679
