"means","lower.10.","lower.20.","lower.30.","lower.40.","lower.50.","lower.60.","lower.70.","lower.80.","lower.90.","lower.95.","lower.98.","upper.10.","upper.20.","upper.30.","upper.40.","upper.50.","upper.60.","upper.70.","upper.80.","upper.90.","upper.95.","upper.98."
3397.55555555242,3364.29864787437,3330.50597005652,3295.5785554765,3258.77032147747,3219.04844964074,3174.81626168584,3123.25824447395,3058.38648593283,2962.2367675203,2878.84122598749,2781.87588626448,3430.81246323047,3464.60514104832,3499.53255562834,3536.34078962737,3576.06266146411,3620.294849419,3671.85286663089,3736.72462517201,3832.87434358454,3916.26988511735,4013.23522484036
