"means","lower.10.","lower.20.","lower.30.","lower.40.","lower.50.","lower.60.","lower.70.","lower.80.","lower.90.","lower.95.","lower.98.","upper.10.","upper.20.","upper.30.","upper.40.","upper.50.","upper.60.","upper.70.","upper.80.","upper.90.","upper.95.","upper.98."
252,205.486857556457,158.224386490105,109.37487151799,57.8948407326345,2.33979331956402,0,0,0,0,0,0,298.513142443543,345.775613509895,394.62512848201,446.105159267366,501.660206680436,563.523386470103,635.63247796768,726.362180644684,860.837267496485,977.474350535688,1113.09016612155
252,186.220483127751,119.381255554449,50.2976089655355,0,0,0,0,0,0,0,0,317.779516872249,384.618744445551,453.702391034464,526.506148762498,605.072850272343,692.560598142415,794.538253308691,922.849429344588,1113.02592097171,1277.97566568138,1469.7653913552
252,171.436874068096,89.5758728899191,4.96603103311884,0,0,0,0,0,0,0,0,332.563125931904,414.424127110081,499.033968966881,588.199997862326,684.424162598662,791.574333112134,916.47094327357,1073.61939806576,1306.53708084532,1508.55843471584,1743.45191762046
