"means","lower.10.","lower.20.","lower.30.","lower.40.","lower.50.","lower.60.","lower.70.","lower.80.","lower.90.","lower.95.","lower.98.","upper.10.","upper.20.","upper.30.","upper.40.","upper.50.","upper.60.","upper.70.","upper.80.","upper.90.","upper.95.","upper.98."
36,27.4957741590137,18.8545448927003,9.92314860938628,0.510802225114688,0,0,0,0,0,0,0,44.5042258409863,53.1454551072997,62.0768513906137,71.4891977748853,81.646599424987,92.9573478400494,106.141406518262,122.72996281689,147.316702144641,168.642031793207,193.437336147275
