"means","lower.10.","lower.20.","lower.30.","lower.40.","lower.50.","lower.60.","lower.70.","lower.80.","lower.90.","lower.95.","lower.98.","upper.10.","upper.20.","upper.30.","upper.40.","upper.50.","upper.60.","upper.70.","upper.80.","upper.90.","upper.95.","upper.98."
640.444444444444,615.841192118041,590.841580392683,565.002497506804,537.771996176552,508.386003794546,475.663307753824,437.521009041239,389.529287751468,318.398327347196,256.702827239621,184.968475290384,665.047696770848,690.047308496206,715.886391382085,743.116892712337,772.502885094343,805.225581135065,843.36787984765,891.359601137421,962.490561541693,1024.18606164927,1095.9204135985
640.444444444444,615.841192118041,590.841580392683,565.002497506804,537.771996176552,508.386003794546,475.663307753824,437.521009041239,389.529287751468,318.398327347196,256.702827239621,184.968475290384,665.047696770848,690.047308496206,715.886391382085,743.116892712337,772.502885094343,805.225581135065,843.36787984765,891.359601137421,962.490561541693,1024.18606164927,1095.9204135985
640.444444444444,615.841192118041,590.841580392683,565.002497506804,537.771996176552,508.386003794546,475.663307753824,437.521009041239,389.529287751468,318.398327347196,256.702827239621,184.968475290384,665.047696770848,690.047308496206,715.886391382085,743.116892712337,772.502885094343,805.225581135065,843.36787984765,891.359601137421,962.490561541693,1024.18606164927,1095.9204135985
