"means","lower.10.","lower.20.","lower.30.","lower.40.","lower.50.","lower.60.","lower.70.","lower.80.","lower.90.","lower.95.","lower.98.","upper.10.","upper.20.","upper.30.","upper.40.","upper.50.","upper.60.","upper.70.","upper.80.","upper.90.","upper.95.","upper.98."
32,28.0501471049104,24.0366619185007,19.8884064362887,15.5167699921665,10.7990869173731,5.54572309470176,0,0,0,0,0,35.9498528950896,39.9633380814993,44.1115935637113,48.4832300078335,53.2009130826269,58.4542769052982,64.5777140426557,72.2823962026359,83.7018957938263,93.6066086537754,105.122977870539
