"means","lower.10.","lower.20.","lower.30.","lower.40.","lower.50.","lower.60.","lower.70.","lower.80.","lower.90.","lower.95.","lower.98.","upper.10.","upper.20.","upper.30.","upper.40.","upper.50.","upper.60.","upper.70.","upper.80.","upper.90.","upper.95.","upper.98."
534.339596941734,492.983073563534,450.96029490609,407.526417902183,361.753653800741,312.357644492094,257.352845701588,193.238034883976,112.566962736719,0,0,0,575.696120319935,617.718898977379,661.152775981286,706.925540082727,756.321549391375,811.326348181881,875.441158999492,956.11223114675,1075.67891232557,1179.38517679331,1299.96612129816
