"means","lower.10.","lower.20.","lower.30.","lower.40.","lower.50.","lower.60.","lower.70.","lower.80.","lower.90.","lower.95.","lower.98.","upper.10.","upper.20.","upper.30.","upper.40.","upper.50.","upper.60.","upper.70.","upper.80.","upper.90.","upper.95.","upper.98."
3514,3472.45291128365,3430.23649727267,3386.60248276246,3340.61880387523,3290.99518435062,3235.73693079106,3171.32668748527,3090.28389380808,2970.16626532592,2865.98213623749,2744.84557083932,3555.54708871635,3597.76350272733,3641.39751723754,3687.38119612477,3737.00481564938,3792.26306920894,3856.67331251473,3937.71610619192,4057.83373467408,4162.01786376251,4283.15442916068
