"means","lower.10.","lower.20.","lower.30.","lower.40.","lower.50.","lower.60.","lower.70.","lower.80.","lower.90.","lower.95.","lower.98.","upper.10.","upper.20.","upper.30.","upper.40.","upper.50.","upper.60.","upper.70.","upper.80.","upper.90.","upper.95.","upper.98."
3623.79832549069,3580.3990905541,3536.3006921717,3490.7214974444,3442.6878916026,3390.85207858438,3333.13044266449,3265.84882636075,3181.19318979555,3055.72078391621,2946.89218401498,2820.35541757586,3667.19756042728,3711.29595880967,3756.87515353698,3804.90875937878,3856.744572397,3914.46620831689,3981.74782462063,4066.40346118583,4191.87586706517,4300.70446696639,4427.24123340552
4155.38246359059,4081.96494613207,4007.36466947137,3930.25936267214,3849.00198335109,3761.31249498102,3663.66609132725,3549.84728215159,3406.63723053272,3194.37836093125,3010.27544656171,2796.21602194828,4228.79998104912,4303.40025770982,4380.50556450905,4461.7629438301,4549.45243220017,4647.09883585394,4760.9176450296,4904.12769664847,5116.38656624994,5300.48948061948,5514.54890523291
