"means","lower.10.","lower.20.","lower.30.","lower.40.","lower.50.","lower.60.","lower.70.","lower.80.","lower.90.","lower.95.","lower.98.","upper.10.","upper.20.","upper.30.","upper.40.","upper.50.","upper.60.","upper.70.","upper.80.","upper.90.","upper.95.","upper.98."
3430.62499999629,3397.66434040742,3364.17268324755,3329.55639740895,3293.07604623937,3253.70801152857,3209.86983799283,3158.7710927081,3094.47720312267,2999.18397355242,2916.53130835869,2820.42972292358,3463.58565958517,3497.07731674503,3531.69360258364,3568.17395375321,3607.54198846402,3651.38016199976,3702.47890728448,3766.77279686991,3862.06602644017,3944.7186916339,4040.82027706901
