"means","lower.10.","lower.20.","lower.30.","lower.40.","lower.50.","lower.60.","lower.70.","lower.80.","lower.90.","lower.95.","lower.98.","upper.10.","upper.20.","upper.30.","upper.40.","upper.50.","upper.60.","upper.70.","upper.80.","upper.90.","upper.95.","upper.98."
3653.99999999696,3608.60649983131,3562.48170852564,3514.8080758815,3464.56724795165,3410.34949525931,3349.97545655749,3279.60214086908,3191.05644051145,3059.81837409417,2945.98892353217,2813.63758746123,3699.3935001626,3745.51829146827,3793.19192411242,3843.43275204226,3897.6505047346,3958.02454343642,4028.39785912484,4116.94355948246,4248.18162589975,4362.01107646174,4494.36241253269
3983.99999999391,3919.80389641607,3854.57359098997,3787.15289313702,3716.10163289378,3639.42615171488,3554.04436736754,3454.52146989181,3329.29893955624,3143.70028612929,2982.72113334704,2795.54807887731,4048.19610357175,4113.42640899786,4180.8471068508,4251.89836709404,4328.57384827294,4413.95563262029,4513.47853009601,4638.70106043159,4824.29971385853,4985.27886664079,5172.45192111051
4313.99999999087,4235.37615137059,4155.48566934066,4072.91251541962,3985.8928488308,3891.98494649546,3787.41404400579,3665.52388573637,3512.15823392519,3284.84723500335,3087.68884323233,2858.44960470783,4392.62384861115,4472.51433064108,4555.08748456212,4642.10715115094,4736.01505348627,4840.58595597595,4962.47611424537,5115.84176605655,5343.15276497838,5540.31115674941,5769.55039527391
