"means","lower.10.","lower.20.","lower.30.","lower.40.","lower.50.","lower.60.","lower.70.","lower.80.","lower.90.","lower.95.","lower.98.","upper.10.","upper.20.","upper.30.","upper.40.","upper.50.","upper.60.","upper.70.","upper.80.","upper.90.","upper.95.","upper.98."
252,208.145708007593,163.584921581642,117.52781211253,68.9905561191433,16.6112253985403,0,0,0,0,0,0,295.854291992407,340.415078418358,386.47218788747,435.009443880857,487.38877460146,545.715643257299,613.702732232858,699.24601450864,826.03404504563,936.003753133027,1063.86730444457
252,189.980665496068,126.962196982477,61.8276081275568,0,0,0,0,0,0,0,0,314.019334503932,377.037803017523,442.172391872443,510.814437578665,584.889997471768,667.37664617561,763.524909471111,884.501379435433,1063.80673176742,1219.32738439482,1400.1537527928
252,176.042138139189,98.8605920242167,19.0873383739537,0,0,0,0,0,0,0,0,327.957861860811,405.139407975783,484.912661626046,568.981655066569,659.705317141107,760.730417099417,878.487509463791,1026.65282061165,1246.25613129331,1436.7292529942,1658.19542030199
