"means","lower.10.","lower.20.","lower.30.","lower.40.","lower.50.","lower.60.","lower.70.","lower.80.","lower.90.","lower.95.","lower.98.","upper.10.","upper.20.","upper.30.","upper.40.","upper.50.","upper.60.","upper.70.","upper.80.","upper.90.","upper.95.","upper.98."
29,0,0,0,0,0,0,0,0,0,0,0,59.5913620103149,90.6755521109465,122.803529668131,156.661578712409,193.199737125944,233.886709208124,281.312344337267,340.984622619678,429.427928041264,506.139305592466,595.332860165713
