"means","lower.10.","lower.20.","lower.30.","lower.40.","lower.50.","lower.60.","lower.70.","lower.80.","lower.90.","lower.95.","lower.98.","upper.10.","upper.20.","upper.30.","upper.40.","upper.50.","upper.60.","upper.70.","upper.80.","upper.90.","upper.95.","upper.98."
970.125000000913,955.516679438166,940.673018235037,925.330916270768,909.162651716178,891.714552128544,872.285265825318,849.638059707958,821.142703091768,778.908292057967,742.276239071898,699.683560887203,984.733320563659,999.576981766788,1014.91908373106,1031.08734828565,1048.53544787328,1067.96473417651,1090.61194029387,1119.10729691006,1161.34170794386,1197.97376092993,1240.56643911462
