"means","lower.10.","lower.20.","lower.30.","lower.40.","lower.50.","lower.60.","lower.70.","lower.80.","lower.90.","lower.95.","lower.98.","upper.10.","upper.20.","upper.30.","upper.40.","upper.50.","upper.60.","upper.70.","upper.80.","upper.90.","upper.95.","upper.98."
2.39999999998887,2.0017418511504,1.59706774728258,1.17880494278456,0.738018947995919,0.262341554918935,0,0,0,0,0,0,2.79825814882734,3.20293225269517,3.62119505719318,4.06198105198182,4.53765844505881,5.06734777951302,5.68476539065608,6.46161772817912,7.61302991709962,8.61170827630733,9.77288769423212
2.39999999998887,2.0017418511504,1.59706774728258,1.17880494278456,0.738018947995919,0.262341554918935,0,0,0,0,0,0,2.79825814882734,3.20293225269517,3.62119505719318,4.06198105198182,4.53765844505881,5.06734777951302,5.68476539065608,6.46161772817912,7.61302991709962,8.61170827630733,9.77288769423212
