"means","lower.10.","lower.20.","lower.30.","lower.40.","lower.50.","lower.60.","lower.70.","lower.80.","lower.90.","lower.95.","lower.98.","upper.10.","upper.20.","upper.30.","upper.40.","upper.50.","upper.60.","upper.70.","upper.80.","upper.90.","upper.95.","upper.98."
94,88.4183159094822,82.7467106604964,76.8846564920358,70.706934374835,64.040200888275,56.6164770055046,47.963220148429,37.0754471155847,20.9381273513316,6.94140907854351,0,99.5816840905178,105.253289339504,111.115343507964,117.293065625165,123.959799111725,131.383522994495,140.036779851571,150.924552884415,167.061872648668,181.058590921456,197.332800757892
94,88.4183159094822,82.7467106604964,76.8846564920358,70.706934374835,64.040200888275,56.6164770055046,47.963220148429,37.0754471155847,20.9381273513316,6.94140907854351,0,99.5816840905178,105.253289339504,111.115343507964,117.293065625165,123.959799111725,131.383522994495,140.036779851571,150.924552884415,167.061872648668,181.058590921456,197.332800757892
94,88.4183159094822,82.7467106604964,76.8846564920358,70.706934374835,64.040200888275,56.6164770055046,47.963220148429,37.0754471155847,20.9381273513316,6.94140907854351,0,99.5816840905178,105.253289339504,111.115343507964,117.293065625165,123.959799111725,131.383522994495,140.036779851571,150.924552884415,167.061872648668,181.058590921456,197.332800757892
94,88.4183159094822,82.7467106604964,76.8846564920358,70.706934374835,64.040200888275,56.6164770055046,47.963220148429,37.0754471155847,20.9381273513316,6.94140907854351,0,99.5816840905178,105.253289339504,111.115343507964,117.293065625165,123.959799111725,131.383522994495,140.036779851571,150.924552884415,167.061872648668,181.058590921456,197.332800757892
