"means","lower.10.","lower.20.","lower.30.","lower.40.","lower.50.","lower.60.","lower.70.","lower.80.","lower.90.","lower.95.","lower.98.","upper.10.","upper.20.","upper.30.","upper.40.","upper.50.","upper.60.","upper.70.","upper.80.","upper.90.","upper.95.","upper.98."
0,0,0,0,0,0,0,0,0,0,0,0,0.948723299908473,1.91273057089267,2.90910859672756,3.95914095576144,5.09229096755165,6.35410724118061,7.82490821580882,9.67551168832032,12.4183848087158,14.7974181850775,17.5635586203011
