"means","lower.10.","lower.20.","lower.30.","lower.40.","lower.50.","lower.60.","lower.70.","lower.80.","lower.90.","lower.95.","lower.98.","upper.10.","upper.20.","upper.30.","upper.40.","upper.50.","upper.60.","upper.70.","upper.80.","upper.90.","upper.95.","upper.98."
71,53.0423884616702,34.7954790686683,15.9358499913631,0,0,0,0,0,0,0,0,88.9576115383298,107.204520931332,126.064150008637,145.939358310178,167.387833042848,191.271726773252,219.111321895579,254.139889523308,306.057503436385,351.088290825654,403.446312812681
71,45.6041022146664,19.79907547969,0,0,0,0,0,0,0,0,0,96.3958977853336,122.20092452031,148.872467742761,176.980256877791,207.31298073695,241.089907172764,280.461040165736,329.998915575372,403.421509297296,467.104659547539,541.150084340622
71,39.8965044330277,8.29193028324254,0,0,0,0,0,0,0,0,0,102.103495566972,133.708069716757,166.373905490553,200.798776079837,237.94862406168,279.316741485315,327.536334699332,388.20759354692,478.131538652115,556.12715031516,646.8139045805
