"means","lower.10.","lower.20.","lower.30.","lower.40.","lower.50.","lower.60.","lower.70.","lower.80.","lower.90.","lower.95.","lower.98.","upper.10.","upper.20.","upper.30.","upper.40.","upper.50.","upper.60.","upper.70.","upper.80.","upper.90.","upper.95.","upper.98."
0,0,0,0,0,0,0,0,0,0,0,0,0.941297127180099,1.89775858949023,2.88633742316517,3.9281506084217,5.05243083940698,6.30437019149271,7.76365840777746,9.59977620144042,12.3211793636658,14.6815907532151,17.4260791043539
0,0,0,0,0,0,0,0,0,0,0,0,1.33119516348093,2.68383593536712,4.08189752942519,5.55524386547409,7.14521621604144,8.91572582702965,10.9794710139108,13.5761336998235,17.4247789605276,20.7629047604082,24.6441974083637
0,0,0,0,0,0,0,0,0,0,0,0,1.63037444929455,3.28701429749733,4.9992830647095,6.80375643356898,8.75106691558076,10.9194894813881,13.4470508148799,16.6273001221854,21.3409086670383,25.429261120502,30.1828543854553
0,0,0,0,0,0,0,0,0,0,0,0,1.8825942543602,3.79551717898047,5.77267484633034,7.8563012168434,10.104861678814,12.6087403829854,15.5273168155549,19.1995524028808,24.6423587273315,29.3631815064302,34.8521582087078
