"means","lower.10.","lower.20.","lower.30.","lower.40.","lower.50.","lower.60.","lower.70.","lower.80.","lower.90.","lower.95.","lower.98.","upper.10.","upper.20.","upper.30.","upper.40.","upper.50.","upper.60.","upper.70.","upper.80.","upper.90.","upper.95.","upper.98."
19.8888888886342,16.2853186411187,12.6236947298662,8.83911580203429,4.85073966717177,0.546654726016715,0,0,0,0,0,0,23.4924591361496,27.1540830474022,30.9386619752341,34.9270381100966,39.2311230512517,44.0239257387358,49.6105226239375,56.6397371632396,67.0580919884248,76.0944610685666,86.6011929826908
19.8888888886342,16.2853186411187,12.6236947298662,8.83911580203429,4.85073966717177,0.546654726016715,0,0,0,0,0,0,23.4924591361496,27.1540830474022,30.9386619752341,34.9270381100966,39.2311230512517,44.0239257387358,49.6105226239375,56.6397371632396,67.0580919884248,76.0944610685666,86.6011929826908
