"means","lower.10.","lower.20.","lower.30.","lower.40.","lower.50.","lower.60.","lower.70.","lower.80.","lower.90.","lower.95.","lower.98.","upper.10.","upper.20.","upper.30.","upper.40.","upper.50.","upper.60.","upper.70.","upper.80.","upper.90.","upper.95.","upper.98."
8,4.84092182563746,1.63095077297459,0,0,0,0,0,0,0,0,0,11.1590781743625,14.3690492270254,17.6868090787473,21.1832282223673,24.9564142196654,29.1580357572215,34.055538810248,40.2177159592383,49.3509907618314,57.2727445714713,66.4834953530531
