"means","lower.10.","lower.20.","lower.30.","lower.40.","lower.50.","lower.60.","lower.70.","lower.80.","lower.90.","lower.95.","lower.98.","upper.10.","upper.20.","upper.30.","upper.40.","upper.50.","upper.60.","upper.70.","upper.80.","upper.90.","upper.95.","upper.98."
147.555555555556,137.875734048445,128.039970221855,117.873927662745,107.160450073317,95.5989232762341,82.7246149245012,67.7180361799314,48.8363334789672,20.850805744337,0,0,157.235377062666,167.071140889256,177.237183448366,187.950661037794,199.512187834877,212.38649618661,227.39307493118,246.274777632144,274.260305366774,298.533577083469,326.756501174348
147.555555555556,137.875734048445,128.039970221855,117.873927662745,107.160450073317,95.5989232762341,82.7246149245012,67.7180361799314,48.8363334789672,20.850805744337,0,0,157.235377062666,167.071140889256,177.237183448366,187.950661037794,199.512187834877,212.38649618661,227.39307493118,246.274777632144,274.260305366774,298.533577083469,326.756501174348
147.555555555556,137.875734048445,128.039970221855,117.873927662745,107.160450073317,95.5989232762341,82.7246149245012,67.7180361799314,48.8363334789672,20.850805744337,0,0,157.235377062666,167.071140889256,177.237183448366,187.950661037794,199.512187834877,212.38649618661,227.39307493118,246.274777632144,274.260305366774,298.533577083469,326.756501174348
147.555555555556,137.875734048445,128.039970221855,117.873927662745,107.160450073317,95.5989232762341,82.7246149245012,67.7180361799314,48.8363334789672,20.850805744337,0,0,157.235377062666,167.071140889256,177.237183448366,187.950661037794,199.512187834877,212.38649618661,227.39307493118,246.274777632144,274.260305366774,298.533577083469,326.756501174348
