"means","lower.10.","lower.20.","lower.30.","lower.40.","lower.50.","lower.60.","lower.70.","lower.80.","lower.90.","lower.95.","lower.98.","upper.10.","upper.20.","upper.30.","upper.40.","upper.50.","upper.60.","upper.70.","upper.80.","upper.90.","upper.95.","upper.98."
2386,2320.59923836081,2254.14486778283,2185.45900144389,2113.07444418337,2034.96012588879,1947.97612818154,1846.58565535387,1719.01328877864,1529.93182406619,1365.93185189927,1175.24644206266,2451.40076163919,2517.85513221717,2586.54099855611,2658.92555581663,2737.03987411121,2824.02387181846,2925.41434464613,3052.98671122136,3242.06817593381,3406.06814810073,3596.75355793734
2386,2293.50935590033,2199.52868374998,2102.3922000301,2000.02497744591,1889.55464909819,1766.54069983116,1623.15291806285,1442.73834706813,1175.33677527841,943.405790411139,673.735897673537,2478.49064409967,2572.47131625002,2669.6077999699,2771.97502255409,2882.44535090181,3005.45930016884,3148.84708193715,3329.26165293187,3596.66322472159,3828.59420958886,4098.26410232646
2386,2272.72255798722,2157.62021176115,2038.65280150022,1913.27907064163,1777.98110255681,1627.32039908239,1451.70694874143,1230.74512819134,903.246424539836,619.19014030684,288.913322207741,2499.27744201278,2614.37978823885,2733.34719849978,2858.72092935837,2994.01889744319,3144.67960091761,3320.29305125857,3541.25487180866,3868.75357546016,4152.80985969316,4483.08667779226
2386,2255.19847672162,2122.28973556566,1984.91800288778,1840.14888836675,1683.92025177758,1509.95225636307,1307.17131070774,1052.02657755729,673.863648132388,345.863703798538,0,2516.80152327838,2649.71026443434,2787.08199711222,2931.85111163325,3088.07974822242,3262.04774363693,3464.82868929226,3719.97342244271,4098.13635186761,4426.13629620146,4807.50711587468
