"means","lower.10.","lower.20.","lower.30.","lower.40.","lower.50.","lower.60.","lower.70.","lower.80.","lower.90.","lower.95.","lower.98.","upper.10.","upper.20.","upper.30.","upper.40.","upper.50.","upper.60.","upper.70.","upper.80.","upper.90.","upper.95.","upper.98."
78,69.3380121382999,60.5364792986813,51.4393965493917,41.8524415866314,31.5066098266662,19.986035548661,6.55739920080768,0,0,0,0,86.6619878617001,95.4635207013187,104.560603450608,114.147558413369,124.493390173334,136.013964451339,149.442600799192,166.338891653713,191.381739950305,213.102676107994,238.357958523822
78,65.7500992888726,53.3028521774117,40.437634375336,26.8796326451405,12.2484170561673,0,0,0,0,0,0,90.2499007111274,102.697147822588,115.562365624664,129.12036735486,143.751582943833,160.044135334114,179.035094981425,202.930058661689,238.34599436318,269.064036864824,304.780399778852
78,62.9969969289905,47.7522948662851,31.9956853438571,15.3905922584818,0,0,0,0,0,0,0,93.0030030710095,108.247705133715,124.004314656143,140.609407741518,158.528913996338,178.483133978214,201.742214409062,231.007448628554,274.38293424449,312.004699257567,355.748131561283
