"means","lower.10.","lower.20.","lower.30.","lower.40.","lower.50.","lower.60.","lower.70.","lower.80.","lower.90.","lower.95.","lower.98.","upper.10.","upper.20.","upper.30.","upper.40.","upper.50.","upper.60.","upper.70.","upper.80.","upper.90.","upper.95.","upper.98."
1.59999999998614,1.27989911188706,0.95464138541846,0.618461710076951,0.264178969585657,0,0,0,0,0,0,0,1.92010088808522,2.24535861455382,2.58153828989532,2.93582103038662,3.31814781118617,3.74388681205762,4.24013761378338,4.86453443752253,5.78998458918044,6.5926745796805,7.5259751637468
1.59999999998614,1.27989911188706,0.95464138541846,0.618461710076951,0.264178969585657,0,0,0,0,0,0,0,1.92010088808522,2.24535861455382,2.58153828989532,2.93582103038662,3.31814781118617,3.74388681205762,4.24013761378338,4.86453443752253,5.78998458918044,6.5926745796805,7.5259751637468
