"means","lower.10.","lower.20.","lower.30.","lower.40.","lower.50.","lower.60.","lower.70.","lower.80.","lower.90.","lower.95.","lower.98.","upper.10.","upper.20.","upper.30.","upper.40.","upper.50.","upper.60.","upper.70.","upper.80.","upper.90.","upper.95.","upper.98."
2915.1249999994,2866.75881496858,2817.61344872326,2766.81781214216,2713.28686231699,2655.51855079433,2591.19079646267,2516.20894233383,2421.86464829278,2282.03219253893,2160.74839094294,2019.72976082796,2963.49118503021,3012.63655127553,3063.43218785663,3116.96313768181,3174.73144920446,3239.05920353612,3314.04105766496,3408.38535170601,3548.21780745986,3669.50160905585,3810.52023917083
