"means","lower.10.","lower.20.","lower.30.","lower.40.","lower.50.","lower.60.","lower.70.","lower.80.","lower.90.","lower.95.","lower.98.","upper.10.","upper.20.","upper.30.","upper.40.","upper.50.","upper.60.","upper.70.","upper.80.","upper.90.","upper.95.","upper.98."
121,97.421194577169,73.4625336368045,48.6993560053374,22.6026967541894,0,0,0,0,0,0,0,144.578805422831,168.537466363195,193.300643994663,219.397303245811,247.559701750683,278.919867984747,315.473971799647,361.467381255674,429.63654249748,488.763123536507,557.510551896975
121,87.6545335864761,53.7718703483142,18.7514486944392,0,0,0,0,0,0,0,0,154.345466413524,188.228129651686,223.248551305561,260.154800751164,299.98244666571,344.332419072197,396.027728447623,461.072231880116,557.477984243876,641.09559704602,738.319142611667
