"means","lower.10.","lower.20.","lower.30.","lower.40.","lower.50.","lower.60.","lower.70.","lower.80.","lower.90.","lower.95.","lower.98.","upper.10.","upper.20.","upper.30.","upper.40.","upper.50.","upper.60.","upper.70.","upper.80.","upper.90.","upper.95.","upper.98."
3653.99999999696,3608.60649983131,3562.48170852564,3514.8080758815,3464.56724795165,3410.34949525931,3349.97545655749,3279.60214086908,3191.05644051145,3059.81837409417,2945.98892353217,2813.63758746123,3699.3935001626,3745.51829146827,3793.19192411242,3843.43275204226,3897.6505047346,3958.02454343642,4028.39785912484,4116.94355948246,4248.18162589975,4362.01107646174,4494.36241253269
