"means","lower.10.","lower.20.","lower.30.","lower.40.","lower.50.","lower.60.","lower.70.","lower.80.","lower.90.","lower.95.","lower.98.","upper.10.","upper.20.","upper.30.","upper.40.","upper.50.","upper.60.","upper.70.","upper.80.","upper.90.","upper.95.","upper.98."
19.6666666668471,17.1136993722928,14.5196036704453,11.8383998745499,9.01281493203213,5.9635645128601,2.56807957154805,0,0,0,0,0,22.2196339614014,24.8137296632489,27.4949334591443,30.3205184016621,33.3697688208341,36.7652537621462,40.7231061574511,45.7029882168105,53.0839235961326,59.4857842894351,66.9293308577037
19.6666666668471,17.1136993722928,14.5196036704453,11.8383998745499,9.01281493203213,5.9635645128601,2.56807957154805,0,0,0,0,0,22.2196339614014,24.8137296632489,27.4949334591443,30.3205184016621,33.3697688208341,36.7652537621462,40.7231061574511,45.7029882168105,53.0839235961326,59.4857842894351,66.9293308577037
19.6666666668471,17.1136993722928,14.5196036704453,11.8383998745499,9.01281493203213,5.9635645128601,2.56807957154805,0,0,0,0,0,22.2196339614014,24.8137296632489,27.4949334591443,30.3205184016621,33.3697688208341,36.7652537621462,40.7231061574511,45.7029882168105,53.0839235961326,59.4857842894351,66.9293308577037
19.6666666668471,17.1136993722928,14.5196036704453,11.8383998745499,9.01281493203213,5.9635645128601,2.56807957154805,0,0,0,0,0,22.2196339614014,24.8137296632489,27.4949334591443,30.3205184016621,33.3697688208341,36.7652537621462,40.7231061574511,45.7029882168105,53.0839235961326,59.4857842894351,66.9293308577037
