"means","lower.10.","lower.20.","lower.30.","lower.40.","lower.50.","lower.60.","lower.70.","lower.80.","lower.90.","lower.95.","lower.98.","upper.10.","upper.20.","upper.30.","upper.40.","upper.50.","upper.60.","upper.70.","upper.80.","upper.90.","upper.95.","upper.98."
624.047956590198,598.987814338025,573.523952171549,547.205029608173,519.468849534053,489.53715027964,456.206783758338,417.356170884833,368.473228642371,296.021344533058,233.180140105969,160.113659286027,649.108098842371,674.571961008847,700.890883572223,728.627063646343,758.558762900755,791.889129422058,830.739742295563,879.622684538025,952.074568647338,1014.91577307443,1087.98225389437
