"means","lower.10.","lower.20.","lower.30.","lower.40.","lower.50.","lower.60.","lower.70.","lower.80.","lower.90.","lower.95.","lower.98.","upper.10.","upper.20.","upper.30.","upper.40.","upper.50.","upper.60.","upper.70.","upper.80.","upper.90.","upper.95.","upper.98."
369,345.950988848034,322.530657185857,298.323885589484,272.813594490243,245.283979415835,214.628447539036,178.89568112569,133.935701667085,67.2982393569229,9.50017871274036,0,392.049011151966,415.469342814143,439.676114410516,465.186405509757,492.716020584165,523.371552460964,559.10431887431,604.064298332915,670.701760643077,728.49982128726,795.702557580893
