"means","lower.10.","lower.20.","lower.30.","lower.40.","lower.50.","lower.60.","lower.70.","lower.80.","lower.90.","lower.95.","lower.98.","upper.10.","upper.20.","upper.30.","upper.40.","upper.50.","upper.60.","upper.70.","upper.80.","upper.90.","upper.95.","upper.98."
326,305.309829574601,284.286339659353,262.556894240825,239.6573317839,214.945103398928,187.42686520509,155.350997742115,114.992232188668,55.1744620108899,3.29146724372913,0,346.690170425399,367.713660340647,389.443105759175,412.3426682161,437.054896601072,464.57313479491,496.649002257885,537.007767811332,596.82553798911,648.708532756271,709.03372665726
