"means","lower.10.","lower.20.","lower.30.","lower.40.","lower.50.","lower.60.","lower.70.","lower.80.","lower.90.","lower.95.","lower.98.","upper.10.","upper.20.","upper.30.","upper.40.","upper.50.","upper.60.","upper.70.","upper.80.","upper.90.","upper.95.","upper.98."
0,0,0,0,0,0,0,0,0,0,0,0,15.9922569795043,32.2421498715386,49.0377038960048,66.7376879947246,85.8387538024535,107.10869637764,131.901412182374,163.096309896409,209.33184749496,249.434281072025,296.062026681058
0,0,0,0,0,0,0,0,0,0,0,0,22.6164667133708,45.5972856283958,69.349785917366,94.3813434835637,121.394329804635,151.474571065361,186.536766004477,230.653013428507,296.039937763989,352.75334321284,418.694933436018
0,0,0,0,0,0,0,0,0,0,0,0,27.6994016161995,55.8450417227552,84.9357946343987,115.593066386543,148.677082844246,185.517704058542,228.459947489956,282.491095267579,362.573395503531,432.032847966163,512.794472403406
0,0,0,0,0,0,0,0,0,0,0,0,31.9845139590086,64.4842997430772,98.0754077920097,133.475375989449,171.677507604907,214.217392755281,263.802824364748,326.192619792818,418.66369498992,498.86856214405,592.124053362117
