"means","lower.10.","lower.20.","lower.30.","lower.40.","lower.50.","lower.60.","lower.70.","lower.80.","lower.90.","lower.95.","lower.98.","upper.10.","upper.20.","upper.30.","upper.40.","upper.50.","upper.60.","upper.70.","upper.80.","upper.90.","upper.95.","upper.98."
5.72727272727807,4.72498517506276,3.70655072948129,2.65391789892732,1.54460144914216,0.347474582204753,0,0,0,0,0,0,6.72956027949337,7.74799472507484,8.80062755562881,9.90994400541397,11.1070708723514,12.4401284080554,13.9939697744456,15.9490570214476,18.8467908350301,21.3601427677402,24.2824575524319
