"means","lower.10.","lower.20.","lower.30.","lower.40.","lower.50.","lower.60.","lower.70.","lower.80.","lower.90.","lower.95.","lower.98.","upper.10.","upper.20.","upper.30.","upper.40.","upper.50.","upper.60.","upper.70.","upper.80.","upper.90.","upper.95.","upper.98."
0,0,0,0,0,0,0,0,0,0,0,0,1.42544685158981,8.40601237780931,15.6209808822737,23.2244709258741,31.4298321782454,40.5668910420489,51.2172490719604,64.6178314033852,84.4795130766769,101.706559876646,121.736724735352
0,0,0,0,0,0,0,0,0,0,0,0,0,0,0,0,11.2592132130001,24.1809657783922,39.2428465484223,58.1941318252205,86.2827914191268,110.64551464328,138.97244544303
0,0,0,0,0,0,0,0,0,0,0,0,0,0,0,0,0,3.360637452036,21.807598678642,45.0180881276795,79.4195299095804,109.257650231494,143.950913450753
