"means","lower.10.","lower.20.","lower.30.","lower.40.","lower.50.","lower.60.","lower.70.","lower.80.","lower.90.","lower.95.","lower.98.","upper.10.","upper.20.","upper.30.","upper.40.","upper.50.","upper.60.","upper.70.","upper.80.","upper.90.","upper.95.","upper.98."
3114,3038.02722138628,2960.83051820891,2881.04159853166,2796.95609545841,2706.21461689435,2605.16967743007,2487.38945969847,2339.19505155812,2119.54861475044,1929.0380875668,1707.52842830158,3189.97277861372,3267.16948179109,3346.95840146834,3431.04390454159,3521.78538310565,3622.83032256993,3740.61054030153,3888.80494844188,4108.45138524956,4298.9619124332,4520.47157169842
3114,3006.55826611331,2897.38564150937,2784.54706917472,2665.63221032956,2537.30438067448,2394.40525687493,2227.83887557964,2018.26033371971,1707.63336385936,1438.2107925414,1124.94882821189,3221.44173388669,3330.61435849063,3443.45293082528,3562.36778967044,3690.69561932552,3833.59474312507,4000.16112442036,4209.73966628029,4520.36663614064,4789.7892074586,5103.05117178811
3114,2982.41128744886,2848.70267536883,2710.50421260681,2564.86384910395,2407.69499787707,2232.68002887723,2028.67870763956,1771.99846334288,1391.55967509051,1061.58576263171,677.919778417077,3245.58871255114,3379.29732463117,3517.49578739319,3663.13615089605,3820.30500212293,3995.31997112277,4199.32129236044,4456.00153665712,4836.44032490949,5166.41423736829,5550.08022158292
3114,2962.05444277257,2807.66103641781,2648.08319706332,2479.91219091682,2298.4292337887,2096.33935486015,1860.77891939693,1564.39010311624,1125.09722950087,744.07617513359,301.056856603152,3265.94555722743,3420.33896358219,3579.91680293668,3748.08780908318,3929.5707662113,4131.66064513985,4367.22108060307,4663.60989688376,5102.90277049913,5483.92382486641,5926.94314339685
