"means","lower.10.","lower.20.","lower.30.","lower.40.","lower.50.","lower.60.","lower.70.","lower.80.","lower.90.","lower.95.","lower.98.","upper.10.","upper.20.","upper.30.","upper.40.","upper.50.","upper.60.","upper.70.","upper.80.","upper.90.","upper.95.","upper.98."
0,0,0,0,0,0,0,0,0,0,0,0,2.94675506871719,5.94098248183856,9.03575415896573,12.2971773543259,15.8167657750824,19.7359943852206,24.3043339922251,30.0523483641025,38.5717715417068,45.9611006128041,54.5527925730051
