"means","lower.10.","lower.20.","lower.30.","lower.40.","lower.50.","lower.60.","lower.70.","lower.80.","lower.90.","lower.95.","lower.98.","upper.10.","upper.20.","upper.30.","upper.40.","upper.50.","upper.60.","upper.70.","upper.80.","upper.90.","upper.95.","upper.98."
96,91.3628236905757,86.650942281579,81.7808388730528,76.648483443487,71.1098649756952,64.9423506630575,57.7533594829293,48.7079670258277,35.3013328102647,23.6730770129651,10.1527166550005,100.637176309424,105.349057718421,110.219161126947,115.351516556513,120.890135024305,127.057649336942,134.246640517071,143.292032974172,156.698667189735,168.326922987035,181.847283345
92,81.6309585484756,71.0948714160415,60.2049891371235,48.7286935119242,36.343966116506,22.5529848612454,6.4779118928323,0,0,0,0,102.369041451524,112.905128583958,123.795010862877,135.271306488076,147.656033883494,161.447015138755,177.522088107168,197.748200524411,227.726345979884,253.727916402402,283.960361243105
88,70.6492750080694,53.0190291284941,34.796770735629,15.5932551310448,0,0,0,0,0,0,0,105.350724991931,122.980970871506,141.203229264371,160.406744868955,181.130357571491,204.207083057406,231.105825009985,264.950584513369,315.113616457806,358.622565657069,409.211121862293
84,58.6011393219974,32.7931019620303,6.11844701970426,0,0,0,0,0,0,0,0,109.398860678003,135.20689803797,161.881552980296,189.992621399369,220.328884121611,254.109751249288,293.485477599907,343.029132502323,416.460292303167,480.15087234938,554.204935885938
