"means","lower.10.","lower.20.","lower.30.","lower.40.","lower.50.","lower.60.","lower.70.","lower.80.","lower.90.","lower.95.","lower.98.","upper.10.","upper.20.","upper.30.","upper.40.","upper.50.","upper.60.","upper.70.","upper.80.","upper.90.","upper.95.","upper.98."
337,327.829626036132,318.511516973495,308.880511698124,298.730882815359,287.777837426593,275.58110197803,261.364317205207,243.47635566426,216.963702025529,193.967928931453,167.230373070831,346.170373963868,355.488483026505,365.119488301876,375.269117184641,386.222162573407,398.41889802197,412.635682794793,430.52364433574,457.036297974471,480.032071068547,506.769626929169
