"means","lower.10.","lower.20.","lower.30.","lower.40.","lower.50.","lower.60.","lower.70.","lower.80.","lower.90.","lower.95.","lower.98.","upper.10.","upper.20.","upper.30.","upper.40.","upper.50.","upper.60.","upper.70.","upper.80.","upper.90.","upper.95.","upper.98."
259,232.111391123496,204.789605660758,176.550371911147,146.790473095066,114.674863129155,78.9126084666095,37.2273329539556,0,0,0,0,285.888608876504,313.210394339242,341.449628088853,371.209526904934,403.325136870845,439.087391533391,480.772667046044,533.222262162621,610.960463110469,678.386759025525,756.784399588782
