"means","lower.10.","lower.20.","lower.30.","lower.40.","lower.50.","lower.60.","lower.70.","lower.80.","lower.90.","lower.95.","lower.98.","upper.10.","upper.20.","upper.30.","upper.40.","upper.50.","upper.60.","upper.70.","upper.80.","upper.90.","upper.95.","upper.98."
192,184.268505056472,176.412455413907,168.292604589828,159.735504879939,150.501048861772,140.218044175195,128.231946332577,113.150698310547,90.7980169090008,71.4103993374713,48.8681040337888,199.731494943528,207.587544586093,215.707395410172,224.264495120061,233.498951138228,243.781955824805,255.768053667423,270.849301689453,293.201983090999,312.589600662529,335.131895966211
