"means","lower.10.","lower.20.","lower.30.","lower.40.","lower.50.","lower.60.","lower.70.","lower.80.","lower.90.","lower.95.","lower.98.","upper.10.","upper.20.","upper.30.","upper.40.","upper.50.","upper.60.","upper.70.","upper.80.","upper.90.","upper.95.","upper.98."
2,1.00358260587342,0,0,0,0,0,0,0,0,0,0,2.99641739412658,4.00888711313298,5.05535492536354,6.15817437444639,7.34828995610379,8.67354009316397,10.2182809829042,12.1619177522545,15.0426802330621,17.5413120655924,20.44651155265
2,0.590853007441733,0,0,0,0,0,0,0,0,0,0,3.40914699255827,4.84099540066919,6.32092437331255,7.88054659505434,9.56362419142578,11.4378109087931,13.622404425416,16.3711219049583,20.4451352752919,23.9787343002333,28.0873068162296
2,0.274154447827381,0,0,0,0,0,0,0,0,0,0,3.72584555217262,5.47949454661668,7.29202996588547,9.20216928327208,11.2635099375821,13.5589105077079,16.2344802132671,19.6009578492409,24.5905848305379,28.9183421138892,33.9502952315961
