"means","lower.10.","lower.20.","lower.30.","lower.40.","lower.50.","lower.60.","lower.70.","lower.80.","lower.90.","lower.95.","lower.98.","upper.10.","upper.20.","upper.30.","upper.40.","upper.50.","upper.60.","upper.70.","upper.80.","upper.90.","upper.95.","upper.98."
40,32.2429120666518,24.3608571301567,16.2141277708138,7.62870213335692,0,0,0,0,0,0,0,47.7570879333482,55.6391428698433,63.7858722291862,72.3712978666431,81.6363220143363,91.9533657627232,103.979140289127,119.110310639235,141.53698445127,160.988779404116,183.605694783016
40,29.0298210401383,17.8829120495771,6.36169690061126,0,0,0,0,0,0,0,0,50.9701789598617,62.1170879504229,73.6383030993887,85.7799284746259,98.8826512800079,113.473154472573,130.480167905855,151.878874229554,183.594980493452,211.103972728268,243.089121196152
