"means","lower.10.","lower.20.","lower.30.","lower.40.","lower.50.","lower.60.","lower.70.","lower.80.","lower.90.","lower.95.","lower.98.","upper.10.","upper.20.","upper.30.","upper.40.","upper.50.","upper.60.","upper.70.","upper.80.","upper.90.","upper.95.","upper.98."
5,0.681556823975589,0,0,0,0,0,0,0,0,0,0,9.31844317602441,13.7064566478357,18.2418168385493,23.0214033374917,28.1793286633476,33.9229231094577,40.6177839111119,49.0414475211079,61.5265859282867,72.3555815381493,84.9466291993265
5,0,0,0,0,0,0,0,0,0,0,0,11.1072009078713,17.3127890715826,23.7267569635368,30.4861130128766,37.7805209624095,45.9031901248692,55.3711530687686,67.2840123908937,84.9406644544312,100.255176912778,118.0616072797
5,0,0,0,0,0,0,0,0,0,0,0,12.4797629904734,20.0800252679472,27.9354995488885,36.213986204227,45.1477749302556,55.0959723289887,66.691811387055,81.2820247454372,102.9069188062,121.663289397423,143.471623667103
