"means","lower.10.","lower.20.","lower.30.","lower.40.","lower.50.","lower.60.","lower.70.","lower.80.","lower.90.","lower.95.","lower.98.","upper.10.","upper.20.","upper.30.","upper.40.","upper.50.","upper.60.","upper.70.","upper.80.","upper.90.","upper.95.","upper.98."
10,7.354536263739,4.66645399873436,1.88810763029606,0,0,0,0,0,0,0,0,12.645463736261,15.3335460012656,18.1118923697039,21.0398509515083,24.1995786236587,27.7180852251425,31.8193343902169,36.9796423295288,44.6279960422197,51.2618022585596,58.9750356233303
