"means","lower.10.","lower.20.","lower.30.","lower.40.","lower.50.","lower.60.","lower.70.","lower.80.","lower.90.","lower.95.","lower.98.","upper.10.","upper.20.","upper.30.","upper.40.","upper.50.","upper.60.","upper.70.","upper.80.","upper.90.","upper.95.","upper.98."
191,186.178976775095,181.280286669306,176.217101646024,170.881267277571,165.123063041763,158.711029563387,151.237021432059,141.833012568854,127.894854817621,115.805581621346,101.749188906158,195.821023224905,200.719713330694,205.782898353976,211.118732722429,216.876936958237,223.288970436613,230.762978567941,240.166987431146,254.105145182379,266.194418378653,280.250811093842
191,184.182043570823,177.254249585355,170.093824656625,162.547815326181,154.404484800988,145.336500093478,134.766656428867,121.467379553846,101.755847827556,84.6590337141515,64.7802924982896,197.817956429177,204.745750414645,211.906175343375,219.452184673819,227.595515199012,236.663499906522,247.233343571133,260.532620446154,280.244152172444,297.340966285849,317.21970750171
