"means","lower.10.","lower.20.","lower.30.","lower.40.","lower.50.","lower.60.","lower.70.","lower.80.","lower.90.","lower.95.","lower.98.","upper.10.","upper.20.","upper.30.","upper.40.","upper.50.","upper.60.","upper.70.","upper.80.","upper.90.","upper.95.","upper.98."
415.500000006436,381.621297671031,347.196808058527,311.616365843125,274.119939079195,233.655399044703,188.596214833279,136.074232481986,69.9895856812458,0,0,0,449.378702341842,483.803191954346,519.383634169748,556.880060933678,597.34460096817,642.403785179594,694.925767530887,761.010414331627,858.957815853892,943.912579388766,1042.69085165415
