"means","lower.10.","lower.20.","lower.30.","lower.40.","lower.50.","lower.60.","lower.70.","lower.80.","lower.90.","lower.95.","lower.98.","upper.10.","upper.20.","upper.30.","upper.40.","upper.50.","upper.60.","upper.70.","upper.80.","upper.90.","upper.95.","upper.98."
434.249999999235,426.597543467034,418.821805547828,410.784963264016,402.315342052345,393.175289087983,382.997406678537,371.133841688674,356.206767974872,334.082596122874,314.893176507039,292.581329159604,441.902456531436,449.678194450642,457.715036734454,466.184657946125,475.324710910487,485.502593319933,497.366158309796,512.293232023598,534.417403875596,553.606823491431,575.918670838867
