"means","lower.10.","lower.20.","lower.30.","lower.40.","lower.50.","lower.60.","lower.70.","lower.80.","lower.90.","lower.95.","lower.98.","upper.10.","upper.20.","upper.30.","upper.40.","upper.50.","upper.60.","upper.70.","upper.80.","upper.90.","upper.95.","upper.98."
0,0,0,0,0,0,0,0,0,0,0,0,0.581335185494362,2.9569426549523,5.4123215217118,7.99992100397162,10.7923476931156,13.9018472321141,17.5263487131512,22.0867992041675,28.846073816209,34.7087365046391,41.5253488656415
