"means","lower.10.","lower.20.","lower.30.","lower.40.","lower.50.","lower.60.","lower.70.","lower.80.","lower.90.","lower.95.","lower.98.","upper.10.","upper.20.","upper.30.","upper.40.","upper.50.","upper.60.","upper.70.","upper.80.","upper.90.","upper.95.","upper.98."
3181,3155.23872328703,3129.06243135498,3102.0071560848,3073.4949711714,3042.7258406843,3008.46295477329,2968.52537666093,2918.2747839476,2843.79583581815,2779.19645565772,2704.08571558671,3206.76127671297,3232.93756864502,3259.9928439152,3288.5050288286,3319.2741593157,3353.53704522671,3393.47462333907,3443.7252160524,3518.20416418185,3582.80354434228,3657.91428441329
3848,3790.39603408262,3731.86406592368,3671.36663126959,3607.61144761617,3538.80958023846,3462.19543823611,3372.89229872018,3260.52855750351,3093.98856659339,2949.53996125032,2781.58724061122,3905.60396591738,3964.13593407632,4024.63336873041,4088.38855238383,4157.19041976154,4233.80456176389,4323.10770127982,4435.47144249649,4602.01143340661,4746.46003874968,4914.41275938878
4515,4418.61012869419,4320.66741262829,4219.43584206242,4112.75301476812,3997.62547039646,3869.42549023532,3719.99275608137,3531.97225466574,3253.29754823806,3011.58880027977,2730.55014486702,4611.38987130581,4709.33258737171,4810.56415793758,4917.24698523188,5032.37452960354,5160.57450976468,5310.00724391863,5498.02774533426,5776.70245176194,6018.41119972023,6299.44985513298
