"means","lower.10.","lower.20.","lower.30.","lower.40.","lower.50.","lower.60.","lower.70.","lower.80.","lower.90.","lower.95.","lower.98.","upper.10.","upper.20.","upper.30.","upper.40.","upper.50.","upper.60.","upper.70.","upper.80.","upper.90.","upper.95.","upper.98."
163,153.690776641213,144.231581314237,134.454752186947,124.151446929087,113.032560569086,100.65115333465,86.2191110411209,68.0603063866775,41.1462224540507,17.8022684469161,0,172.309223358787,181.768418685763,191.545247813053,201.848553070913,212.967439430914,225.34884666535,239.780888958879,257.939693613322,284.853777545949,308.197731553084,335.34012297085
163,149.834770070843,136.457447750298,122.630923401479,108.059849368544,92.3353694797458,74.8254154475421,54.4154255032905,28.7349976844931,0,0,0,176.165229929157,189.542552249702,203.369076598521,217.940150631456,233.664630520254,251.174584552458,271.584574496709,297.265002315507,335.327264831876,368.340601188179,406.725739246423
163,146.875952163573,130.492145258534,113.558180473147,95.7123322806434,76.4538561815371,55.0086297822932,30.0115992729172,0,0,0,0,179.124047836427,195.507854741466,212.441819526853,230.287667719357,249.546143818463,270.991370217707,295.988400727083,327.440372993297,374.05693380378,414.489848193688,461.50184916818
163,144.381553282425,125.463162628475,105.909504373894,85.3028938581747,63.0651211381727,38.3023066693009,9.43822208224179,0,0,0,0,181.618446717575,200.536837371525,220.090495626106,240.697106141825,262.934878861827,287.697693330699,316.561777917758,352.879387226645,406.707555091899,453.395463106168,507.680245941699
