"means","lower.10.","lower.20.","lower.30.","lower.40.","lower.50.","lower.60.","lower.70.","lower.80.","lower.90.","lower.95.","lower.98.","upper.10.","upper.20.","upper.30.","upper.40.","upper.50.","upper.60.","upper.70.","upper.80.","upper.90.","upper.95.","upper.98."
117,108.505629314828,99.8744139712922,90.9533678719528,81.5519290225862,71.4062983176366,60.1086574081952,46.9398771286249,30.3705445441983,5.81229765674429,0,0,125.494370685172,134.125586028708,143.046632128047,152.448070977414,162.593701682363,173.891342591805,187.060122871375,203.629455455802,228.187702343256,249.488319049054,274.254889266417
117,104.987145773206,92.7807639746143,80.1644995903729,66.8688572637773,52.5207687220087,36.5434917250555,17.9200240537759,0,0,0,0,129.012854226794,141.219236025386,153.835500409627,167.131142736223,181.479231277991,197.456508274944,216.079975946224,239.512550806591,274.243156622935,304.366777655186,339.391997150047
117,102.287318394959,87.3376148888864,71.8859097881665,55.6021400368115,38.029392181008,18.4613041201868,0,0,0,0,0,131.712681605041,146.662385111114,162.114090211834,178.397859963188,195.970607818992,215.538695879813,238.34769239774,267.046618281473,309.582749635364,346.476500002358,389.373457948053
