"means","lower.10.","lower.20.","lower.30.","lower.40.","lower.50.","lower.60.","lower.70.","lower.80.","lower.90.","lower.95.","lower.98.","upper.10.","upper.20.","upper.30.","upper.40.","upper.50.","upper.60.","upper.70.","upper.80.","upper.90.","upper.95.","upper.98."
3201.19999999703,3147.97036422337,3093.88319684528,3037.97981657289,2979.06607425485,2915.48888329694,2844.69266624923,2762.17102882075,2658.3399657355,2504.44668917521,2370.96722247579,2215.76849606111,3254.42963577068,3308.51680314877,3364.42018342116,3423.3339257392,3486.91111669712,3557.70733374482,3640.2289711733,3744.06003425856,3897.95331081884,4031.43277751826,4186.63150393294
