"means","lower.10.","lower.20.","lower.30.","lower.40.","lower.50.","lower.60.","lower.70.","lower.80.","lower.90.","lower.95.","lower.98.","upper.10.","upper.20.","upper.30.","upper.40.","upper.50.","upper.60.","upper.70.","upper.80.","upper.90.","upper.95.","upper.98."
142,136.663048866287,131.240119232027,125.635091048257,119.728235604186,113.35380984625,106.255584480929,97.9817358996139,87.5713451127256,72.1415777496411,58.7585556647622,43.1979002732476,147.336951133713,152.759880767973,158.364908951743,164.271764395814,170.64619015375,177.744415519071,186.018264100386,196.428654887274,211.858422250359,225.241444335238,240.802099726752
