"means","lower.10.","lower.20.","lower.30.","lower.40.","lower.50.","lower.60.","lower.70.","lower.80.","lower.90.","lower.95.","lower.98.","upper.10.","upper.20.","upper.30.","upper.40.","upper.50.","upper.60.","upper.70.","upper.80.","upper.90.","upper.95.","upper.98."
839,810.855750318911,782.258095626987,752.700149765899,721.550527016332,687.935186420154,650.50291058156,606.871021425766,551.972141851417,470.603732377963,400.028771954384,317.970128439038,867.144249681089,895.741904373013,925.299850234101,956.449472983668,990.064813579846,1027.49708941844,1071.12897857423,1126.02785814858,1207.39626762204,1277.97122804562,1360.02987156096
