"means","lower.10.","lower.20.","lower.30.","lower.40.","lower.50.","lower.60.","lower.70.","lower.80.","lower.90.","lower.95.","lower.98.","upper.10.","upper.20.","upper.30.","upper.40.","upper.50.","upper.60.","upper.70.","upper.80.","upper.90.","upper.95.","upper.98."
631.341213378643,610.308385285327,588.93671747315,566.847402563983,543.568591869538,518.447095007154,490.473116955654,457.86602902831,416.838866830457,356.030432138678,303.288183647361,241.963921597888,652.374041471958,673.745709284136,695.835024193302,719.113834887747,744.235331750131,772.209309801631,804.816397728975,845.843559926828,906.651994618608,959.394243109924,1020.7185051594
