"means","lower.10.","lower.20.","lower.30.","lower.40.","lower.50.","lower.60.","lower.70.","lower.80.","lower.90.","lower.95.","lower.98.","upper.10.","upper.20.","upper.30.","upper.40.","upper.50.","upper.60.","upper.70.","upper.80.","upper.90.","upper.95.","upper.98."
154,149.564981916823,145.058515511348,140.400724812328,135.492114998818,130.194953230232,124.296312402363,117.420726106696,108.769668557914,95.9474980789273,84.8261774097048,71.8952386923705,158.435018083177,162.941484488652,167.599275187672,172.507885001182,177.805046769768,183.703687597637,190.579273893304,199.230331442086,212.052501921073,223.173822590295,236.104761307629
