"means","lower.10.","lower.20.","lower.30.","lower.40.","lower.50.","lower.60.","lower.70.","lower.80.","lower.90.","lower.95.","lower.98.","upper.10.","upper.20.","upper.30.","upper.40.","upper.50.","upper.60.","upper.70.","upper.80.","upper.90.","upper.95.","upper.98."
120,112.642369434302,105.16620713995,97.4390000411252,89.295687675396,80.5077732612844,70.7220138264273,59.3155160540763,44.9635372677939,23.691742730439,5.24163331663647,0,127.357630565698,134.83379286005,142.560999958875,150.704312324604,159.492226738716,169.277986173573,180.684483945924,195.036462732206,216.308257269561,234.758366683364,256.210606147894
64,47.5478379017681,30.8306308007765,13.5520704515859,0,0,0,0,0,0,0,0,80.4521620982319,97.1693691992236,114.447929548414,132.656929560199,152.307303570603,174.188926878403,199.69463128258,231.786631460342,279.351810049277,320.607508890848,368.576174603141
8,0,0,0,0,0,0,0,0,0,0,0,35.5297327552992,63.5029706286818,92.4155321491306,122.885017015169,155.766381897066,192.381340971693,235.06054761883,288.760735059346,368.352502219978,437.38649039492,517.653420650223
