"means","lower.10.","lower.20.","lower.30.","lower.40.","lower.50.","lower.60.","lower.70.","lower.80.","lower.90.","lower.95.","lower.98.","upper.10.","upper.20.","upper.30.","upper.40.","upper.50.","upper.60.","upper.70.","upper.80.","upper.90.","upper.95.","upper.98."
1048.25000000523,1006.3961350711,963.868002664965,919.911802452899,873.588588365387,823.598556974621,767.932286426349,703.046449488419,621.405250423737,500.400695013783,395.447289086433,273.416273113854,1090.10386493936,1132.63199734549,1176.58819755756,1222.91141164507,1272.90144303584,1328.56771358411,1393.45355052204,1475.09474958672,1596.09930499668,1701.05271092403,1823.08372689661
807.500000010459,748.30969658288,688.165834951726,626.002380461435,560.491462846164,489.794882469886,411.070887693789,319.308457090239,203.850366124565,32.7240827548802,0,0,866.690303438038,926.834165069192,988.997619559483,1054.50853717475,1125.20511755103,1203.92911232713,1295.69154293068,1411.14963389635,1582.27591726604,1730.70244734574,1903.28036516433
566.750000015688,494.256979456649,420.596093378207,344.461721303239,264.227560933779,177.642286693009,81.225477835527,0,0,0,0,0,639.243020574728,712.903906653169,789.038278728137,869.272439097597,955.857713338367,1052.27452219585,1164.66008846397,1306.06679323485,1515.65283115217,1697.43746264574,1908.8013824095
326.000000020918,242.292270152657,157.236005340388,69.3236049162559,0,0,0,0,0,0,0,0,409.707729889179,494.763994701448,582.67639512558,675.322823300603,775.302886082135,886.635427178679,1016.40710105454,1179.6894991839,1421.69861000381,1631.60542185851,1875.66745380367
