"means","lower.10.","lower.20.","lower.30.","lower.40.","lower.50.","lower.60.","lower.70.","lower.80.","lower.90.","lower.95.","lower.98.","upper.10.","upper.20.","upper.30.","upper.40.","upper.50.","upper.60.","upper.70.","upper.80.","upper.90.","upper.95.","upper.98."
409,403.961891084666,398.842618029118,393.551443020044,387.975341547731,381.957851329706,375.257090614441,367.446535625783,357.619073968092,343.053295386679,330.419654719815,315.730317176286,414.038108915334,419.157381970882,424.448556979956,430.024658452269,436.042148670294,442.742909385559,450.553464374217,460.380926031908,474.946704613321,487.580345280185,502.269682823714
