"means","lower.10.","lower.20.","lower.30.","lower.40.","lower.50.","lower.60.","lower.70.","lower.80.","lower.90.","lower.95.","lower.98.","upper.10.","upper.20.","upper.30.","upper.40.","upper.50.","upper.60.","upper.70.","upper.80.","upper.90.","upper.95.","upper.98."
0,0,0,0,0,0,0,0,0,0,0,0,0.89299286305869,1.80037187758129,2.73822010589495,3.72657087443663,4.79315675190074,5.98085070539665,7.36525306322792,9.10714734732933,11.6888970745944,13.928179936388,16.5318301968076
0,0,0,0,0,0,0,0,0,0,0,0,1.26288261803998,2.54611032659057,3.87242801051934,5.27016707177285,6.7785472851182,8.45820018210064,10.4160407723269,12.8794512931233,16.5305967720746,19.6974209652128,23.3795384751744
0,0,0,0,0,0,0,0,0,0,0,0,1.54670900961405,3.11833556448896,4.74273634571669,6.45461009253062,8.3019910229339,10.3591372942312,12.7569925161131,15.7740419175905,20.2457636176407,24.1243153067855,28.6339698429721
0,0,0,0,0,0,0,0,0,0,0,0,1.78598572611738,3.60074375516257,5.47644021178991,7.45314174887326,9.58631350380148,11.9617014107933,14.7305061264558,18.2142946946587,23.3777941491888,27.8563598727761,33.0636603936152
