"means","lower.10.","lower.20.","lower.30.","lower.40.","lower.50.","lower.60.","lower.70.","lower.80.","lower.90.","lower.95.","lower.98.","upper.10.","upper.20.","upper.30.","upper.40.","upper.50.","upper.60.","upper.70.","upper.80.","upper.90.","upper.95.","upper.98."
20.2727272728893,16.8928851043596,13.4585935405749,9.90898063675141,6.16822329925814,2.13135797352199,0,0,0,0,0,0,23.6525694414191,27.0868610052038,30.6364739090273,34.3772312465205,38.4140965722567,42.9093375460576,48.1490899122561,54.7418948472939,64.5134248983991,72.9887699505786,82.8431901887514
20.2727272728893,16.8928851043596,13.4585935405749,9.90898063675141,6.16822329925814,2.13135797352199,0,0,0,0,0,0,23.6525694414191,27.0868610052038,30.6364739090273,34.3772312465205,38.4140965722567,42.9093375460576,48.1490899122561,54.7418948472939,64.5134248983991,72.9887699505786,82.8431901887514
20.2727272728893,16.8928851043596,13.4585935405749,9.90898063675141,6.16822329925814,2.13135797352199,0,0,0,0,0,0,23.6525694414191,27.0868610052038,30.6364739090273,34.3772312465205,38.4140965722567,42.9093375460576,48.1490899122561,54.7418948472939,64.5134248983991,72.9887699505786,82.8431901887514
