"means","lower.10.","lower.20.","lower.30.","lower.40.","lower.50.","lower.60.","lower.70.","lower.80.","lower.90.","lower.95.","lower.98.","upper.10.","upper.20.","upper.30.","upper.40.","upper.50.","upper.60.","upper.70.","upper.80.","upper.90.","upper.95.","upper.98."
566.363636363636,536.108816290575,505.366589831539,473.592058838893,440.106489235483,403.970294703517,363.730928465133,316.827032613779,257.811221478098,170.340899257901,94.4734395290484,6.26112180417897,596.618456436698,627.360682895734,659.13521388838,692.62078349179,728.756978023755,768.99634426214,815.900240113494,874.916051249175,962.386373469372,1038.25383319822,1126.46615092309
