"means","lower.10.","lower.20.","lower.30.","lower.40.","lower.50.","lower.60.","lower.70.","lower.80.","lower.90.","lower.95.","lower.98.","upper.10.","upper.20.","upper.30.","upper.40.","upper.50.","upper.60.","upper.70.","upper.80.","upper.90.","upper.95.","upper.98."
2911,2853.3181394893,2794.70702185196,2734.12777993002,2670.28638373857,2601.39147947714,2524.67373649283,2435.24983737947,2322.73415301467,2155.96895947039,2011.32502442754,1843.14519079957,2968.6818605107,3027.29297814804,3087.87222006998,3151.71361626143,3220.60852052286,3297.32626350717,3386.75016262053,3499.26584698533,3666.03104052961,3810.67497557246,3978.85480920043
