"means","lower.10.","lower.20.","lower.30.","lower.40.","lower.50.","lower.60.","lower.70.","lower.80.","lower.90.","lower.95.","lower.98.","upper.10.","upper.20.","upper.30.","upper.40.","upper.50.","upper.60.","upper.70.","upper.80.","upper.90.","upper.95.","upper.98."
0,0,0,0,0,0,0,0,0,0,0,0,0.296186634980859,0.597144848737639,0.908209049089181,1.23602386197853,1.58978758734823,1.98372027149998,2.44289692653072,3.02064600812274,3.87695717892224,4.61967941449893,5.48325452377729
0,0,0,0,0,0,0,0,0,0,0,0,0.296186634980859,0.597144848737639,0.908209049089181,1.23602386197853,1.58978758734823,1.98372027149998,2.44289692653072,3.02064600812274,3.87695717892224,4.61967941449893,5.48325452377729
