"means","lower.10.","lower.20.","lower.30.","lower.40.","lower.50.","lower.60.","lower.70.","lower.80.","lower.90.","lower.95.","lower.98.","upper.10.","upper.20.","upper.30.","upper.40.","upper.50.","upper.60.","upper.70.","upper.80.","upper.90.","upper.95.","upper.98."
213.151289258382,200.875350454619,188.401645775787,175.509081977951,161.922261687236,147.259946340324,130.932762894786,111.901436523027,87.9556822859645,52.4644673282307,21.6811312984914,0,225.427228062145,237.900932740977,250.793496538813,264.380316829528,279.042632176439,295.369815621977,314.401141993737,338.346896230799,373.838111188533,404.621447218272,440.413727969358
