"means","lower.10.","lower.20.","lower.30.","lower.40.","lower.50.","lower.60.","lower.70.","lower.80.","lower.90.","lower.95.","lower.98.","upper.10.","upper.20.","upper.30.","upper.40.","upper.50.","upper.60.","upper.70.","upper.80.","upper.90.","upper.95.","upper.98."
0,0,0,0,0,0,0,0,0,0,0,0,3.44494470150698,6.94538760273182,10.5633731640952,14.3761849839521,18.4908084252714,23.0726367481689,28.4133172447958,35.1331128140982,45.0928621149997,53.7314592964919,63.7756954155661
0,0,0,0,0,0,0,0,0,0,0,0,3.44494470150698,6.94538760273182,10.5633731640952,14.3761849839521,18.4908084252714,23.0726367481689,28.4133172447958,35.1331128140982,45.0928621149997,53.7314592964919,63.7756954155661
0,0,0,0,0,0,0,0,0,0,0,0,3.44494470150698,6.94538760273182,10.5633731640952,14.3761849839521,18.4908084252714,23.0726367481689,28.4133172447958,35.1331128140982,45.0928621149997,53.7314592964919,63.7756954155661
0,0,0,0,0,0,0,0,0,0,0,0,3.44494470150698,6.94538760273182,10.5633731640952,14.3761849839521,18.4908084252714,23.0726367481689,28.4133172447958,35.1331128140982,45.0928621149997,53.7314592964919,63.7756954155661
