"means","lower.10.","lower.20.","lower.30.","lower.40.","lower.50.","lower.60.","lower.70.","lower.80.","lower.90.","lower.95.","lower.98.","upper.10.","upper.20.","upper.30.","upper.40.","upper.50.","upper.60.","upper.70.","upper.80.","upper.90.","upper.95.","upper.98."
677,658.023316287059,638.740917425129,618.811027797018,597.807926083736,575.142277021325,549.903001954708,520.483544350055,483.467148969749,428.603274881811,381.017046178353,325.687771404686,695.976683712941,715.259082574871,735.188972202982,756.192073916264,778.857722978675,804.096998045292,833.516455649945,870.532851030251,925.396725118189,972.982953821647,1028.31222859531
677,650.162916524295,622.893486538665,594.708366329992,565.005495035166,532.951426731116,497.257701627442,455.65230568528,403.303217308287,325.713982488796,258.416892474177,180.16948169299,703.837083475705,731.106513461335,759.291633670008,788.994504964834,821.048573268884,856.742298372558,898.34769431472,950.696782691713,1028.2860175112,1095.58310752582,1173.83051830701
