"means","lower.10.","lower.20.","lower.30.","lower.40.","lower.50.","lower.60.","lower.70.","lower.80.","lower.90.","lower.95.","lower.98.","upper.10.","upper.20.","upper.30.","upper.40.","upper.50.","upper.60.","upper.70.","upper.80.","upper.90.","upper.95.","upper.98."
24.3333333333333,20.7763180476814,17.1619991006277,13.4263136077929,9.4894637888067,5.2409838439552,0.510099956718893,0,0,0,0,0,27.8903486189853,31.5046675660389,35.2403530588737,39.17720287786,43.4256828227115,48.1565667099478,53.6709896712149,60.6093929338301,70.8931517671927,79.8127788972642,90.1837730652158
