"means","lower.10.","lower.20.","lower.30.","lower.40.","lower.50.","lower.60.","lower.70.","lower.80.","lower.90.","lower.95.","lower.98.","upper.10.","upper.20.","upper.30.","upper.40.","upper.50.","upper.60.","upper.70.","upper.80.","upper.90.","upper.95.","upper.98."
9,6.21175098703651,3.37858316869513,0.450279365741578,0,0,0,0,0,0,0,0,11.7882490129635,14.6214168313049,17.5497206342584,20.6357117645895,23.9659814040285,27.674394573418,31.9970030369905,37.4358315195574,45.4969946335703,52.4888514416486,60.6183959979748
9,5.05682043059364,1.05011607741626,0,0,0,0,0,0,0,0,0,12.9431795694064,16.9498839225837,21.0911308754694,25.4553813853466,30.1650938758007,35.4095820748343,41.5226735888473,49.2143385923144,60.6145447966532,70.5025235208082,81.9994356882811
9,4.17061104539346,0,0,0,0,0,0,0,0,0,0,13.8293889546065,18.7365795623429,23.8085505290556,29.1536439584959,34.9218401769084,41.3450002017485,48.8319776818834,58.2523049473419,72.2146490289124,84.3249002597504,98.4056844737024
