"means","lower.10.","lower.20.","lower.30.","lower.40.","lower.50.","lower.60.","lower.70.","lower.80.","lower.90.","lower.95.","lower.98.","upper.10.","upper.20.","upper.30.","upper.40.","upper.50.","upper.60.","upper.70.","upper.80.","upper.90.","upper.95.","upper.98."
327,318.643518588778,310.152413921021,301.376183325395,292.127358203998,282.146421706955,271.032175608039,258.077164378449,241.776802071464,217.61720965275,196.662366245656,172.297832213439,335.356481411222,343.847586078979,352.623816674605,361.872641796002,371.853578293045,382.967824391961,395.922835621551,412.223197928536,436.38279034725,457.337633754344,481.702167786561
327,315.182150654531,303.173915273859,290.762450939012,277.682637016315,263.567461257012,247.849543688373,229.528391106791,206.476197660658,172.309374400706,142.674750656989,108.218096187727,338.817849345469,350.826084726141,363.237549060988,376.317362983685,390.432538742988,406.150456311627,424.471608893209,447.523802339342,481.690625599294,511.325249343011,545.781903812273
327,312.526149623258,297.819124926318,282.618247635754,266.598812615174,249.311323495177,230.060884564031,207.622146901755,179.389091204278,137.543449644909,101.248596199172,59.0479853526312,341.473850376742,356.180875073682,371.381752364246,387.401187384826,404.688676504823,423.939115435969,446.377853098245,474.610908795722,516.456550355091,552.751403800828,594.952014647369
