"means","lower.10.","lower.20.","lower.30.","lower.40.","lower.50.","lower.60.","lower.70.","lower.80.","lower.90.","lower.95.","lower.98.","upper.10.","upper.20.","upper.30.","upper.40.","upper.50.","upper.60.","upper.70.","upper.80.","upper.90.","upper.95.","upper.98."
259,232.111391123496,204.789605660758,176.550371911147,146.790473095066,114.674863129155,78.9126084666095,37.2273329539556,0,0,0,0,285.888608876504,313.210394339242,341.449628088853,371.209526904934,403.325136870845,439.087391533391,480.772667046044,533.222262162621,610.960463110469,678.386759025525,756.784399588782
259,220.973764653502,182.33492510385,142.398617744127,100.311765223574,54.8934340458974,4.31796848108542,0,0,0,0,0,297.026235346498,335.66507489615,375.601382255873,417.688234776426,463.106565954103,513.682031518915,572.633913500169,646.808842255009,756.747260349941,852.102442493594,962.973449036204
259,212.427563281048,165.104842706088,116.193055084949,64.6473983073874,9.02153013036363,0,0,0,0,0,0,305.572436718952,352.895157293912,401.806944915051,453.352601692613,508.978469869636,570.920511938382,643.121527053805,733.966890632132,868.613404362804,985.399174653855,1121.18787130294
259,205.222782246992,150.579211321516,94.1007438222944,34.580946190132,0,0,0,0,0,0,0,312.777217753008,367.420788678484,423.899256177706,483.419053809868,547.650273741691,619.174783066781,702.545334092089,807.444524325242,962.920926220938,1097.77351805105,1254.56879917756
