"means","lower.10.","lower.20.","lower.30.","lower.40.","lower.50.","lower.60.","lower.70.","lower.80.","lower.90.","lower.95.","lower.98.","upper.10.","upper.20.","upper.30.","upper.40.","upper.50.","upper.60.","upper.70.","upper.80.","upper.90.","upper.95.","upper.98."
252,208.145708007593,163.584921581642,117.52781211253,68.9905561191433,16.6112253985403,0,0,0,0,0,0,295.854291992407,340.415078418358,386.47218788747,435.009443880857,487.38877460146,545.715643257299,613.702732232858,699.24601450864,826.03404504563,936.003753133027,1063.86730444457
