"means","lower.10.","lower.20.","lower.30.","lower.40.","lower.50.","lower.60.","lower.70.","lower.80.","lower.90.","lower.95.","lower.98.","upper.10.","upper.20.","upper.30.","upper.40.","upper.50.","upper.60.","upper.70.","upper.80.","upper.90.","upper.95.","upper.98."
486.669062099655,441.690353010272,395.98703508203,348.749028624926,298.967285079701,245.244956620118,185.422596295161,115.69232913237,27.9557306553147,0,0,0,531.647771189038,577.35108911728,624.589095574384,674.370839119609,728.093167579192,787.915527904149,857.64579506694,945.382393543995,1075.42124909151,1188.21056306706,1319.35251557135
