"means","lower.10.","lower.20.","lower.30.","lower.40.","lower.50.","lower.60.","lower.70.","lower.80.","lower.90.","lower.95.","lower.98.","upper.10.","upper.20.","upper.30.","upper.40.","upper.50.","upper.60.","upper.70.","upper.80.","upper.90.","upper.95.","upper.98."
2,1.3543399963524,0.698278383698833,0.0201866367616594,0,0,0,0,0,0,0,0,2.6456600036476,3.30172161630117,3.97981336323834,4.69441992642627,5.46559276556317,6.32433029199735,7.32529375809432,8.58473436098381,10.4514150560719,12.0704821735419,13.952997595761
