"means","lower.10.","lower.20.","lower.30.","lower.40.","lower.50.","lower.60.","lower.70.","lower.80.","lower.90.","lower.95.","lower.98.","upper.10.","upper.20.","upper.30.","upper.40.","upper.50.","upper.60.","upper.70.","upper.80.","upper.90.","upper.95.","upper.98."
2,0,0,0,0,0,0,0,0,0,0,0,5.79535456367654,9.65185244424955,13.63784908612,17.8384891528832,22.3716402507776,27.4195189664168,33.3034381152916,40.7067519536149,51.6795782941117,61.1968687232432,72.2627756379455
