"means","lower.10.","lower.20.","lower.30.","lower.40.","lower.50.","lower.60.","lower.70.","lower.80.","lower.90.","lower.95.","lower.98.","upper.10.","upper.20.","upper.30.","upper.40.","upper.50.","upper.60.","upper.70.","upper.80.","upper.90.","upper.95.","upper.98."
23.3636363636364,19.9968160596677,16.5757561432135,13.0398191970748,9.31347425902969,5.29216217835702,0.814240480490099,0,0,0,0,0,26.730456667605,30.1515165840592,33.687453530198,37.413798468243,41.4351105489157,45.9130322467826,51.1325968816481,57.7000010409511,67.4338833160552,75.8765745371164,85.6930276397631
