"means","lower.10.","lower.20.","lower.30.","lower.40.","lower.50.","lower.60.","lower.70.","lower.80.","lower.90.","lower.95.","lower.98.","upper.10.","upper.20.","upper.30.","upper.40.","upper.50.","upper.60.","upper.70.","upper.80.","upper.90.","upper.95.","upper.98."
369,347.265147340883,325.180145318501,302.353542887221,278.297742198961,252.337750967257,223.430069672987,189.734636581469,147.338087651588,84.5000155390969,29.9973592732175,0,390.734852659117,412.819854681499,435.646457112779,459.702257801039,485.662249032743,514.569930327013,548.265363418531,590.661912348412,653.499984460903,708.002640726783,771.373757257612
