"means","lower.10.","lower.20.","lower.30.","lower.40.","lower.50.","lower.60.","lower.70.","lower.80.","lower.90.","lower.95.","lower.98.","upper.10.","upper.20.","upper.30.","upper.40.","upper.50.","upper.60.","upper.70.","upper.80.","upper.90.","upper.95.","upper.98."
95.6,80.2905944566872,64.7345537653463,48.6561510599176,31.7119364300018,13.4264647086057,0,0,0,0,0,0,110.909405543313,126.465446234654,142.543848940082,159.488063569998,177.773535291394,198.135275174879,221.869369822133,251.732280391816,295.993612392451,334.383717034459,379.020510203427
95.6,80.2905944566872,64.7345537653463,48.6561510599176,31.7119364300018,13.4264647086057,0,0,0,0,0,0,110.909405543313,126.465446234654,142.543848940082,159.488063569998,177.773535291394,198.135275174879,221.869369822133,251.732280391816,295.993612392451,334.383717034459,379.020510203427
95.6,80.2905944566872,64.7345537653463,48.6561510599176,31.7119364300018,13.4264647086057,0,0,0,0,0,0,110.909405543313,126.465446234654,142.543848940082,159.488063569998,177.773535291394,198.135275174879,221.869369822133,251.732280391816,295.993612392451,334.383717034459,379.020510203427
95.6,80.2905944566872,64.7345537653463,48.6561510599176,31.7119364300018,13.4264647086057,0,0,0,0,0,0,110.909405543313,126.465446234654,142.543848940082,159.488063569998,177.773535291394,198.135275174879,221.869369822133,251.732280391816,295.993612392451,334.383717034459,379.020510203427
