"means","lower.10.","lower.20.","lower.30.","lower.40.","lower.50.","lower.60.","lower.70.","lower.80.","lower.90.","lower.95.","lower.98.","upper.10.","upper.20.","upper.30.","upper.40.","upper.50.","upper.60.","upper.70.","upper.80.","upper.90.","upper.95.","upper.98."
71,53.9609478271697,36.6473958285288,18.7524656969509,0,0,0,0,0,0,0,0,88.0390521728303,105.352604171471,123.247534303049,142.106095224304,162.457447586368,185.119643530079,211.53520067404,244.772003356536,294.033951710056,336.76134527638,386.441174155568
71,46.9031413272007,22.4180812778709,0,0,0,0,0,0,0,0,0,95.0968586727993,119.581918722129,144.889171611926,171.559204233604,200.340362756667,232.389547613421,269.746786784052,316.750723907556,386.417639378027,446.843298844375,517.101186621698
71,41.4874959238411,11.4995442027094,0,0,0,0,0,0,0,0,0,100.512504076159,130.500455797291,161.495383983079,194.159369656326,229.408945950156,268.661020735746,314.414107819325,371.98193874655,457.306136174681,531.312152706545,617.360140436626
