"means","lower.10.","lower.20.","lower.30.","lower.40.","lower.50.","lower.60.","lower.70.","lower.80.","lower.90.","lower.95.","lower.98.","upper.10.","upper.20.","upper.30.","upper.40.","upper.50.","upper.60.","upper.70.","upper.80.","upper.90.","upper.95.","upper.98."
369,347.265147340883,325.180145318501,302.353542887221,278.297742198961,252.337750967257,223.430069672987,189.734636581469,147.338087651588,84.5000155390969,29.9973592732175,0,390.734852659117,412.819854681499,435.646457112779,459.702257801039,485.662249032743,514.569930327013,548.265363418531,590.661912348412,653.499984460903,708.002640726783,771.373757257612
369,338.262276593296,307.029367208206,274.747676466991,240.727636879909,204.014665200947,163.133030257832,115.480491789772,55.5227172953193,0,0,0,399.737723406704,430.970632791794,463.252323533009,497.272363120091,533.985334799053,574.866969742168,622.519508210228,682.477282704681,771.343736519544,848.42213219611,938.042424656735
369,331.354130899385,293.101785311359,253.564950136206,211.899081127389,166.935057350035,116.865484619352,58.5032825218053,0,0,0,0,406.645869100615,444.898214688641,484.435049863794,526.100918872611,571.064942649964,621.134515380648,679.496717478195,752.929694290329,861.76842783884,956.169797638806,1065.93179120257
