"means","lower.10.","lower.20.","lower.30.","lower.40.","lower.50.","lower.60.","lower.70.","lower.80.","lower.90.","lower.95.","lower.98.","upper.10.","upper.20.","upper.30.","upper.40.","upper.50.","upper.60.","upper.70.","upper.80.","upper.90.","upper.95.","upper.98."
291.356216221755,277.059003970552,262.531463046561,247.516096480597,231.692161821053,214.615648329099,195.600140764527,173.43524430255,145.546743364644,104.211783862546,68.3598709414438,26.6742741790961,305.653428472958,320.180969396949,335.196335962912,351.020270622457,368.096784114411,387.112291678983,409.27718814096,437.165689078865,478.500648580964,514.352561502066,556.038158264414
156.535000039117,134.535416302292,112.181418373738,89.0767873237768,64.7279863496992,38.4518017412177,9.19202412759012,0,0,0,0,0,178.534583775942,200.888581704496,223.993212754457,248.342013728534,274.618198337016,303.877975950643,337.98382030448,380.896760316709,444.500201802175,499.66670185653,563.809680255386
50.9291354848438,14.5247592608105,0,0,0,0,0,0,0,0,0,0,87.3335117088772,124.32436391942,162.55734556681,202.849149351293,246.330340707569,294.748709219472,351.186231135721,422.197520793422,527.446949177124,618.735132033977,724.877372982533
0,0,0,0,0,0,0,0,0,0,0,0,0,20.2567988063438,71.9305678052843,126.386936929507,185.153921379341,250.593745373825,326.871852513604,422.847128832116,565.096946011653,688.477448133699,831.933945730188
