"means","lower.10.","lower.20.","lower.30.","lower.40.","lower.50.","lower.60.","lower.70.","lower.80.","lower.90.","lower.95.","lower.98.","upper.10.","upper.20.","upper.30.","upper.40.","upper.50.","upper.60.","upper.70.","upper.80.","upper.90.","upper.95.","upper.98."
349.222222222222,322.910661254864,296.175219966636,268.542019458312,239.42078839433,207.994401350545,172.999629095667,132.208948063049,80.884957076333,4.81507100947323,0,0,375.53378318958,402.269224477808,429.902424986133,459.023656050115,490.450043093899,525.444815348777,566.235496381395,617.559487368111,693.629373434971,759.608654993206,836.323828650986
349.222222222222,322.910661254864,296.175219966636,268.542019458312,239.42078839433,207.994401350545,172.999629095667,132.208948063049,80.884957076333,4.81507100947323,0,0,375.53378318958,402.269224477808,429.902424986133,459.023656050115,490.450043093899,525.444815348777,566.235496381395,617.559487368111,693.629373434971,759.608654993206,836.323828650986
349.222222222222,322.910661254864,296.175219966636,268.542019458312,239.42078839433,207.994401350545,172.999629095667,132.208948063049,80.884957076333,4.81507100947323,0,0,375.53378318958,402.269224477808,429.902424986133,459.023656050115,490.450043093899,525.444815348777,566.235496381395,617.559487368111,693.629373434971,759.608654993206,836.323828650986
349.222222222222,322.910661254864,296.175219966636,268.542019458312,239.42078839433,207.994401350545,172.999629095667,132.208948063049,80.884957076333,4.81507100947323,0,0,375.53378318958,402.269224477808,429.902424986133,459.023656050115,490.450043093899,525.444815348777,566.235496381395,617.559487368111,693.629373434971,759.608654993206,836.323828650986
