"means","lower.10.","lower.20.","lower.30.","lower.40.","lower.50.","lower.60.","lower.70.","lower.80.","lower.90.","lower.95.","lower.98.","upper.10.","upper.20.","upper.30.","upper.40.","upper.50.","upper.60.","upper.70.","upper.80.","upper.90.","upper.95.","upper.98."
2386,2317.21851137415,2247.3289501598,2175.09254165416,2098.96624775305,2016.81400731071,1925.33359180822,1818.70199488524,1684.53509742654,1485.67954454739,1313.20200854451,1112.65959865409,2454.78148862585,2524.6710498402,2596.90745834584,2673.03375224695,2755.18599268929,2846.66640819178,2953.29800511476,3087.46490257346,3286.32045545261,3458.79799145549,3659.34040134591
2386,2288.72828594511,2189.88952060747,2087.73181200167,1980.07297471352,1863.89216210064,1734.51931780549,1583.71946725951,1393.97882125189,1112.754601417,868.834530797033,585.224734899016,2483.27171405489,2582.11047939253,2684.26818799833,2791.92702528648,2908.10783789936,3037.48068219451,3188.28053274049,3378.02117874811,3659.245398583,3903.16546920297,4186.77526510098
