"means","lower.10.","lower.20.","lower.30.","lower.40.","lower.50.","lower.60.","lower.70.","lower.80.","lower.90.","lower.95.","lower.98.","upper.10.","upper.20.","upper.30.","upper.40.","upper.50.","upper.60.","upper.70.","upper.80.","upper.90.","upper.95.","upper.98."
134.5,110.374094057801,85.8595187863763,60.5217595719821,33.819577879216,5.00372545365667,0,0,0,0,0,0,158.625905942199,183.140481213624,208.478240428018,235.180422120784,263.996274546343,296.084092708757,333.486363715486,380.546961171485,450.297855790002,510.796354643134,581.138933948985
134.5,110.374094057801,85.8595187863763,60.5217595719821,33.819577879216,5.00372545365667,0,0,0,0,0,0,158.625905942199,183.140481213624,208.478240428018,235.180422120784,263.996274546343,296.084092708757,333.486363715486,380.546961171485,450.297855790002,510.796354643134,581.138933948985
134.5,110.374094057801,85.8595187863763,60.5217595719821,33.819577879216,5.00372545365667,0,0,0,0,0,0,158.625905942199,183.140481213624,208.478240428018,235.180422120784,263.996274546343,296.084092708757,333.486363715486,380.546961171485,450.297855790002,510.796354643134,581.138933948985
