"means","lower.10.","lower.20.","lower.30.","lower.40.","lower.50.","lower.60.","lower.70.","lower.80.","lower.90.","lower.95.","lower.98.","upper.10.","upper.20.","upper.30.","upper.40.","upper.50.","upper.60.","upper.70.","upper.80.","upper.90.","upper.95.","upper.98."
323.555555557146,312.301827527935,300.866801480947,289.047794486905,276.592341362081,263.150949071816,248.18332134767,230.736723213987,208.784918961296,176.249038248191,148.029013934913,115.217137013988,334.809283586358,346.244309633346,358.063316627388,370.518769752212,383.960162042477,398.927789766623,416.374387900306,438.326192152997,470.862072866102,499.08209717938,531.893974100305
