"means","lower.10.","lower.20.","lower.30.","lower.40.","lower.50.","lower.60.","lower.70.","lower.80.","lower.90.","lower.95.","lower.98.","upper.10.","upper.20.","upper.30.","upper.40.","upper.50.","upper.60.","upper.70.","upper.80.","upper.90.","upper.95.","upper.98."
527,496.289493562476,465.084239613051,432.83113295955,398.84121669542,362.160752818206,321.315316853902,273.704972716688,213.800288325199,125.0125220404,48.0023760611804,0,557.710506437524,588.915760386949,621.16886704045,655.15878330458,691.839247181794,732.684683146098,780.295027283312,840.199711674801,928.9874779596,1005.99762393882,1095.53856137677
527,483.568785288707,439.437891936134,393.825111078087,345.756110513428,293.882101024136,236.117931522376,168.786737134277,84.0687200181539,0,0,0,570.431214711293,614.562108063866,660.174888921913,708.243889486572,760.117898975864,817.882068477624,885.213262865723,969.931279981846,1095.49614323462,1204.40493611877,1331.03494423112
527,473.807842524037,419.758757220544,363.894737794743,305.022475880257,241.490048799728,170.743678452253,88.2801434407582,0,0,0,0,580.192157475963,634.241242779456,690.105262205257,748.977524119743,812.509951200272,883.256321547747,965.719856559242,1069.47781353668,1223.2627358325,1356.64822136681,1511.73767436669
527,465.578987124952,403.168479226103,338.6622659191,270.68243339084,197.321505636413,115.630633707804,20.4099454333755,0,0,0,0,588.421012875048,650.831520773897,715.3377340809,783.31756660916,856.678494363587,938.369366292196,1033.59005456662,1153.3994233496,1330.9749559192,1484.99524787764,1664.07712275354
