"means","lower.10.","lower.20.","lower.30.","lower.40.","lower.50.","lower.60.","lower.70.","lower.80.","lower.90.","lower.95.","lower.98.","upper.10.","upper.20.","upper.30.","upper.40.","upper.50.","upper.60.","upper.70.","upper.80.","upper.90.","upper.95.","upper.98."
102,89.6866695761601,77.1749708967267,64.243137283763,50.6149325229486,35.9079568259282,19.5310419626896,0.441747549819169,0,0,0,0,114.31333042384,126.825029103273,139.756862716237,153.385067477051,168.092043174072,184.46895803731,203.558252450181,227.57694371953,263.176262346317,294.053362187029,329.95466363176
102,84.5863211166244,66.892107155844,48.6037326740386,29.3305406704973,8.53173617827954,0,0,0,0,0,0,119.413678883376,137.107892844156,155.396267325961,174.669459329503,195.46826382172,218.628718931142,245.625057985956,279.592616929522,329.937656142765,373.604469504249,424.376576914231
102,80.6726860955257,59.0017882937545,36.6031954410745,12.9984523793919,0,0,0,0,0,0,0,123.327313904474,144.998211706245,167.396804558926,191.001547620608,216.474776753528,244.840425367887,277.90405317162,319.505646781443,381.165475357871,434.646181072362,496.829059232481
