"means","lower.10.","lower.20.","lower.30.","lower.40.","lower.50.","lower.60.","lower.70.","lower.80.","lower.90.","lower.95.","lower.98.","upper.10.","upper.20.","upper.30.","upper.40.","upper.50.","upper.60.","upper.70.","upper.80.","upper.90.","upper.95.","upper.98."
262.636363636364,248.480929694017,234.097451133224,219.230984453559,203.563967846014,186.656793604364,167.829853325301,145.88475506462,118.272810453224,77.3477490873423,41.8513616696686,0.579140138016555,276.79179757871,291.175276139504,306.041742819169,321.708759426713,338.615933668363,357.442873947426,379.387972208107,406.999916819503,447.924978185385,483.421365603059,524.693587134711
262.636363636364,248.480929694017,234.097451133224,219.230984453559,203.563967846014,186.656793604364,167.829853325301,145.88475506462,118.272810453224,77.3477490873423,41.8513616696686,0.579140138016555,276.79179757871,291.175276139504,306.041742819169,321.708759426713,338.615933668363,357.442873947426,379.387972208107,406.999916819503,447.924978185385,483.421365603059,524.693587134711
262.636363636364,248.480929694017,234.097451133224,219.230984453559,203.563967846014,186.656793604364,167.829853325301,145.88475506462,118.272810453224,77.3477490873423,41.8513616696686,0.579140138016555,276.79179757871,291.175276139504,306.041742819169,321.708759426713,338.615933668363,357.442873947426,379.387972208107,406.999916819503,447.924978185385,483.421365603059,524.693587134711
