"means","lower.10.","lower.20.","lower.30.","lower.40.","lower.50.","lower.60.","lower.70.","lower.80.","lower.90.","lower.95.","lower.98.","upper.10.","upper.20.","upper.30.","upper.40.","upper.50.","upper.60.","upper.70.","upper.80.","upper.90.","upper.95.","upper.98."
5573.55555555555,5440.08363695919,5304.46148030769,5164.28521735697,5016.56055036287,4857.1424079543,4679.62274655921,4472.70190043266,4212.34822717404,3826.46486383626,3491.76859446201,3102.61184978006,5707.02747415192,5842.64963080342,5982.82589375414,6130.55056074824,6289.96870315681,6467.4883645519,6674.40921067845,6934.76288393707,7320.64624727485,7655.3425166491,8044.49926133105
5573.55555555555,5440.08363695919,5304.46148030769,5164.28521735697,5016.56055036287,4857.1424079543,4679.62274655921,4472.70190043266,4212.34822717404,3826.46486383626,3491.76859446201,3102.61184978006,5707.02747415192,5842.64963080342,5982.82589375414,6130.55056074824,6289.96870315681,6467.4883645519,6674.40921067845,6934.76288393707,7320.64624727485,7655.3425166491,8044.49926133105
