"means","lower.10.","lower.20.","lower.30.","lower.40.","lower.50.","lower.60.","lower.70.","lower.80.","lower.90.","lower.95.","lower.98.","upper.10.","upper.20.","upper.30.","upper.40.","upper.50.","upper.60.","upper.70.","upper.80.","upper.90.","upper.95.","upper.98."
0,0,0,0,0,0,0,0,0,0,0,0,0,0,0,0,0,0,1.36720042967256,8.49653662269555,19.0632868209793,28.2283667564917,38.8847528558115
0,0,0,0,0,0,0,0,0,0,0,0,0,0,0,0,0,0,0,0,10.1019268381975,23.0633071832327,38.1337129307749
