"means","lower.10.","lower.20.","lower.30.","lower.40.","lower.50.","lower.60.","lower.70.","lower.80.","lower.90.","lower.95.","lower.98.","upper.10.","upper.20.","upper.30.","upper.40.","upper.50.","upper.60.","upper.70.","upper.80.","upper.90.","upper.95.","upper.98."
105.4,100.334879456257,95.1881596138646,89.8686161721922,84.2626186449362,78.2128658830778,71.4761792953199,63.6237483145854,53.7435970967923,39.099724650174,26.3983492016937,11.6302553363062,110.465120543743,115.611840386135,120.931383827808,126.537381355064,132.587134116922,139.32382070468,147.176251685415,157.056402903208,171.700275349826,184.401650798306,199.169744663694
105.4,100.334879456257,95.1881596138646,89.8686161721922,84.2626186449362,78.2128658830778,71.4761792953199,63.6237483145854,53.7435970967923,39.099724650174,26.3983492016937,11.6302553363062,110.465120543743,115.611840386135,120.931383827808,126.537381355064,132.587134116922,139.32382070468,147.176251685415,157.056402903208,171.700275349826,184.401650798306,199.169744663694
