"means","lower.10.","lower.20.","lower.30.","lower.40.","lower.50.","lower.60.","lower.70.","lower.80.","lower.90.","lower.95.","lower.98.","upper.10.","upper.20.","upper.30.","upper.40.","upper.50.","upper.60.","upper.70.","upper.80.","upper.90.","upper.95.","upper.98."
345.222222222222,318.396557650387,291.138730527634,262.96560279864,233.27536977102,201.234940144396,165.556402354801,123.968709082051,71.6418947054499,0,0,0,372.047886794057,399.30571391681,427.478841645804,457.169074673425,489.209504300048,524.888042089643,566.475735362393,618.802549738994,696.35877113456,763.627226927345,841.841344237481
345.222222222222,318.396557650387,291.138730527634,262.96560279864,233.27536977102,201.234940144396,165.556402354801,123.968709082051,71.6418947054499,0,0,0,372.047886794057,399.30571391681,427.478841645804,457.169074673425,489.209504300048,524.888042089643,566.475735362393,618.802549738994,696.35877113456,763.627226927345,841.841344237481
