"means","lower.10.","lower.20.","lower.30.","lower.40.","lower.50.","lower.60.","lower.70.","lower.80.","lower.90.","lower.95.","lower.98.","upper.10.","upper.20.","upper.30.","upper.40.","upper.50.","upper.60.","upper.70.","upper.80.","upper.90.","upper.95.","upper.98."
14.4855527918621,0,0,0,0,0,0,0,0,0,0,0,49.8591048879934,85.8025263518689,122.952905190157,162.103808681714,204.353789238384,251.40114613925,306.240586578913,375.241124829088,477.510316728084,566.213588888979,669.350312525934
0,0,0,0,0,0,0,0,0,0,0,0,0,0,0,18.008870603698,61.7566829209598,110.471946516445,167.255535912897,238.702257482622,344.597061553224,436.445011571019,543.238102815992
