"means","lower.10.","lower.20.","lower.30.","lower.40.","lower.50.","lower.60.","lower.70.","lower.80.","lower.90.","lower.95.","lower.98.","upper.10.","upper.20.","upper.30.","upper.40.","upper.50.","upper.60.","upper.70.","upper.80.","upper.90.","upper.95.","upper.98."
487,464.550713701364,441.739768484378,418.162846144857,393.316321290816,366.503014358821,336.645125566897,301.842109586446,258.051968473998,193.148382816799,136.854201589137,71.4000501220452,509.449286298636,532.260231515622,555.837153855143,580.683678709184,607.496985641179,637.354874433103,672.157890413554,715.948031526002,780.851617183201,837.145798410863,902.599949877955
487,455.251914850873,422.992366754461,389.649563422893,354.511270996468,316.591528681169,274.366097407803,225.147200196761,163.218588737305,71.4310576542496,0,0,518.748085149127,551.007633245539,584.350436577107,619.488729003532,657.408471318831,699.633902592197,748.852799803239,810.781411262695,902.56894234575,982.180936920598,1074.74708563898
487,448.116695537103,408.606979452613,367.770552074456,324.735108635734,278.293098710581,226.577718316228,166.297126381455,90.4503771040831,0,0,0,525.883304462897,565.393020547387,606.229447925544,649.264891364266,695.706901289419,747.422281683772,807.702873618545,883.549622895917,995.965930847585,1093.47031290438,1206.8402288117
487,442.101427402729,396.479536968756,349.325692289713,299.632642581632,246.006028717643,186.290251133795,116.684219172893,29.1039369479956,0,0,0,531.898572597271,577.520463031244,624.674307710287,674.367357418368,727.993971282357,787.709748866205,857.315780827107,944.896063052004,1074.7032343664,1187.29159682173,1318.19989975591
