"means","lower.10.","lower.20.","lower.30.","lower.40.","lower.50.","lower.60.","lower.70.","lower.80.","lower.90.","lower.95.","lower.98.","upper.10.","upper.20.","upper.30.","upper.40.","upper.50.","upper.60.","upper.70.","upper.80.","upper.90.","upper.95.","upper.98."
3514,3474.81503430183,3434.99879720726,3393.84555603724,3350.47623858222,3303.67392609853,3251.5573317192,3190.80907588402,3114.37389863237,3001.08545178228,2902.82461929665,2788.57516628858,3553.18496569817,3593.00120279274,3634.15444396276,3677.52376141778,3724.32607390147,3776.4426682808,3837.19092411598,3913.62610136763,4026.91454821772,4125.17538070335,4239.42483371142
4713,4625.3797530029,4536.34794025119,4444.32649550059,4347.34975353339,4242.69660131566,4126.16035352771,3990.3231239657,3819.40887175877,3566.08820353659,3346.37030257299,3090.90075925478,4800.6202469971,4889.65205974881,4981.67350449941,5078.65024646661,5183.30339868434,5299.83964647229,5435.6768760343,5606.59112824123,5859.91179646341,6079.62969742701,6335.09924074522
