"means","lower.10.","lower.20.","lower.30.","lower.40.","lower.50.","lower.60.","lower.70.","lower.80.","lower.90.","lower.95.","lower.98.","upper.10.","upper.20.","upper.30.","upper.40.","upper.50.","upper.60.","upper.70.","upper.80.","upper.90.","upper.95.","upper.98."
129.636363636364,113.278337997779,96.6567838986404,79.4770885186471,61.3722772927849,41.8343393639756,20.0779189649008,0,0,0,0,0,145.994389274948,162.615943374087,179.79563875408,197.900449979942,217.438387908752,239.194808307826,264.554573430645,296.462948668311,343.75596743484,384.775608218752,432.469805424281
129.636363636364,113.278337997779,96.6567838986404,79.4770885186471,61.3722772927849,41.8343393639756,20.0779189649008,0,0,0,0,0,145.994389274948,162.615943374087,179.79563875408,197.900449979942,217.438387908752,239.194808307826,264.554573430645,296.462948668311,343.75596743484,384.775608218752,432.469805424281
