"means","lower.10.","lower.20.","lower.30.","lower.40.","lower.50.","lower.60.","lower.70.","lower.80.","lower.90.","lower.95.","lower.98.","upper.10.","upper.20.","upper.30.","upper.40.","upper.50.","upper.60.","upper.70.","upper.80.","upper.90.","upper.95.","upper.98."
3181,3155.23872328703,3129.06243135498,3102.0071560848,3073.4949711714,3042.7258406843,3008.46295477329,2968.52537666093,2918.2747839476,2843.79583581815,2779.19645565772,2704.08571558671,3206.76127671297,3232.93756864502,3259.9928439152,3288.5050288286,3319.2741593157,3353.53704522671,3393.47462333907,3443.7252160524,3518.20416418185,3582.80354434228,3657.91428441329
