"means","lower.10.","lower.20.","lower.30.","lower.40.","lower.50.","lower.60.","lower.70.","lower.80.","lower.90.","lower.95.","lower.98.","upper.10.","upper.20.","upper.30.","upper.40.","upper.50.","upper.60.","upper.70.","upper.80.","upper.90.","upper.95.","upper.98."
1.45454545454545,1.20094830095774,0.943265686877275,0.676930253486471,0.396252823669286,0.0933577460364194,0,0,0,0,0,0,1.70814260813317,1.96582522221363,2.23216065560444,2.51283808542162,2.81573316305449,3.15302119569144,3.54617159127648,4.04084456188207,4.77402442164905,5.40994860796733,6.14934790475312
1.45454545454545,1.20094830095774,0.943265686877275,0.676930253486471,0.396252823669286,0.0933577460364194,0,0,0,0,0,0,1.70814260813317,1.96582522221363,2.23216065560444,2.51283808542162,2.81573316305449,3.15302119569144,3.54617159127648,4.04084456188207,4.77402442164905,5.40994860796733,6.14934790475312
