"means","lower.10.","lower.20.","lower.30.","lower.40.","lower.50.","lower.60.","lower.70.","lower.80.","lower.90.","lower.95.","lower.98.","upper.10.","upper.20.","upper.30.","upper.40.","upper.50.","upper.60.","upper.70.","upper.80.","upper.90.","upper.95.","upper.98."
0,0,0,0,0,0,0,0,0,0,0,0,0.317279600237817,0.639670587782577,0.972887260919134,1.32404744339086,1.70300449312808,2.12499113866445,2.61686811196578,3.23576166081592,4.15305513007728,4.94867041503684,5.87374512499083
