"means","lower.10.","lower.20.","lower.30.","lower.40.","lower.50.","lower.60.","lower.70.","lower.80.","lower.90.","lower.95.","lower.98.","upper.10.","upper.20.","upper.30.","upper.40.","upper.50.","upper.60.","upper.70.","upper.80.","upper.90.","upper.95.","upper.98."
0,0,0,0,0,0,0,0,0,0,0,0,0.291025720749034,0.586739877735115,0.892383929204148,1.21448672158537,1.56208627872688,1.94915486924338,2.40033058481909,2.96801265762186,3.80940300490569,4.5391836512843,5.38771136630055
0,0,0,0,0,0,0,0,0,0,0,0,0.291025720749034,0.586739877735115,0.892383929204148,1.21448672158537,1.56208627872688,1.94915486924338,2.40033058481909,2.96801265762186,3.80940300490569,4.5391836512843,5.38771136630055
