"means","lower.10.","lower.20.","lower.30.","lower.40.","lower.50.","lower.60.","lower.70.","lower.80.","lower.90.","lower.95.","lower.98.","upper.10.","upper.20.","upper.30.","upper.40.","upper.50.","upper.60.","upper.70.","upper.80.","upper.90.","upper.95.","upper.98."
32,27.1008173937714,22.1227087558373,16.9774383762971,11.5550984065164,5.70354102561731,0,0,0,0,0,0,36.8991826062286,41.8772912441627,47.0225616237029,52.4449015934836,58.2964589743827,64.8124456067503,72.4076238350259,81.9640923484789,96.1282182678381,108.413485150429,122.697762882347
32,25.0715095137291,18.0314007629961,10.7548896101738,3.08654288511216,0,0,0,0,0,0,0,38.9284904862709,45.9685992370039,53.2451103898262,60.9134571148878,69.1888089239597,78.4038055916957,89.1450096507639,102.659897030881,122.690996005199,140.064987047932,160.266006345114
32,23.5143668104543,14.892029723955,5.98016000791219,0,0,0,0,0,0,0,0,40.4856331895457,49.107970276045,58.0198399920878,67.4116083156595,77.5468030027814,88.8328229114816,101.988057495396,118.540346501629,143.073332238762,164.352038663954,189.093133445059
32,22.2016347875428,12.2454175116746,1.95487675259422,0,0,0,0,0,0,0,0,41.7983652124572,51.7545824883254,62.0451232474058,72.8898031869672,84.5929179487654,97.6248912135005,112.815247670052,131.928184696958,160.256436535676,184.826970300859,213.395525764693
