"means","lower.10.","lower.20.","lower.30.","lower.40.","lower.50.","lower.60.","lower.70.","lower.80.","lower.90.","lower.95.","lower.98.","upper.10.","upper.20.","upper.30.","upper.40.","upper.50.","upper.60.","upper.70.","upper.80.","upper.90.","upper.95.","upper.98."
678,654.371790323054,630.362929224025,605.547865744295,579.396526624423,551.175119943891,519.749245307984,483.11855032566,437.02877169199,368.716776811907,309.466308893022,240.574835261407,701.628209676946,725.637070775975,750.452134255705,776.603473375577,804.824880056109,836.250754692016,872.88144967434,918.97122830801,987.283223188093,1046.53369110698,1115.42516473859
678,644.584665420268,610.631008436889,575.537209112705,538.553630655164,498.64253457831,454.199636458774,402.396010815618,337.215220785109,240.607471152934,156.814655845095,59.3873995033971,711.415334579732,745.368991563111,780.462790887295,817.446369344836,857.35746542169,901.800363541226,953.603989184382,1018.78477921489,1115.39252884707,1199.1853441549,1296.6126004966
678,637.074740347639,595.490173092257,552.509222352317,507.213774310735,458.332864078991,403.90165253731,340.455427711365,260.625589408248,142.305743509558,39.6809227018204,0,718.925259652361,760.509826907743,803.490777647683,848.786225689265,897.667135921009,952.09834746269,1015.54457228863,1095.37441059175,1213.69425649044,1316.31907729818,1435.64260983643
678,630.743580646108,582.72585844805,533.095731488589,480.793053248845,424.350239887783,361.498490615968,288.237100651319,196.057543383981,59.4335536238142,0,0,725.256419353892,773.27414155195,822.904268511411,875.206946751155,931.649760112217,994.501509384032,1067.76289934868,1159.94245661602,1296.56644637619,1415.06738221396,1552.85032947718
