"means","lower.10.","lower.20.","lower.30.","lower.40.","lower.50.","lower.60.","lower.70.","lower.80.","lower.90.","lower.95.","lower.98.","upper.10.","upper.20.","upper.30.","upper.40.","upper.50.","upper.60.","upper.70.","upper.80.","upper.90.","upper.95.","upper.98."
56,51.4445305046296,46.8156722097954,42.0313797791299,36.9894561948855,31.5484279067778,25.4895848870762,18.4272633710702,9.541250275507,0,0,0,60.5554694953704,65.1843277902046,69.9686202208701,75.0105438051145,80.4515720932222,86.5104151129238,93.5727366289298,102.458749724493,115.629159717416,127.052526230633,140.334658517031
