"means","lower.10.","lower.20.","lower.30.","lower.40.","lower.50.","lower.60.","lower.70.","lower.80.","lower.90.","lower.95.","lower.98.","upper.10.","upper.20.","upper.30.","upper.40.","upper.50.","upper.60.","upper.70.","upper.80.","upper.90.","upper.95.","upper.98."
564,556.620731256014,549.122582191439,541.372650020544,533.205388851835,524.391629913841,514.577091376059,503.13704804441,488.742861284652,467.408508172415,448.904138524512,427.388809811607,571.379268743986,578.877417808561,586.627349979456,594.794611148165,603.608370086159,613.422908623941,624.86295195559,639.257138715348,660.591491827585,679.095861475488,700.611190188393
742,725.499453464208,708.733082450392,691.403707295259,673.14115613203,653.43299200938,631.487016671108,605.906302115997,573.719922040351,526.014858225405,484.637829811909,436.528092251602,758.500546535792,775.266917549608,792.596292704741,810.85884386797,830.56700799062,852.512983328892,878.093697884003,910.280077959649,957.985141774595,999.362170188091,1047.4719077484
