"means","lower.10.","lower.20.","lower.30.","lower.40.","lower.50.","lower.60.","lower.70.","lower.80.","lower.90.","lower.95.","lower.98.","upper.10.","upper.20.","upper.30.","upper.40.","upper.50.","upper.60.","upper.70.","upper.80.","upper.90.","upper.95.","upper.98."
26.0909090909091,22.8638559518787,19.5848148550933,16.1956656308236,12.6240128416165,8.7696379117579,4.47760864770707,0,0,0,0,0,29.3179622299395,32.5970033267249,35.9861525509946,39.5578053402016,43.4121802700603,47.7042095341111,52.7070938340127,59.0018646545934,68.3316632523388,76.4238721458978,85.8328137997485
26.0909090909091,22.8638559518787,19.5848148550933,16.1956656308236,12.6240128416165,8.7696379117579,4.47760864770707,0,0,0,0,0,29.3179622299395,32.5970033267249,35.9861525509946,39.5578053402016,43.4121802700603,47.7042095341111,52.7070938340127,59.0018646545934,68.3316632523388,76.4238721458978,85.8328137997485
26.0909090909091,22.8638559518787,19.5848148550933,16.1956656308236,12.6240128416165,8.7696379117579,4.47760864770707,0,0,0,0,0,29.3179622299395,32.5970033267249,35.9861525509946,39.5578053402016,43.4121802700603,47.7042095341111,52.7070938340127,59.0018646545934,68.3316632523388,76.4238721458978,85.8328137997485
26.0909090909091,22.8638559518787,19.5848148550933,16.1956656308236,12.6240128416165,8.7696379117579,4.47760864770707,0,0,0,0,0,29.3179622299395,32.5970033267249,35.9861525509946,39.5578053402016,43.4121802700603,47.7042095341111,52.7070938340127,59.0018646545934,68.3316632523388,76.4238721458978,85.8328137997485
