"means","lower.10.","lower.20.","lower.30.","lower.40.","lower.50.","lower.60.","lower.70.","lower.80.","lower.90.","lower.95.","lower.98.","upper.10.","upper.20.","upper.30.","upper.40.","upper.50.","upper.60.","upper.70.","upper.80.","upper.90.","upper.95.","upper.98."
20,16.0873017896643,12.111569851496,8.00233534773918,3.67182113734423,0,0,0,0,0,0,0,23.9126982103357,27.888430148504,31.9976646522608,36.3281788626558,41.0014845816164,46.2054321141338,52.2712685300235,59.9034758297022,71.2155567603431,81.0270999520378,92.4351392944689
20,14.4666091254703,8.8440750981529,3.03273993196847,0,0,0,0,0,0,0,0,25.5333908745297,31.1559249018471,36.9672600680315,43.0915319964215,49.7005843252913,57.0600775036555,65.6384656301433,76.4320367041919,92.4297349749663,106.30535242447,122.438756382622
20,13.2230079050147,6.33683819083305,0,0,0,0,0,0,0,0,0,26.7769920949853,33.663161809167,40.7805647498889,48.281235385192,56.3756383297339,65.3891398559769,75.8954767186993,89.1148475356409,108.707946446842,125.702037755514,145.461341511349
