"means","lower.10.","lower.20.","lower.30.","lower.40.","lower.50.","lower.60.","lower.70.","lower.80.","lower.90.","lower.95.","lower.98.","upper.10.","upper.20.","upper.30.","upper.40.","upper.50.","upper.60.","upper.70.","upper.80.","upper.90.","upper.95.","upper.98."
1,0.79479577299907,0.586285697527461,0.370773985512077,0.143657102662992,0,0,0,0,0,0,0,1.20520422700093,1.41371430247254,1.62922601448792,1.85634289733701,2.10143772347645,2.37436243510966,2.69248951926572,3.09276603308023,3.68603612404003,4.20060945121857,4.7989121490029
