"means","lower.10.","lower.20.","lower.30.","lower.40.","lower.50.","lower.60.","lower.70.","lower.80.","lower.90.","lower.95.","lower.98.","upper.10.","upper.20.","upper.30.","upper.40.","upper.50.","upper.60.","upper.70.","upper.80.","upper.90.","upper.95.","upper.98."
295,286.800068453654,278.468035675486,269.856218502958,260.780660364609,250.986706185011,240.080673763524,227.368361004458,211.373368791778,187.666380853647,167.104104334752,143.196014148075,303.199931546346,311.531964324514,320.143781497042,329.219339635391,339.013293814989,349.919326236476,362.631638995542,378.626631208222,402.333619146353,422.895895665248,446.803985851925
