"means","lower.10.","lower.20.","lower.30.","lower.40.","lower.50.","lower.60.","lower.70.","lower.80.","lower.90.","lower.95.","lower.98.","upper.10.","upper.20.","upper.30.","upper.40.","upper.50.","upper.60.","upper.70.","upper.80.","upper.90.","upper.95.","upper.98."
2.4,2.00174185116153,1.5970677472937,1.17880494279569,0.738018948007047,0.262341554930063,0,0,0,0,0,0,2.79825814883847,3.2029322527063,3.62119505720431,4.06198105199295,4.53765844506994,5.06734777952415,5.6847653906672,6.46161772819024,7.61302991711075,8.61170827631846,9.77288769424325
2.4,2.00174185116153,1.5970677472937,1.17880494279569,0.738018948007047,0.262341554930063,0,0,0,0,0,0,2.79825814883847,3.2029322527063,3.62119505720431,4.06198105199295,4.53765844506994,5.06734777952415,5.6847653906672,6.46161772819024,7.61302991711075,8.61170827631846,9.77288769424325
