"means","lower.10.","lower.20.","lower.30.","lower.40.","lower.50.","lower.60.","lower.70.","lower.80.","lower.90.","lower.95.","lower.98.","upper.10.","upper.20.","upper.30.","upper.40.","upper.50.","upper.60.","upper.70.","upper.80.","upper.90.","upper.95.","upper.98."
349,316.804406820603,284.090141321293,250.277351463844,214.643764031219,176.189520529088,133.368896837418,83.4562301710056,20.6546983196144,0,0,0,381.195593179397,413.909858678707,447.722648536156,483.356235968781,521.810479470912,564.631103162582,614.543769828994,677.345301680386,770.426632280651,851.160804987209,945.031728298708
349,303.46855547705,257.203597524851,209.385091526776,158.991588903551,104.609076212039,44.0515694380039,0,0,0,0,0,394.53144452295,440.796402475149,488.614908473224,539.008411096449,593.390923787961,653.948430561996,724.535600695843,813.350378777887,944.987258916516,1059.1626209051,1191.91615376471
349,293.235596833467,236.572826856364,178.007356877613,116.288172988359,49.683469476042,0,0,0,0,0,0,404.764403166533,461.427173143636,519.992643122387,581.711827011641,648.316530523958,722.484026369719,808.935300977194,917.710744936959,1078.93233877273,1218.76802780753,1381.35723633645
349,284.608813641207,219.180282642586,151.554702927689,80.2875280624389,3.37904105817597,0,0,0,0,0,0,413.391186358793,478.819717357414,546.445297072311,617.712471937561,694.620958941824,780.262206325165,880.087539657989,1005.69060336077,1191.8532645613,1353.32160997442,1541.06345659742
