"means","lower.10.","lower.20.","lower.30.","lower.40.","lower.50.","lower.60.","lower.70.","lower.80.","lower.90.","lower.95.","lower.98.","upper.10.","upper.20.","upper.30.","upper.40.","upper.50.","upper.60.","upper.70.","upper.80.","upper.90.","upper.95.","upper.98."
2,0,0,0,0,0,0,0,0,0,0,0,5.04738836717417,8.14387028529717,11.3443301090731,14.7171326916438,18.3569169833608,22.4099893956636,27.1343403006565,33.0786525094193,41.8890186515119,49.5306973548208,58.4158002979908
2,0,0,0,0,0,0,0,0,0,0,0,6.30965795867571,10.6887446829283,15.2148783715424,19.9847415270209,25.1321738364796,30.8640838112386,37.5453249344891,45.9518518791014,58.4115911667214,69.2185568282386,81.7839899135507
2,0,0,0,0,0,0,0,0,0,0,0,7.27823148234002,12.6414954892474,18.1848545116102,24.0267199485222,30.3310112703671,37.3511386152314,45.5339544154631,55.8298051770922,71.0898069684811,84.3255827377293,99.7150324657795
