"means","lower.10.","lower.20.","lower.30.","lower.40.","lower.50.","lower.60.","lower.70.","lower.80.","lower.90.","lower.95.","lower.98.","upper.10.","upper.20.","upper.30.","upper.40.","upper.50.","upper.60.","upper.70.","upper.80.","upper.90.","upper.95.","upper.98."
81.3333333329664,76.1415271561636,70.8660807699925,65.4134882285643,59.6672769907874,53.4662115895012,46.5610312022912,38.5122001198682,28.3849327276531,13.3747968850641,0.355742562896722,0,86.5251395097691,91.8005858959403,97.2531784373684,102.999389675145,109.200455076432,116.105635463642,124.154466546065,134.28173393828,149.291869780869,162.310924103036,177.448388312973
81.3333333329664,76.1415271561636,70.8660807699925,65.4134882285643,59.6672769907874,53.4662115895012,46.5610312022912,38.5122001198682,28.3849327276531,13.3747968850641,0.355742562896722,0,86.5251395097691,91.8005858959403,97.2531784373684,102.999389675145,109.200455076432,116.105635463642,124.154466546065,134.28173393828,149.291869780869,162.310924103036,177.448388312973
81.3333333329664,76.1415271561636,70.8660807699925,65.4134882285643,59.6672769907874,53.4662115895012,46.5610312022912,38.5122001198682,28.3849327276531,13.3747968850641,0.355742562896722,0,86.5251395097691,91.8005858959403,97.2531784373684,102.999389675145,109.200455076432,116.105635463642,124.154466546065,134.28173393828,149.291869780869,162.310924103036,177.448388312973
