"means","lower.10.","lower.20.","lower.30.","lower.40.","lower.50.","lower.60.","lower.70.","lower.80.","lower.90.","lower.95.","lower.98.","upper.10.","upper.20.","upper.30.","upper.40.","upper.50.","upper.60.","upper.70.","upper.80.","upper.90.","upper.95.","upper.98."
1936,1877.4541408317,1817.96510548314,1756.47846592813,1691.68080930888,1621.7539496932,1543.88707548523,1453.12372358538,1338.92270176113,1169.65958422341,1022.8490726416,852.150125566132,1994.5458591683,2054.03489451686,2115.52153407187,2180.31919069112,2250.2460503068,2328.11292451477,2418.87627641462,2533.07729823887,2702.34041577659,2849.1509273584,3019.84987443387
