"means","lower.10.","lower.20.","lower.30.","lower.40.","lower.50.","lower.60.","lower.70.","lower.80.","lower.90.","lower.95.","lower.98.","upper.10.","upper.20.","upper.30.","upper.40.","upper.50.","upper.60.","upper.70.","upper.80.","upper.90.","upper.95.","upper.98."
9,6.35214961570619,3.66164225367156,0.880789354977786,0,0,0,0,0,0,0,0,11.6478503842938,14.3383577463284,17.1192106450222,20.0498107321678,23.2123890039048,26.7340698832076,30.8390190567598,36.003982451606,43.6592362506948,50.2990272629474,58.0192192463469
9,5.25537407539689,1.45042207434285,0,0,0,0,0,0,0,0,0,12.7446259246031,16.5495779256572,20.4822978099544,24.6267921990874,29.0993532830445,34.0797621449044,39.8850369389941,47.1893982211463,58.0155619672258,67.4056444680765,78.323644675124
9,4.41378860356235,0,0,0,0,0,0,0,0,0,0,13.5862113964376,18.2463068456197,23.0628853545326,28.1388336021344,33.6165798516964,39.7163100626926,46.8262905937729,55.77226961288,69.0315581377364,80.5320135225972,93.903778282031
9,3.70429923141239,0,0,0,0,0,0,0,0,0,0,14.2957007685876,19.6767154926569,25.2384212900444,31.0996214643355,37.4247780078097,44.4681397664151,52.6780381135195,63.0079649032121,78.3184725013896,91.5980545258949,107.038438492694
