"means","lower.10.","lower.20.","lower.30.","lower.40.","lower.50.","lower.60.","lower.70.","lower.80.","lower.90.","lower.95.","lower.98.","upper.10.","upper.20.","upper.30.","upper.40.","upper.50.","upper.60.","upper.70.","upper.80.","upper.90.","upper.95.","upper.98."
238,223.793084870612,209.357295758754,194.436761972782,178.71276677909,161.744103684254,142.848692651283,120.823783364477,93.1114182579625,52.0375185910137,16.4120361440126,0,252.206915129388,266.642704241246,281.563238027218,297.28723322091,314.255896315746,333.151307348717,355.176216635523,382.888581742038,423.962481408986,459.587963855987,501.010286258084
