"means","lower.10.","lower.20.","lower.30.","lower.40.","lower.50.","lower.60.","lower.70.","lower.80.","lower.90.","lower.95.","lower.98.","upper.10.","upper.20.","upper.30.","upper.40.","upper.50.","upper.60.","upper.70.","upper.80.","upper.90.","upper.95.","upper.98."
3510.14543798325,3434.64329649613,3357.92481242866,3278.63017015678,3195.06556101787,3104.88620890902,3004.46722390941,2887.41663255523,2740.14026100243,2521.85449271014,2332.52414254169,2112.38669410583,3585.64757947037,3662.36606353784,3741.66070580972,3825.22531494863,3915.40466705748,4015.82365205709,4132.87424341126,4280.15061496407,4498.43638325636,4687.76673342481,4907.90418186067
2886.86262955313,2737.72046970041,2586.17562356648,2429.54199728458,2264.47374824224,2086.33915387545,1887.97783566551,1656.76349309514,1365.84305407153,934.65513930522,560.663928014735,125.81832128726,3036.00478940585,3187.54963553978,3344.18326182169,3509.25151086402,3687.38610523081,3885.74742344075,4116.96176601113,4407.88220503474,4839.07011980104,5213.06133109153,5647.906937819
2318.21941143884,2097.14577253188,1872.51062828086,1640.33237786844,1395.65147395887,1131.6023075074,837.571039096385,494.841685237019,63.6098983910165,0,0,0,2539.29305034579,2763.92819459681,2996.10644500923,3240.7873489188,3504.83651537028,3798.86778378129,4141.59713764066,4572.82892448666,5211.97939316853,5766.34710569768,6410.9193764552
1811.12710374338,1524.30542064476,1232.8630285272,931.634185090965,614.184356932255,271.606079771527,0,0,0,0,0,0,2097.948786842,2389.39117895956,2690.62002239579,3008.0698505545,3350.64812771523,3732.12528485726,4176.783501944,4736.26507342548,5565.50104243108,6284.73957828411,7121.00981154869
