"means","lower.10.","lower.20.","lower.30.","lower.40.","lower.50.","lower.60.","lower.70.","lower.80.","lower.90.","lower.95.","lower.98.","upper.10.","upper.20.","upper.30.","upper.40.","upper.50.","upper.60.","upper.70.","upper.80.","upper.90.","upper.95.","upper.98."
25,22.0756877248809,19.1042646596783,16.0330630860593,12.7964792295321,9.30369636086096,5.41431700412522,0.880770347500114,0,0,0,0,27.9243122751191,30.8957353403217,33.9669369139407,37.2035207704679,40.696303639139,44.5856829958748,49.1192296524999,54.8234665480894,63.2780049112145,70.6110560822815,79.1373128214258
