"means","lower.10.","lower.20.","lower.30.","lower.40.","lower.50.","lower.60.","lower.70.","lower.80.","lower.90.","lower.95.","lower.98.","upper.10.","upper.20.","upper.30.","upper.40.","upper.50.","upper.60.","upper.70.","upper.80.","upper.90.","upper.95.","upper.98."
327,319.117616801027,311.108248087066,302.829929834079,294.105829323398,284.691153183672,274.207464845457,261.987445697028,246.611871258104,223.822953769512,204.056966450093,181.074734544637,334.882383198973,342.891751912934,351.170070165921,359.894170676602,369.308846816328,379.792535154543,392.012554302972,407.388128741896,430.177046230488,449.943033549907,472.925265455363
