"means","lower.10.","lower.20.","lower.30.","lower.40.","lower.50.","lower.60.","lower.70.","lower.80.","lower.90.","lower.95.","lower.98.","upper.10.","upper.20.","upper.30.","upper.40.","upper.50.","upper.60.","upper.70.","upper.80.","upper.90.","upper.95.","upper.98."
1920,1848.91285645906,1776.68049613485,1702.02261880602,1623.34446150086,1538.43835921653,1443.89138796115,1333.68534578464,1195.02097999909,989.499501562798,811.240269255101,603.975387922349,1991.08714354094,2063.31950386515,2137.97738119398,2216.65553849914,2301.56164078347,2396.10861203885,2506.31465421536,2644.97902000091,2850.5004984372,3028.7597307449,3236.02461207765
