"means","lower.10.","lower.20.","lower.30.","lower.40.","lower.50.","lower.60.","lower.70.","lower.80.","lower.90.","lower.95.","lower.98.","upper.10.","upper.20.","upper.30.","upper.40.","upper.50.","upper.60.","upper.70.","upper.80.","upper.90.","upper.95.","upper.98."
0,0,0,0,0,0,0,0,0,0,0,0,0.716380250524157,1.44430141611732,2.19666571436236,2.9895443592694,3.84518508128607,4.79798160088771,5.90858231110214,7.30597160193811,9.3771130330956,11.1735193470627,13.2622299101549
0,0,0,0,0,0,0,0,0,0,0,0,1.0131146661075,2.04255065082778,3.10655444525124,4.22785417819477,5.43791289178945,6.78537065199197,8.35599723875841,10.3322041257736,13.2612404273093,15.8017426000542,18.7556254062512
