"means","lower.10.","lower.20.","lower.30.","lower.40.","lower.50.","lower.60.","lower.70.","lower.80.","lower.90.","lower.95.","lower.98.","upper.10.","upper.20.","upper.30.","upper.40.","upper.50.","upper.60.","upper.70.","upper.80.","upper.90.","upper.95.","upper.98."
1101.61456345784,1059.77221922736,1017.25579312389,973.311692304729,927.001229154861,877.024958030639,821.374010191694,756.506033742872,674.887307251799,553.916059581191,448.991543150409,326.994117460926,1143.45690768831,1185.97333379178,1229.91743461094,1276.22789776081,1326.20416888504,1381.85511672398,1446.7230931728,1528.34181966387,1649.31306733448,1754.23758376527,1876.23500945475
348.39327002328,305.618156430621,262.153934012477,217.230210477461,169.887372541496,118.797006702979,61.9054615677946,0,0,0,0,0,391.168383615938,434.632606034083,479.556329569099,526.899167505064,577.989533343581,634.881078478765,701.195122592559,784.633332404929,908.301328443907,1015.56487190744,1140.28192201188
0.695314593756848,0,0,0,0,0,0,0,0,0,0,0,55.8664086066632,111.926311195464,169.86866988006,230.931188321887,296.827246569044,370.205632307135,455.737102708795,563.355222947218,722.861488689202,861.20938641634,1022.06871602208
0,0,0,0,0,0,0,0,0,0,0,0,0,0,0,0,0,0,0,0,79.9236476242796,222.903929067248,389.14940585157
