"means","lower.10.","lower.20.","lower.30.","lower.40.","lower.50.","lower.60.","lower.70.","lower.80.","lower.90.","lower.95.","lower.98.","upper.10.","upper.20.","upper.30.","upper.40.","upper.50.","upper.60.","upper.70.","upper.80.","upper.90.","upper.95.","upper.98."
327,300.692356943076,273.960896682978,246.331810883192,217.214916102228,185.793208589614,150.803647214604,110.019040098885,58.7026914865615,0,0,0,353.307643056924,380.039103317022,407.668189116808,436.785083897772,468.206791410386,503.196352785396,543.980959901115,595.297308513439,671.355867430204,737.325324374995,814.029074796441
