"means","lower.10.","lower.20.","lower.30.","lower.40.","lower.50.","lower.60.","lower.70.","lower.80.","lower.90.","lower.95.","lower.98.","upper.10.","upper.20.","upper.30.","upper.40.","upper.50.","upper.60.","upper.70.","upper.80.","upper.90.","upper.95.","upper.98."
1327.42009661737,1293.49299786159,1259.0193321604,1223.38806255433,1185.83807137656,1145.31572691761,1100.19217473839,1047.59516365926,981.416113586654,883.328792194612,798.252669039513,699.333289988475,1361.34719537315,1395.82086107434,1431.4521306804,1469.00212185818,1509.52446631713,1554.64801849635,1607.24502957548,1673.42407964808,1771.51140104013,1856.58752419522,1955.50690324626
