"means","lower.10.","lower.20.","lower.30.","lower.40.","lower.50.","lower.60.","lower.70.","lower.80.","lower.90.","lower.95.","lower.98.","upper.10.","upper.20.","upper.30.","upper.40.","upper.50.","upper.60.","upper.70.","upper.80.","upper.90.","upper.95.","upper.98."
7448.79999999455,7394.6447116999,7339.61697950093,7282.74145083546,7222.80321054171,7158.12042518637,7086.09307634835,7002.13640445811,6896.49974034054,6739.93029105538,6604.12964362541,6446.23204297885,7502.95528828921,7557.98302048818,7614.85854915365,7674.7967894474,7739.47957480274,7811.50692364075,7895.463595531,8001.10025964857,8157.66970893373,8293.47035636369,8451.36795701025
