"means","lower.10.","lower.20.","lower.30.","lower.40.","lower.50.","lower.60.","lower.70.","lower.80.","lower.90.","lower.95.","lower.98.","upper.10.","upper.20.","upper.30.","upper.40.","upper.50.","upper.60.","upper.70.","upper.80.","upper.90.","upper.95.","upper.98."
3149,3131.30794887022,3113.33087807479,3094.7501486046,3075.1688584795,3054.03756767191,3030.50687328337,3003.07897513081,2968.56841629898,2917.41856945405,2873.05370549624,2821.46996341165,3166.69205112978,3184.66912192521,3203.2498513954,3222.8311415205,3243.96243232809,3267.49312671663,3294.92102486919,3329.43158370102,3380.58143054595,3424.94629450376,3476.53003658835
