"means","lower.10.","lower.20.","lower.30.","lower.40.","lower.50.","lower.60.","lower.70.","lower.80.","lower.90.","lower.95.","lower.98.","upper.10.","upper.20.","upper.30.","upper.40.","upper.50.","upper.60.","upper.70.","upper.80.","upper.90.","upper.95.","upper.98."
135,123.245174998633,111.300979286819,98.9557050324319,85.9456454846092,71.9057456632638,56.2716514212263,38.0482051642798,15.1189485850497,0,0,0,146.754825001367,158.699020713181,171.044294967568,184.054354515391,198.094254336736,213.728348578774,231.95179483572,254.88105141495,288.865663718995,318.342246632307,352.615144481866
135,118.376167059744,101.484523492458,84.0256692106889,65.6266665508765,45.7712498091702,23.6613016966617,0,0,0,0,0,151.623832940256,168.515476507542,185.974330789311,204.373333449124,224.22875019083,246.338698303338,272.110543153089,304.537408782569,352.59890841494,394.285091743361,442.754288704036
135,114.640045863551,93.9520920351426,72.5694497931729,50.0353656468474,25.7175458231,0,0,0,0,0,0,155.359954136449,176.047907964857,197.430550206827,219.964634353153,244.2824541769,271.361499734429,302.925434540461,342.640071915471,401.503147101606,452.558086340979,511.920486739035
