"means","lower.10.","lower.20.","lower.30.","lower.40.","lower.50.","lower.60.","lower.70.","lower.80.","lower.90.","lower.95.","lower.98.","upper.10.","upper.20.","upper.30.","upper.40.","upper.50.","upper.60.","upper.70.","upper.80.","upper.90.","upper.95.","upper.98."
1.99999999999702,1.76305069201233,1.52228412100691,1.27343276072568,1.0111809104142,0.728169930118435,0.413023782797035,0.0456824587724434,0,0,0,0,2.23694930798171,2.47771587898713,2.72656723926837,2.98881908957984,3.27183006987561,3.58697621719701,3.9543175412216,4.41651680649522,5.10156574313482,5.69574353159616,6.38660361901885
1.99999999999702,1.76305069201233,1.52228412100691,1.27343276072568,1.0111809104142,0.728169930118435,0.413023782797035,0.0456824587724434,0,0,0,0,2.23694930798171,2.47771587898713,2.72656723926837,2.98881908957984,3.27183006987561,3.58697621719701,3.9543175412216,4.41651680649522,5.10156574313482,5.69574353159616,6.38660361901885
