"means","lower.10.","lower.20.","lower.30.","lower.40.","lower.50.","lower.60.","lower.70.","lower.80.","lower.90.","lower.95.","lower.98.","upper.10.","upper.20.","upper.30.","upper.40.","upper.50.","upper.60.","upper.70.","upper.80.","upper.90.","upper.95.","upper.98."
2,1.14772244575564,0.281714665333824,0,0,0,0,0,0,0,0,0,2.85227755424436,3.71828533466618,4.613373108987,5.55666079984604,6.57461653123126,7.70815851096126,9.02944012969802,10.6919141108687,13.1559509853492,15.2931355023383,17.7780743723505
2,0.794697523881452,0,0,0,0,0,0,0,0,0,0,3.20530247611855,4.4300224243117,5.69586769427055,7.02987793990301,8.46948474112341,10.0725551823768,11.9411295673086,14.2922228185726,17.7768971846503,20.7993325138701,24.3135667655095
2,0.523811973898225,0,0,0,0,0,0,0,0,0,0,3.47618802610177,4.97615750154231,6.52649500389972,8.1603172106219,9.92346825723703,11.8868205586416,14.1753474534005,17.0548368550495,21.3226739133728,25.0243860819475,29.3284264585116
