"means","lower.10.","lower.20.","lower.30.","lower.40.","lower.50.","lower.60.","lower.70.","lower.80.","lower.90.","lower.95.","lower.98.","upper.10.","upper.20.","upper.30.","upper.40.","upper.50.","upper.60.","upper.70.","upper.80.","upper.90.","upper.95.","upper.98."
2895.66666666505,2849.83342342659,2803.26180476925,2755.12634059339,2704.39881179285,2649.65583233713,2588.69692872734,2517.64188155815,2428.23840732943,2295.72899082047,2180.79683365544,2047.16336285149,2941.49990990351,2988.07152856084,3036.2069927367,3086.93452153725,3141.67750099296,3202.63640460275,3273.69145177194,3363.09492600067,3495.60434250962,3610.53649967465,3744.1699704786
