"means","lower.10.","lower.20.","lower.30.","lower.40.","lower.50.","lower.60.","lower.70.","lower.80.","lower.90.","lower.95.","lower.98.","upper.10.","upper.20.","upper.30.","upper.40.","upper.50.","upper.60.","upper.70.","upper.80.","upper.90.","upper.95.","upper.98."
3625.88835504647,3579.47432500625,3532.31256304809,3483.56713893237,3432.19680423088,3376.7601361398,3315.02877733888,3243.0733393032,3152.53696776688,3018.34842678891,2901.95987956152,2766.6330405682,3672.30238508668,3719.46414704484,3768.20957116057,3819.57990586205,3875.01657395313,3936.74793275406,4008.70337078974,4099.23974232605,4233.42828330403,4349.81683053142,4485.14366952474
