"means","lower.10.","lower.20.","lower.30.","lower.40.","lower.50.","lower.60.","lower.70.","lower.80.","lower.90.","lower.95.","lower.98.","upper.10.","upper.20.","upper.30.","upper.40.","upper.50.","upper.60.","upper.70.","upper.80.","upper.90.","upper.95.","upper.98."
479.885641848312,447.566741899498,414.727183153683,380.784892781706,345.014831312881,306.413310867901,263.428687316299,213.324858783562,150.282801653947,56.8449763587271,0,0,512.204541797126,545.04410054294,578.986390914918,614.756452383743,653.357972828722,696.342596380325,746.446424913062,809.488482042677,902.926307337897,983.969686026855,1078.2001281157
365.876160821009,333.345619105311,300.291009035111,266.126446051201,230.122142729379,191.267838495213,148.001728207004,97.5697925043098,34.1149016340648,0,0,0,398.406702536707,431.461312606907,465.625875590817,501.630178912639,540.484483146804,583.750593435013,634.182529137708,697.637420007953,791.687127095889,873.261221987663,968.108736355871
