"means","lower.10.","lower.20.","lower.30.","lower.40.","lower.50.","lower.60.","lower.70.","lower.80.","lower.90.","lower.95.","lower.98.","upper.10.","upper.20.","upper.30.","upper.40.","upper.50.","upper.60.","upper.70.","upper.80.","upper.90.","upper.95.","upper.98."
500.924314704992,452.55160083478,403.399600570192,352.597107203657,299.058931359436,241.282821826085,176.946384039725,101.954408283904,7.59737892491722,0,0,0,549.297028575204,598.449028839792,649.251522206327,702.789698050548,760.565807583899,824.902245370258,899.89422112608,994.251250485067,1134.10258189854,1255.40275531426,1396.44042120778
