"means","lower.10.","lower.20.","lower.30.","lower.40.","lower.50.","lower.60.","lower.70.","lower.80.","lower.90.","lower.95.","lower.98.","upper.10.","upper.20.","upper.30.","upper.40.","upper.50.","upper.60.","upper.70.","upper.80.","upper.90.","upper.95.","upper.98."
1372.40393183824,1299.22530403517,1224.86776555202,1148.01334792491,1067.02036800091,979.616208151727,882.287531336619,768.839071595937,626.095004132792,414.526793245764,231.022922310317,17.6600151488822,1445.58255964132,1519.94009812447,1596.79451575157,1677.78749567558,1765.19165552476,1862.52033233987,1975.96879208055,2118.71285954369,2330.28107043072,2513.78494136617,2727.1478485276
