"means","lower.10.","lower.20.","lower.30.","lower.40.","lower.50.","lower.60.","lower.70.","lower.80.","lower.90.","lower.95.","lower.98.","upper.10.","upper.20.","upper.30.","upper.40.","upper.50.","upper.60.","upper.70.","upper.80.","upper.90.","upper.95.","upper.98."
155,143.961732667856,132.745638398556,121.152914772921,108.935930234292,95.7518830429042,81.0708212900091,63.958250794596,42.4267295835672,10.5137716494686,0,0,166.038267332144,177.254361601444,188.847085227079,201.064069765708,214.248116957096,228.929178709991,246.041749205404,267.573270416433,299.486228350531,327.165960051974,359.349630048483
