"means","lower.10.","lower.20.","lower.30.","lower.40.","lower.50.","lower.60.","lower.70.","lower.80.","lower.90.","lower.95.","lower.98.","upper.10.","upper.20.","upper.30.","upper.40.","upper.50.","upper.60.","upper.70.","upper.80.","upper.90.","upper.95.","upper.98."
18.4444444445018,16.821615057645,15.1726418231438,13.4682971096755,11.6721744998954,9.73387579991866,7.57548828075816,5.05962401973018,1.89409230052332,0,0,0,20.0672738313586,21.7162470658598,23.4205917793281,25.2167143891081,27.1550130890849,29.3134006082454,31.8292648692734,34.9947965884802,39.6865914507196,43.7560237876774,48.4876183283478
9.88888888900358,7.5938615606931,5.26186124847121,2.85155383972546,0.311452885289581,0,0,0,0,0,0,0,12.1839162173141,14.515916529536,16.9262239382817,19.4663248927176,22.2074932021549,25.2599141046085,28.817883463644,33.2946213530685,39.9298212791199,45.6848676812052,52.3763528522718
