"means","lower.10.","lower.20.","lower.30.","lower.40.","lower.50.","lower.60.","lower.70.","lower.80.","lower.90.","lower.95.","lower.98.","upper.10.","upper.20.","upper.30.","upper.40.","upper.50.","upper.60.","upper.70.","upper.80.","upper.90.","upper.95.","upper.98."
109,104.446424665385,99.8194910463132,95.0371879208056,89.9973607645572,84.5585948518781,78.5022710945011,71.4428860864161,62.5605677883473,49.3956340418941,37.9770173557945,24.700407769911,113.553575334615,118.180508953687,122.962812079194,128.002639235443,133.441405148122,139.497728905499,146.557113913584,155.439432211653,168.604365958106,180.022982644206,193.299592230089
109,102.5602720045,96.0167997282085,89.2536017887364,82.1262098723537,74.4346333560704,65.8696981602655,55.8862201398184,43.3247251373747,24.7066972853974,8.55833470437561,0,115.4397279955,121.983200271792,128.746398211264,135.873790127646,143.56536664393,152.130301839734,162.113779860182,174.675274862625,193.293302714603,209.441665295624,228.217626634313
