"means","lower.10.","lower.20.","lower.30.","lower.40.","lower.50.","lower.60.","lower.70.","lower.80.","lower.90.","lower.95.","lower.98.","upper.10.","upper.20.","upper.30.","upper.40.","upper.50.","upper.60.","upper.70.","upper.80.","upper.90.","upper.95.","upper.98."
602.3,574.590474686602,546.434547789672,517.333162663736,486.664686159213,453.568578011971,416.71449212797,373.756553979552,319.705658664166,239.59408960249,170.109250798518,89.3181092532014,630.009525313398,658.165452210328,687.266837336264,717.935313840787,751.031421988029,787.88550787203,830.843446020448,884.894341335834,965.00591039751,1034.49074920148,1115.2818907468
602.3,574.590474686602,546.434547789672,517.333162663736,486.664686159213,453.568578011971,416.71449212797,373.756553979552,319.705658664166,239.59408960249,170.109250798518,89.3181092532014,630.009525313398,658.165452210328,687.266837336264,717.935313840787,751.031421988029,787.88550787203,830.843446020448,884.894341335834,965.00591039751,1034.49074920148,1115.2818907468
602.3,574.590474686602,546.434547789672,517.333162663736,486.664686159213,453.568578011971,416.71449212797,373.756553979552,319.705658664166,239.59408960249,170.109250798518,89.3181092532014,630.009525313398,658.165452210328,687.266837336264,717.935313840787,751.031421988029,787.88550787203,830.843446020448,884.894341335834,965.00591039751,1034.49074920148,1115.2818907468
