"means","lower.10.","lower.20.","lower.30.","lower.40.","lower.50.","lower.60.","lower.70.","lower.80.","lower.90.","lower.95.","lower.98.","upper.10.","upper.20.","upper.30.","upper.40.","upper.50.","upper.60.","upper.70.","upper.80.","upper.90.","upper.95.","upper.98."
122,117.403257535305,112.732461361927,107.904822805262,102.817218933258,97.3268944323549,91.2131577420124,84.0868509486194,75.1203297635426,61.830594654256,50.3037313980223,36.9012617810868,126.596742464695,131.267538638073,136.095177194738,141.182781066742,146.673105567645,152.786842257988,159.913149051381,168.879670236457,182.169405345744,193.696268601978,207.098738218913
