"means","lower.10.","lower.20.","lower.30.","lower.40.","lower.50.","lower.60.","lower.70.","lower.80.","lower.90.","lower.95.","lower.98.","upper.10.","upper.20.","upper.30.","upper.40.","upper.50.","upper.60.","upper.70.","upper.80.","upper.90.","upper.95.","upper.98."
32,22.1838175602128,12.2094960207553,1.90024306835732,0,0,0,0,0,0,0,0,41.8161824397872,51.7905039792447,62.0997569316427,72.9641567044226,84.6885522668093,97.7442227121639,112.962201126903,132.109892884478,160.489656469485,185.104868992422,213.725373167714
