"means","lower.10.","lower.20.","lower.30.","lower.40.","lower.50.","lower.60.","lower.70.","lower.80.","lower.90.","lower.95.","lower.98.","upper.10.","upper.20.","upper.30.","upper.40.","upper.50.","upper.60.","upper.70.","upper.80.","upper.90.","upper.95.","upper.98."
143.22222222234,126.529720060071,109.568301006802,92.0373282223327,73.5623235235788,53.6248886320682,31.4236094203414,5.54530702003285,0,0,0,0,159.91472438461,176.876143437879,194.407116222348,212.882120921102,232.819555812613,255.020835024339,280.899137424648,313.459950961516,361.719981570495,403.578360913407,452.247772954377
