"means","lower.10.","lower.20.","lower.30.","lower.40.","lower.50.","lower.60.","lower.70.","lower.80.","lower.90.","lower.95.","lower.98.","upper.10.","upper.20.","upper.30.","upper.40.","upper.50.","upper.60.","upper.70.","upper.80.","upper.90.","upper.95.","upper.98."
445.777777777768,440.802326909116,435.746721323939,430.52135169865,425.014599188859,419.071947405121,412.454522835374,404.741106302298,395.035867002572,380.651240367186,368.174721997592,353.668073080489,450.75322864642,455.808834231598,461.034203856887,466.540956366678,472.483608150415,479.101032720163,486.814449253239,496.519688552965,510.90431518835,523.380833557945,537.887482475048
