"means","lower.10.","lower.20.","lower.30.","lower.40.","lower.50.","lower.60.","lower.70.","lower.80.","lower.90.","lower.95.","lower.98.","upper.10.","upper.20.","upper.30.","upper.40.","upper.50.","upper.60.","upper.70.","upper.80.","upper.90.","upper.95.","upper.98."
13,8.14500768328044,3.21180124222264,0,0,0,0,0,0,0,0,0,17.8549923167196,22.7881987577774,27.8870591530509,33.2604899899538,39.0592667265037,45.5164796084592,53.043149852494,62.513419678485,76.5497861580913,88.7242407799705,102.879675311065
