"means","lower.10.","lower.20.","lower.30.","lower.40.","lower.50.","lower.60.","lower.70.","lower.80.","lower.90.","lower.95.","lower.98.","upper.10.","upper.20.","upper.30.","upper.40.","upper.50.","upper.60.","upper.70.","upper.80.","upper.90.","upper.95.","upper.98."
41,11.5102472601734,0,0,0,0,0,0,0,0,0,0,70.4897527398266,100.454586599669,131.425620640998,164.064425485059,199.28682770502,238.508642870724,284.226458671671,341.749910271409,427.008330850921,500.957295776172,586.938948684087
41,0,0,0,0,0,0,0,0,0,0,0,82.7048082756919,125.081482714538,168.881139096504,215.039379566623,264.851378485452,320.319401433683,384.974156581456,466.324601988318,586.898216678374,691.477845799115,813.074265456745
41,0,0,0,0,0,0,0,0,0,0,0,92.0777500480231,143.978364733631,197.621769256158,254.153837544396,315.160827753995,383.095004386071,462.280584164386,561.914124961861,709.586041178653,837.669405596315,986.593996951577
41,0,0,0,0,0,0,0,0,0,0,0,99.9795054796531,159.909173199338,221.851241281996,287.128850970118,357.573655410039,436.017285741449,527.452917343342,642.499820542817,813.016661701842,960.914591552343,1132.87789736817
