"means","lower.10.","lower.20.","lower.30.","lower.40.","lower.50.","lower.60.","lower.70.","lower.80.","lower.90.","lower.95.","lower.98.","upper.10.","upper.20.","upper.30.","upper.40.","upper.50.","upper.60.","upper.70.","upper.80.","upper.90.","upper.95.","upper.98."
0,0,0,0,0,0,0,0,0,0,0,0,2.04519006474786,4.12332822489613,6.27124895095733,8.53483386403686,10.9775978882849,13.6977314684468,16.8683793705499,20.8577784251884,26.7706687855685,31.8992193603334,37.862267739521
0,0,0,0,0,0,0,0,0,0,0,0,2.89233552719713,5.83126669776388,8.8688853194619,12.0700778031221,15.5246678158907,19.3715176164223,23.8554908810862,29.4973531298744,37.8594428703491,45.1123086484978,53.5453325394319
