"means","lower.10.","lower.20.","lower.30.","lower.40.","lower.50.","lower.60.","lower.70.","lower.80.","lower.90.","lower.95.","lower.98.","upper.10.","upper.20.","upper.30.","upper.40.","upper.50.","upper.60.","upper.70.","upper.80.","upper.90.","upper.95.","upper.98."
33,15.1525445290777,0,0,0,0,0,0,0,0,0,0,50.8474554709223,68.9824341777757,87.7263740072383,107.479663267334,128.796568184976,152.533952687129,180.202773410514,215.016467849314,266.615607327991,311.370165640777,363.407011630261
