"means","lower.10.","lower.20.","lower.30.","lower.40.","lower.50.","lower.60.","lower.70.","lower.80.","lower.90.","lower.95.","lower.98.","upper.10.","upper.20.","upper.30.","upper.40.","upper.50.","upper.60.","upper.70.","upper.80.","upper.90.","upper.95.","upper.98."
75,71.155702142544,67.2494724897315,63.2120741141432,58.9572643624665,54.365655657461,49.2526816241649,43.2928859323622,35.7941020771929,24.6797747901669,15.0397533925205,3.83114520341134,78.844297857456,82.7505275102685,86.7879258858568,91.0427356375335,95.634344342539,100.747318375835,106.707114067638,114.205897922807,125.320225209833,134.960246607479,146.168854796589
69,60.4038886649716,51.6692936255575,42.6413964054947,33.1273525694168,22.8602033789445,11.4272458733033,0,0,0,0,0,77.5961113350284,86.3307063744425,95.3586035945053,104.872647430583,115.139796621055,126.572754126697,139.899262425578,156.667052874315,181.519444212285,203.075187361975,228.138397205984
63,48.6159545246905,34.0001814898093,18.8936200344401,2.97357969776137,0,0,0,0,0,0,0,77.3840454753095,91.9998185101907,107.10637996556,123.026420302239,140.206646930498,159.337643990564,181.637157564461,209.695037567976,251.2810423605,287.350699631663,329.289471257898
57,35.9439134570257,14.5486125006161,0,0,0,0,0,0,0,0,0,78.0560865429743,99.4513874993839,121.565129138828,144.869681927691,170.018958557377,198.023870697121,230.667016082346,271.739546795664,332.615224461657,385.415796204891,446.807871639014
