"means","lower.10.","lower.20.","lower.30.","lower.40.","lower.50.","lower.60.","lower.70.","lower.80.","lower.90.","lower.95.","lower.98.","upper.10.","upper.20.","upper.30.","upper.40.","upper.50.","upper.60.","upper.70.","upper.80.","upper.90.","upper.95.","upper.98."
1445,1391.41292422374,1336.96255847001,1280.68378385009,1221.37443243382,1157.37031705736,1086.09869942428,1003.02292455208,898.494630029479,743.567951448394,609.192162611283,452.951268006486,1498.58707577626,1553.03744152999,1609.31621614991,1668.62556756618,1732.62968294264,1803.90130057572,1886.97707544792,1991.50536997052,2146.43204855161,2280.80783738872,2437.04873199351
1445,1369.2164306693,1292.2119849442,1212.62177860297,1128.74568945453,1038.23020144145,937.436913172469,819.950025643557,672.124693877964,453.025283855176,262.98922082715,42.0312286797409,1520.7835693307,1597.7880150558,1677.37822139703,1761.25431054547,1851.76979855855,1952.56308682753,2070.04997435644,2217.87530612204,2436.97471614482,2627.01077917285,2847.96877132026
1445,1352.18446212647,1257.87366215031,1160.39596512089,1057.66915510395,946.810775378425,823.364712500298,679.473249543502,498.424932601832,230.0840538515,0,0,1537.81553787353,1632.12633784969,1729.60403487911,1832.33084489605,1943.18922462157,2066.6352874997,2210.5267504565,2391.57506739817,2659.9159461485,2892.66163972152,3163.27880739705
