"means","lower.10.","lower.20.","lower.30.","lower.40.","lower.50.","lower.60.","lower.70.","lower.80.","lower.90.","lower.95.","lower.98.","upper.10.","upper.20.","upper.30.","upper.40.","upper.50.","upper.60.","upper.70.","upper.80.","upper.90.","upper.95.","upper.98."
308,277.985405418746,247.487274493994,215.965035609391,182.745343886166,146.896073390852,106.976210673603,60.4447351976264,1.89751393358483,0,0,0,338.014594581254,368.512725506006,400.034964390609,433.254656113834,469.103926609148,509.023789326397,555.555264802374,614.102486066415,700.87828750866,776.143354039286,863.655259487441
