"means","lower.10.","lower.20.","lower.30.","lower.40.","lower.50.","lower.60.","lower.70.","lower.80.","lower.90.","lower.95.","lower.98.","upper.10.","upper.20.","upper.30.","upper.40.","upper.50.","upper.60.","upper.70.","upper.80.","upper.90.","upper.95.","upper.98."
3,1.55516731546592,0.0870583174252482,0,0,0,0,0,0,0,0,0,4.44483268453408,5.91294168257475,7.4303488528389,9.02946744969104,10.7551678448143,12.6768170698222,14.9167339357751,17.7350608214485,21.9122458176004,25.535330841544,29.7479501702862
3,0.956698022171982,0,0,0,0,0,0,0,0,0,0,5.04330197782802,7.11952163389912,9.26545943372885,11.5269546412402,13.9674635446161,16.6850859407461,19.8528067511648,23.8385228560849,29.7459545301843,34.8697705086762,40.8273138964984
3,0.497476381950844,0,0,0,0,0,0,0,0,0,0,5.50252361804916,8.04536299370464,10.6735893083715,13.4433439654476,16.4323447284427,19.7607388204819,23.6403886370427,28.5218739953664,35.7569706413159,42.0323379829281,49.3288086932562
3,0.110334630931847,0,0,0,0,0,0,0,0,0,0,5.88966536906815,8.8258833651495,11.8606977056778,15.0589348993821,18.5103356896285,22.3536341396445,26.8334678715501,32.470121642897,40.8244916352008,48.070661683088,56.4959003405723
