"means","lower.10.","lower.20.","lower.30.","lower.40.","lower.50.","lower.60.","lower.70.","lower.80.","lower.90.","lower.95.","lower.98.","upper.10.","upper.20.","upper.30.","upper.40.","upper.50.","upper.60.","upper.70.","upper.80.","upper.90.","upper.95.","upper.98."
3255.8749999971,3197.8727368197,3138.93605481564,3078.02031628131,3013.82430334547,2944.5467118605,2867.40282850525,2777.48221074432,2664.34154089889,2496.65002472474,2351.20264294667,2182.08862885536,3313.8772631745,3372.81394517856,3433.72968371289,3497.92569664874,3567.2032881337,3644.34717148895,3734.26778924988,3847.40845909532,4015.09997526946,4160.54735704753,4329.66137113885
