"means","lower.10.","lower.20.","lower.30.","lower.40.","lower.50.","lower.60.","lower.70.","lower.80.","lower.90.","lower.95.","lower.98.","upper.10.","upper.20.","upper.30.","upper.40.","upper.50.","upper.60.","upper.70.","upper.80.","upper.90.","upper.95.","upper.98."
20.3333333333333,16.7696652701375,13.1485863690222,9.40591392714118,5.46170091627465,1.20527492967102,0,0,0,0,0,0,23.8970013965292,27.5180802976444,31.2607527395255,35.204965750392,39.4613917369956,44.2011239185349,49.725860647469,56.6772409848812,66.9802337979541,75.9165435369843,86.3069348431452
20.3333333333333,16.7696652701375,13.1485863690222,9.40591392714118,5.46170091627465,1.20527492967102,0,0,0,0,0,0,23.8970013965292,27.5180802976444,31.2607527395255,35.204965750392,39.4613917369956,44.2011239185349,49.725860647469,56.6772409848812,66.9802337979541,75.9165435369843,86.3069348431452
20.3333333333333,16.7696652701375,13.1485863690222,9.40591392714118,5.46170091627465,1.20527492967102,0,0,0,0,0,0,23.8970013965292,27.5180802976444,31.2607527395255,35.204965750392,39.4613917369956,44.2011239185349,49.725860647469,56.6772409848812,66.9802337979541,75.9165435369843,86.3069348431452
