"means","lower.10.","lower.20.","lower.30.","lower.40.","lower.50.","lower.60.","lower.70.","lower.80.","lower.90.","lower.95.","lower.98.","upper.10.","upper.20.","upper.30.","upper.40.","upper.50.","upper.60.","upper.70.","upper.80.","upper.90.","upper.95.","upper.98."
464.794728956758,417.894990263833,370.239694866744,320.984164771155,269.076255201994,213.059459305895,150.682100683641,77.9736709591704,0,0,0,0,511.694467649684,559.349763046772,608.605293142362,660.513202711523,716.529998607621,778.907357229876,851.615786954346,943.099593975195,1078.69237706254,1196.29889489959,1333.04188794344
