"means","lower.10.","lower.20.","lower.30.","lower.40.","lower.50.","lower.60.","lower.70.","lower.80.","lower.90.","lower.95.","lower.98.","upper.10.","upper.20.","upper.30.","upper.40.","upper.50.","upper.60.","upper.70.","upper.80.","upper.90.","upper.95.","upper.98."
295,286.800068453654,278.468035675486,269.856218502958,260.780660364609,250.986706185011,240.080673763524,227.368361004458,211.373368791778,187.666380853647,167.104104334752,143.196014148075,303.199931546346,311.531964324514,320.143781497042,329.219339635391,339.013293814989,349.919326236476,362.631638995542,378.626631208222,402.333619146353,422.895895665248,446.803985851925
295,283.403545596627,271.620271839604,259.441323197537,246.606545792179,232.755802962131,217.332343999983,199.354418886983,176.734083969759,143.207340104639,114.127889778351,80.3167443859148,306.596454403373,318.379728160396,330.558676802463,343.393454207821,357.244197037869,372.667656000017,390.645581113017,413.265916030241,446.792659895361,475.872110221649,509.683255614085
295,280.797301943143,266.365797841025,251.449692952713,235.730365150047,218.766738903982,199.876936640973,177.858565060564,150.154425881535,109.092718278269,73.4778106282615,32.0677837129996,309.202698056857,323.634202158975,338.550307047287,354.269634849953,371.233261096018,390.123063359027,412.141434939436,439.845574118465,480.907281721731,516.522189371738,557.932216287
