"means","lower.10.","lower.20.","lower.30.","lower.40.","lower.50.","lower.60.","lower.70.","lower.80.","lower.90.","lower.95.","lower.98.","upper.10.","upper.20.","upper.30.","upper.40.","upper.50.","upper.60.","upper.70.","upper.80.","upper.90.","upper.95.","upper.98."
6127.8749999916,6066.7390731149,6004.61824396147,5940.41143662906,5872.74713289977,5799.72671032997,5718.41500707166,5623.63628619096,5504.38301330924,5327.63169863537,5174.32629278259,4996.07562749923,6189.01092686829,6251.13175602172,6315.33856335413,6383.00286708342,6456.02328965322,6537.33499291154,6632.11371379224,6751.36698667395,6928.11830134782,7081.42370720061,7259.67437248397
