"means","lower.10.","lower.20.","lower.30.","lower.40.","lower.50.","lower.60.","lower.70.","lower.80.","lower.90.","lower.95.","lower.98.","upper.10.","upper.20.","upper.30.","upper.40.","upper.50.","upper.60.","upper.70.","upper.80.","upper.90.","upper.95.","upper.98."
154,141.145697694977,128.08431205528,114.584333341361,100.357389221426,85.0042796162373,67.9078640057122,47.9799035980601,22.9059790041531,0,0,0,166.854302305023,179.91568794472,193.415666658639,207.642610778574,222.995720383763,240.092135994288,260.02009640194,285.094020995847,322.257354369536,354.491003755444,391.969587211698
154,135.821271345393,117.349682630348,98.2578296413754,78.1378923158399,56.4253164875809,32.2473336632093,4.06494178427363,0,0,0,0,172.178728654607,190.650317369652,209.742170358625,229.86210768416,251.574683512419,275.752666336791,303.935058215726,339.39494243835,391.951832518413,437.537096644744,490.53981766711
