"means","lower.10.","lower.20.","lower.30.","lower.40.","lower.50.","lower.60.","lower.70.","lower.80.","lower.90.","lower.95.","lower.98.","upper.10.","upper.20.","upper.30.","upper.40.","upper.50.","upper.60.","upper.70.","upper.80.","upper.90.","upper.95.","upper.98."
110.111111111111,105.11678611057,100.042002330469,94.7968105185916,89.2691684098694,83.3039734644167,76.6614460150722,68.9187690099702,59.1767133550243,44.7375193352033,32.2136718974616,17.6519927103077,115.105436111652,120.180219891754,125.425411703631,130.953053812353,136.918248757806,143.56077620715,151.303453212252,161.045508867198,175.484702887019,188.008550324761,202.570229511914
