"means","lower.10.","lower.20.","lower.30.","lower.40.","lower.50.","lower.60.","lower.70.","lower.80.","lower.90.","lower.95.","lower.98.","upper.10.","upper.20.","upper.30.","upper.40.","upper.50.","upper.60.","upper.70.","upper.80.","upper.90.","upper.95.","upper.98."
2,1.30034666695705,0.589421890168282,0,0,0,0,0,0,0,0,0,2.69965333304295,3.41057810983172,4.14537529127902,4.91974084114154,5.75540302279468,6.68595249029222,7.77062154420997,9.13538289012446,11.1581647918483,12.9126264260808,14.9525672342763
