"means","lower.10.","lower.20.","lower.30.","lower.40.","lower.50.","lower.60.","lower.70.","lower.80.","lower.90.","lower.95.","lower.98.","upper.10.","upper.20.","upper.30.","upper.40.","upper.50.","upper.60.","upper.70.","upper.80.","upper.90.","upper.95.","upper.98."
2766.77777778895,2703.5706990739,2639.34535174148,2572.96335783982,2503.00673510566,2427.51253990871,2343.44617352044,2245.4565563302,2122.16324270687,1939.42397906387,1780.92492048702,1596.63551150662,2829.984856504,2894.21020383641,2960.59219773807,3030.54882047223,3106.04301566918,3190.10938205745,3288.09899924769,3411.39231287102,3594.13157651402,3752.63063509087,3936.92004407127
2419.55555557789,2330.16724762109,2239.33889037546,2145.46057430236,2046.5269696539,1939.76205492593,1820.87425944021,1682.29601383802,1507.93293756199,1249.50059253999,1025.34907427724,764.724492695444,2508.9438635347,2599.77222078032,2693.65053685342,2792.58414150189,2899.34905622985,3018.23685171557,3156.81509731776,3331.17817359379,3589.61051861579,3813.76203687855,4074.38661846034
2072.33333336684,1962.85546163437,1851.61389692087,1736.63691077546,1615.46848587397,1484.70870411633,1339.10148632415,1169.37849073642,955.828207307289,639.314518139894,364.78609573295,45.5874760820668,2181.81120509931,2293.05276981281,2408.02975595822,2529.19818085971,2659.95796261734,2805.56518040953,2975.28817599726,3188.83845942639,3505.35214859378,3779.88057100073,4099.07919065161
1725.11111115579,1598.69695372569,1470.24625906086,1337.48227125753,1197.56902578921,1046.58063539532,878.447902618777,682.468668238291,435.88204099163,70.4035137056358,0,0,1851.52526858588,1979.97596325071,2112.73995105404,2252.65319652236,2403.64158691625,2571.77431969279,2767.75355407328,3014.34018131994,3379.81870860594,3696.81682575964,4065.39564372043
