"means","lower.10.","lower.20.","lower.30.","lower.40.","lower.50.","lower.60.","lower.70.","lower.80.","lower.90.","lower.95.","lower.98.","upper.10.","upper.20.","upper.30.","upper.40.","upper.50.","upper.60.","upper.70.","upper.80.","upper.90.","upper.95.","upper.98."
15.9999999997054,13.6423527999534,11.2467238076057,8.77065110787264,6.16124344268294,3.34528229526103,0.209576020934392,0,0,0,0,0,18.3576471994575,20.7532761918051,23.2293488915382,25.8387565567279,28.6547177041498,31.7904239784765,35.4454726102106,40.0443583920176,46.8605998948872,52.7726728654117,59.6467353574524
0,0,0,0,0,0,0,0,0,0,0,0,0,0,2.22384324936772,5.91410295923931,9.89647340503907,14.3310317458102,19.5000510919418,26.0038577363781,35.6434789141467,44.0044126908017,53.7258050956459
