"means","lower.10.","lower.20.","lower.30.","lower.40.","lower.50.","lower.60.","lower.70.","lower.80.","lower.90.","lower.95.","lower.98.","upper.10.","upper.20.","upper.30.","upper.40.","upper.50.","upper.60.","upper.70.","upper.80.","upper.90.","upper.95.","upper.98."
102,88.9700012630107,75.7300887146582,62.0455882713309,47.6241860423256,32.0612255628367,14.7311310523676,0,0,0,0,0,115.029998736989,128.269911285342,141.954411728669,156.375813957674,171.938774437163,189.268868947632,209.469210652761,234.88585311513,272.557145996757,305.231374501778,343.222226397981
