"means","lower.10.","lower.20.","lower.30.","lower.40.","lower.50.","lower.60.","lower.70.","lower.80.","lower.90.","lower.95.","lower.98.","upper.10.","upper.20.","upper.30.","upper.40.","upper.50.","upper.60.","upper.70.","upper.80.","upper.90.","upper.95.","upper.98."
836,813.320030572122,790.274685911268,766.455493142707,741.353651748627,714.264818126557,684.100117299388,648.939474420396,604.699357008149,539.128838690406,482.256192842044,416.129451240839,858.679969427878,881.725314088732,905.544506857293,930.646348251373,957.735181873443,987.899882700612,1023.0605255796,1067.30064299185,1132.87116130959,1189.74380715796,1255.87054875916
836,803.925679640888,771.334640671945,737.649215213868,702.149850673821,663.840454776622,621.181125761912,571.456467740685,508.891493695306,416.160777398521,335.730710311726,242.213375503761,868.074320359112,900.665359328055,934.350784786132,969.850149326179,1008.15954522338,1050.81887423809,1100.54353225932,1163.10850630469,1255.83922260148,1336.26928968827,1429.78662449624
836,796.717140636806,756.801432806271,715.545380735847,672.067716077764,625.14847992656,572.901685498788,512.001665605588,435.375534514763,321.804065309807,223.297753139573,108.762876947308,875.282859363194,915.198567193729,956.454619264153,999.932283922236,1046.85152007344,1099.09831450121,1159.99833439441,1236.62446548524,1350.19593469019,1448.70224686043,1563.23712305269
