"means","lower.10.","lower.20.","lower.30.","lower.40.","lower.50.","lower.60.","lower.70.","lower.80.","lower.90.","lower.95.","lower.98.","upper.10.","upper.20.","upper.30.","upper.40.","upper.50.","upper.60.","upper.70.","upper.80.","upper.90.","upper.95.","upper.98."
6,2.59755407430203,0,0,0,0,0,0,0,0,0,0,9.40244592569797,12.8597053941013,16.4330574502634,20.1988322785938,24.2626954104386,28.7879997216139,34.0627945792074,40.6996909701116,50.5365712007294,59.0685977877037,68.9889225595768
