"means","lower.10.","lower.20.","lower.30.","lower.40.","lower.50.","lower.60.","lower.70.","lower.80.","lower.90.","lower.95.","lower.98.","upper.10.","upper.20.","upper.30.","upper.40.","upper.50.","upper.60.","upper.70.","upper.80.","upper.90.","upper.95.","upper.98."
1.66666666666667,1.35251329952898,1.03329890882717,0.703365500647747,0.355665384896565,0,0,0,0,0,0,0,1.98082003380435,2.30003442450617,2.62996783268559,2.97766794843677,3.35289104215687,3.77071975059895,4.25775014040114,4.87054558052817,5.77880073404534,6.5665766280168,7.48253635176877
1.66666666666667,1.35251329952898,1.03329890882717,0.703365500647747,0.355665384896565,0,0,0,0,0,0,0,1.98082003380435,2.30003442450617,2.62996783268559,2.97766794843677,3.35289104215687,3.77071975059895,4.25775014040114,4.87054558052817,5.77880073404534,6.5665766280168,7.48253635176877
1.66666666666667,1.35251329952898,1.03329890882717,0.703365500647747,0.355665384896565,0,0,0,0,0,0,0,1.98082003380435,2.30003442450617,2.62996783268559,2.97766794843677,3.35289104215687,3.77071975059895,4.25775014040114,4.87054558052817,5.77880073404534,6.5665766280168,7.48253635176877
1.66666666666667,1.35251329952898,1.03329890882717,0.703365500647747,0.355665384896565,0,0,0,0,0,0,0,1.98082003380435,2.30003442450617,2.62996783268559,2.97766794843677,3.35289104215687,3.77071975059895,4.25775014040114,4.87054558052817,5.77880073404534,6.5665766280168,7.48253635176877
