"means","lower.10.","lower.20.","lower.30.","lower.40.","lower.50.","lower.60.","lower.70.","lower.80.","lower.90.","lower.95.","lower.98.","upper.10.","upper.20.","upper.30.","upper.40.","upper.50.","upper.60.","upper.70.","upper.80.","upper.90.","upper.95.","upper.98."
3,1.55516731546592,0.0870583174252482,0,0,0,0,0,0,0,0,0,4.44483268453408,5.91294168257475,7.4303488528389,9.02946744969104,10.7551678448143,12.6768170698222,14.9167339357751,17.7350608214485,21.9122458176004,25.535330841544,29.7479501702862
3,0.956698022171982,0,0,0,0,0,0,0,0,0,0,5.04330197782802,7.11952163389912,9.26545943372885,11.5269546412402,13.9674635446161,16.6850859407461,19.8528067511648,23.8385228560849,29.7459545301843,34.8697705086762,40.8273138964984
