"means","lower.10.","lower.20.","lower.30.","lower.40.","lower.50.","lower.60.","lower.70.","lower.80.","lower.90.","lower.95.","lower.98.","upper.10.","upper.20.","upper.30.","upper.40.","upper.50.","upper.60.","upper.70.","upper.80.","upper.90.","upper.95.","upper.98."
477,428.680529911287,379.58263118769,328.836056057697,275.356809612066,217.64429416525,153.378671409965,78.4692392216192,0,0,0,0,525.319470088713,574.41736881231,625.163943942303,678.643190387935,736.35570583475,800.621328590035,875.530760778381,969.783931481277,1109.4813287212,1230.64798719817,1371.53041312137
