"means","lower.10.","lower.20.","lower.30.","lower.40.","lower.50.","lower.60.","lower.70.","lower.80.","lower.90.","lower.95.","lower.98.","upper.10.","upper.20.","upper.30.","upper.40.","upper.50.","upper.60.","upper.70.","upper.80.","upper.90.","upper.95.","upper.98."
216.111111111111,190.549260713643,164.575607863178,137.729776166863,109.438313232713,78.9073764653068,44.9097305566354,5.28132206121444,0,0,0,0,241.672961508579,267.646614359044,294.492446055359,322.783908989509,353.314845756915,387.312491665587,426.940900161008,476.802486899668,550.704869574943,614.804165189383,689.333448901923
216.111111111111,190.549260713643,164.575607863178,137.729776166863,109.438313232713,78.9073764653068,44.9097305566354,5.28132206121444,0,0,0,0,241.672961508579,267.646614359044,294.492446055359,322.783908989509,353.314845756915,387.312491665587,426.940900161008,476.802486899668,550.704869574943,614.804165189383,689.333448901923
216.111111111111,190.549260713643,164.575607863178,137.729776166863,109.438313232713,78.9073764653068,44.9097305566354,5.28132206121444,0,0,0,0,241.672961508579,267.646614359044,294.492446055359,322.783908989509,353.314845756915,387.312491665587,426.940900161008,476.802486899668,550.704869574943,614.804165189383,689.333448901923
