"means","lower.10.","lower.20.","lower.30.","lower.40.","lower.50.","lower.60.","lower.70.","lower.80.","lower.90.","lower.95.","lower.98.","upper.10.","upper.20.","upper.30.","upper.40.","upper.50.","upper.60.","upper.70.","upper.80.","upper.90.","upper.95.","upper.98."
240,236.624808806012,233.195243144158,229.650514835066,225.914905124673,221.883594897939,217.394539790307,212.161997806619,205.578265179216,195.820181654674,187.356499458955,177.515639811888,243.375191193988,246.804756855842,250.349485164934,254.085094875327,258.116405102061,262.605460209693,267.838002193381,274.421734820784,284.179818345326,292.643500541045,302.484360188112
