"means","lower.10.","lower.20.","lower.30.","lower.40.","lower.50.","lower.60.","lower.70.","lower.80.","lower.90.","lower.95.","lower.98.","upper.10.","upper.20.","upper.30.","upper.40.","upper.50.","upper.60.","upper.70.","upper.80.","upper.90.","upper.95.","upper.98."
597.1,568.208306208471,538.851166050988,508.508231682446,476.531349285513,442.023265459946,403.59687770034,358.80622968807,302.449366878333,218.920006620051,146.470743661822,62.2328183926118,625.991693791529,655.348833949012,685.691768317554,717.668650714487,752.176734540054,790.60312229966,835.39377031193,891.750633121666,975.279993379949,1047.72925633818,1131.96718160739
597.1,568.208306208471,538.851166050988,508.508231682446,476.531349285513,442.023265459946,403.59687770034,358.80622968807,302.449366878333,218.920006620051,146.470743661822,62.2328183926118,625.991693791529,655.348833949012,685.691768317554,717.668650714487,752.176734540054,790.60312229966,835.39377031193,891.750633121666,975.279993379949,1047.72925633818,1131.96718160739
597.1,568.208306208471,538.851166050988,508.508231682446,476.531349285513,442.023265459946,403.59687770034,358.80622968807,302.449366878333,218.920006620051,146.470743661822,62.2328183926118,625.991693791529,655.348833949012,685.691768317554,717.668650714487,752.176734540054,790.60312229966,835.39377031193,891.750633121666,975.279993379949,1047.72925633818,1131.96718160739
597.1,568.208306208471,538.851166050988,508.508231682446,476.531349285513,442.023265459946,403.59687770034,358.80622968807,302.449366878333,218.920006620051,146.470743661822,62.2328183926118,625.991693791529,655.348833949012,685.691768317554,717.668650714487,752.176734540054,790.60312229966,835.39377031193,891.750633121666,975.279993379949,1047.72925633818,1131.96718160739
