"means","lower.10.","lower.20.","lower.30.","lower.40.","lower.50.","lower.60.","lower.70.","lower.80.","lower.90.","lower.95.","lower.98.","upper.10.","upper.20.","upper.30.","upper.40.","upper.50.","upper.60.","upper.70.","upper.80.","upper.90.","upper.95.","upper.98."
3,1.4793183715773,0,0,0,0,0,0,0,0,0,0,4.5206816284227,6.06586149993318,7.66292753488494,9.34599457644091,11.1622885425979,13.1848180050212,15.5423231083523,18.5086028470443,22.9050762589255,26.7183612801605,31.1521292100591
3,0.84943141703302,0,0,0,0,0,0,0,0,0,0,5.15056858296698,7.33578291356302,9.59437536019723,11.9745915967488,14.5432191569445,17.4035077530027,20.7375234434973,24.932476479748,31.1500288054432,36.5428281996678,42.8131229385454
3,0.366102157435314,0,0,0,0,0,0,0,0,0,0,5.63389784256469,8.31022788685359,11.0764274024326,13.9915850309522,17.1374984618169,20.6406222505391,24.7239408686114,29.861688085488,37.476603408992,44.0814068095123,51.7609181330663
