"means","lower.10.","lower.20.","lower.30.","lower.40.","lower.50.","lower.60.","lower.70.","lower.80.","lower.90.","lower.95.","lower.98.","upper.10.","upper.20.","upper.30.","upper.40.","upper.50.","upper.60.","upper.70.","upper.80.","upper.90.","upper.95.","upper.98."
0,0,0,0,0,0,0,0,0,0,0,0,2.89601421641269,5.83868334002838,8.88016543287612,12.0854294331898,15.5444132525914,19.396155765169,23.8858320832776,29.534870075549,37.9075953488166,45.169685865544,53.6134355086429
