"means","lower.10.","lower.20.","lower.30.","lower.40.","lower.50.","lower.60.","lower.70.","lower.80.","lower.90.","lower.95.","lower.98.","upper.10.","upper.20.","upper.30.","upper.40.","upper.50.","upper.60.","upper.70.","upper.80.","upper.90.","upper.95.","upper.98."
774,752.223863812931,730.096913183277,707.226953537007,683.125460874861,657.116160819193,628.153571811149,594.394137073257,551.917059457938,488.959631702822,434.353452216946,370.861967570369,795.776136187069,817.903086816723,840.773046462993,864.874539125139,890.883839180807,919.846428188851,953.605862926743,996.082940542062,1059.04036829718,1113.64654778305,1177.13803242963
774,743.203892868163,711.911659193747,679.568652091066,645.483994294823,608.701289408267,567.742003231653,519.998952767276,459.927293513718,370.892045330308,293.667245712004,203.876727029611,804.796107131837,836.088340806253,868.431347908934,902.516005705177,939.298710591733,980.257996768347,1028.00104723272,1088.07270648628,1177.10795466969,1254.332754288,1344.12327297039
774,736.282625731457,697.957623024329,658.345690949938,616.600681120853,571.551251955132,521.386576274464,462.913520073629,389.341063486851,280.295599901142,185.714922624381,75.7444453685287,811.717374268543,850.042376975671,889.654309050062,931.399318879147,976.448748044868,1026.61342372554,1085.08647992637,1158.65893651315,1267.70440009886,1362.28507737562,1472.25555463147
