"means","lower.10.","lower.20.","lower.30.","lower.40.","lower.50.","lower.60.","lower.70.","lower.80.","lower.90.","lower.95.","lower.98.","upper.10.","upper.20.","upper.30.","upper.40.","upper.50.","upper.60.","upper.70.","upper.80.","upper.90.","upper.95.","upper.98."
295,286.930330032461,278.730657352449,270.255644846514,261.324258220448,251.685887770664,240.953105210313,228.442736323695,212.701835614932,189.371449561843,169.135819014084,145.60752536063,303.069669967539,311.269342647551,319.744355153486,328.675741779552,338.314112229336,349.046894789687,361.557263676305,377.298164385068,400.628550438157,420.864180985916,444.39247463937
295,283.587763288031,271.991674976938,260.006197349764,247.375309252384,233.744595043122,218.566148384273,200.873815034528,178.612819768227,145.618671396548,117.001168232736,83.7271362485249,306.412236711969,318.008325023062,329.993802650236,342.624690747616,356.255404956878,371.433851615727,389.126184965472,411.387180231773,444.381328603452,472.998831767264,506.272863751475
295,281.02292161591,266.820671928694,252.141519673634,236.671904255247,219.977756934049,201.388032232933,179.719437699882,152.455397915407,112.04598391126,76.9968436793486,36.2446436561669,308.97707838409,323.179328071306,337.858480326366,353.328095744753,370.022243065951,388.611967767067,410.280562300118,437.544602084593,477.95401608874,513.003156320651,553.755356343833
295,278.860660064922,262.461314704898,245.511289693029,227.648516440897,208.371775541327,186.906210420627,161.885472647391,130.403671229864,83.7428991236856,43.2716380281677,0,311.139339935078,327.538685295102,344.488710306971,362.351483559103,381.628224458673,403.093789579373,428.114527352609,459.596328770136,506.257100876314,546.728361971832,593.784949278739
