"means","lower.10.","lower.20.","lower.30.","lower.40.","lower.50.","lower.60.","lower.70.","lower.80.","lower.90.","lower.95.","lower.98.","upper.10.","upper.20.","upper.30.","upper.40.","upper.50.","upper.60.","upper.70.","upper.80.","upper.90.","upper.95.","upper.98."
6890.37499998824,6811.92289443416,6732.20692225823,6649.8141381218,6562.98455411762,6469.28178077775,6364.93929915203,6243.31539329696,6090.28474781979,5863.47027875017,5666.74255257647,5438.00405588042,6968.82710554232,7048.54307771824,7130.93586185468,7217.76544585886,7311.46821919872,7415.81070082445,7537.43460667952,7690.46525215668,7917.2797212263,8114.00744740001,8342.74594409606
7450.74999997648,7339.80196830517,7227.06655931622,7110.5455665488,6987.74999123487,6855.23425834566,6707.67170569889,6535.66952852987,6319.25151423735,5998.48741593664,5720.27239748697,5396.78731322258,7561.69803164778,7674.43344063673,7790.95443340415,7913.75000871808,8046.26574160729,8193.82829425406,8365.83047142308,8582.2484857156,8903.01258401631,9181.22760246598,9504.71268673037
