"means","lower.10.","lower.20.","lower.30.","lower.40.","lower.50.","lower.60.","lower.70.","lower.80.","lower.90.","lower.95.","lower.98.","upper.10.","upper.20.","upper.30.","upper.40.","upper.50.","upper.60.","upper.70.","upper.80.","upper.90.","upper.95.","upper.98."
3514,3472.45291128365,3430.23649727267,3386.60248276246,3340.61880387523,3290.99518435062,3235.73693079106,3171.32668748527,3090.28389380808,2970.16626532592,2865.98213623749,2744.84557083932,3555.54708871635,3597.76350272733,3641.39751723754,3687.38119612477,3737.00481564938,3792.26306920894,3856.67331251473,3937.71610619192,4057.83373467408,4162.01786376251,4283.15442916068
4713,4620.09788536302,4525.69911386821,4428.13049129215,4325.30785944479,4214.34607289818,4090.78486162109,3946.75917914204,3765.54198339335,3496.95080081117,3263.98800599283,2993.11841120166,4805.90211463698,4900.30088613179,4997.86950870785,5100.69214055521,5211.65392710182,5335.21513837891,5479.24082085796,5660.45801660665,5929.04919918883,6162.01199400717,6432.88158879834
