"means","lower.10.","lower.20.","lower.30.","lower.40.","lower.50.","lower.60.","lower.70.","lower.80.","lower.90.","lower.95.","lower.98.","upper.10.","upper.20.","upper.30.","upper.40.","upper.50.","upper.60.","upper.70.","upper.80.","upper.90.","upper.95.","upper.98."
527,481.117086358733,434.494997106377,386.307367564815,335.524864326267,280.722558808328,219.697592814925,148.565541869335,59.0651793066511,0,0,0,572.882913641267,619.505002893623,667.692632435185,718.475135673733,773.277441191672,834.302407185075,905.434458130665,994.934820693349,1127.58784030845,1242.64455175195,1376.42284382217
