"means","lower.10.","lower.20.","lower.30.","lower.40.","lower.50.","lower.60.","lower.70.","lower.80.","lower.90.","lower.95.","lower.98.","upper.10.","upper.20.","upper.30.","upper.40.","upper.50.","upper.60.","upper.70.","upper.80.","upper.90.","upper.95.","upper.98."
976.929682313637,906.022802663263,833.973610288251,759.505051572589,681.026407569437,596.335611507424,502.028393940697,392.101813969829,253.78907545208,48.7887615956685,0,0,1047.83656196401,1119.88575433902,1194.35431305468,1272.83295705784,1357.52375311985,1451.83097068658,1561.75755065744,1700.07028917519,1905.07060303161,2082.87780278961,2289.61709859415
924.798066071146,827.159468977395,727.947910100162,625.404889783337,517.339991989638,400.720976246442,270.860171985512,119.49154450406,0,0,0,0,1022.4366631649,1121.64822204213,1224.19124235896,1332.25614015265,1448.87515589585,1578.73596015678,1730.10458763823,1920.56088490666,2202.84580771546,2447.68587997843,2732.3653766089
875.448334196851,758.954630347217,640.584208174849,518.238982042961,389.305542042461,250.166088101112,95.2277079570139,0,0,0,0,0,991.942038046486,1110.31246021885,1232.65768635074,1361.59112635124,1500.73058029259,1655.66896043669,1836.2685653759,2063.50410696179,2400.30141025908,2692.42284294763,3032.07713909334
828.732037799353,697.625726169,564.407286508275,426.715455845587,281.609006263573,125.016332104481,0,0,0,0,0,0,959.838349429706,1093.05678909043,1230.74861975312,1375.85506933513,1532.44774349423,1706.821112006,1910.0745695151,2165.81383047212,2544.8579396658,2873.62217603521,3255.88165037167
