"means","lower.10.","lower.20.","lower.30.","lower.40.","lower.50.","lower.60.","lower.70.","lower.80.","lower.90.","lower.95.","lower.98.","upper.10.","upper.20.","upper.30.","upper.40.","upper.50.","upper.60.","upper.70.","upper.80.","upper.90.","upper.95.","upper.98."
897.791856963371,856.571461160397,814.687003098972,771.396091409271,725.773991214744,676.540571950514,621.716824884708,557.813051964381,477.407513680836,358.234393687949,254.869484855655,134.685440047721,939.012252766345,980.89671082777,1024.18762251747,1069.809722712,1119.04314197623,1173.86688904203,1237.77066196236,1318.17620024591,1437.34932023879,1540.71422907109,1660.89827387902
1085.45336327925,1043.89680627725,1001.67077144615,958.026813054755,912.032654814566,862.397726420451,807.126879898413,742.70195795685,661.640695204099,541.495692769789,437.287820860256,316.123649301467,1127.00992028126,1169.23595511235,1212.87991350375,1258.87407174394,1308.50900013806,1363.77984666009,1428.20476860166,1509.26603135441,1629.41103378872,1733.61890569825,1854.78307725704
