"means","lower.10.","lower.20.","lower.30.","lower.40.","lower.50.","lower.60.","lower.70.","lower.80.","lower.90.","lower.95.","lower.98.","upper.10.","upper.20.","upper.30.","upper.40.","upper.50.","upper.60.","upper.70.","upper.80.","upper.90.","upper.95.","upper.98."
471,451.359773432754,431.403142014059,410.776379526081,389.038878785502,365.580697703216,339.458900649532,309.010755885078,270.700037164705,213.91778091046,164.667641773695,107.403711532018,490.640226567246,510.596857985941,531.223620473919,552.961121214498,576.419302296784,602.541099350468,632.989244114922,671.299962835295,728.08221908954,777.332358226305,834.596288467982
