"means","lower.10.","lower.20.","lower.30.","lower.40.","lower.50.","lower.60.","lower.70.","lower.80.","lower.90.","lower.95.","lower.98.","upper.10.","upper.20.","upper.30.","upper.40.","upper.50.","upper.60.","upper.70.","upper.80.","upper.90.","upper.95.","upper.98."
142,136.339308493727,130.587423016293,124.642392860056,118.377226550059,111.616127030638,104.087322095313,95.3115804377615,84.2696935574282,67.9039538555505,53.7091153520474,37.2045479314509,147.660691506273,153.412576983707,159.357607139944,165.622773449941,172.383872969362,179.912677904687,188.688419562238,199.730306442572,216.096046144449,230.290884647953,246.795452068549
142,133.994573299418,125.860178848015,117.452636572347,108.592353406227,99.0307147693077,88.383376721309,75.972603849317,60.35701766896,37.2123666242969,17.1378334969469,0,150.005426700582,158.139821151985,166.547363427653,175.407646593773,184.969285230692,195.616623278691,208.027396150683,223.64298233104,246.787633375703,266.862166503053,290.203149590362
142,132.195394705161,122.232836818929,111.935742535796,101.084156169014,89.3735882863472,76.3333156180883,61.1332851931103,42.0081761049447,13.6618834378455,0,0,151.804605294839,161.767163181071,172.064257464204,182.915843830986,194.626411713653,207.666684381912,222.86671480689,241.991823895055,270.338116562154,294.924298055457,323.511047384876
