"means","lower.10.","lower.20.","lower.30.","lower.40.","lower.50.","lower.60.","lower.70.","lower.80.","lower.90.","lower.95.","lower.98.","upper.10.","upper.20.","upper.30.","upper.40.","upper.50.","upper.60.","upper.70.","upper.80.","upper.90.","upper.95.","upper.98."
114.222222219704,97.775893257187,81.0646132639648,63.7921790510765,45.5896350641999,25.9462281197522,4.07236297028129,0,0,0,0,0,130.66855118222,147.379831175443,164.652265388331,182.854809375207,202.498216319655,224.372081469126,249.868742792253,281.949364709134,329.497679001427,370.738750580701,418.690408939462
