"means","lower.10.","lower.20.","lower.30.","lower.40.","lower.50.","lower.60.","lower.70.","lower.80.","lower.90.","lower.95.","lower.98.","upper.10.","upper.20.","upper.30.","upper.40.","upper.50.","upper.60.","upper.70.","upper.80.","upper.90.","upper.95.","upper.98."
49,25.4143220779663,1.4486779221566,0,0,0,0,0,0,0,0,0,72.5856779220337,96.5513220778434,121.321717416717,147.425983044298,175.596590025291,206.965896786772,243.530655002725,289.53747012813,357.726500591378,416.87031521683,485.637781345883
