"means","lower.10.","lower.20.","lower.30.","lower.40.","lower.50.","lower.60.","lower.70.","lower.80.","lower.90.","lower.95.","lower.98.","upper.10.","upper.20.","upper.30.","upper.40.","upper.50.","upper.60.","upper.70.","upper.80.","upper.90.","upper.95.","upper.98."
2,1.00358260587342,0,0,0,0,0,0,0,0,0,0,2.99641739412658,4.00888711313298,5.05535492536354,6.15817437444639,7.34828995610379,8.67354009316397,10.2182809829042,12.1619177522545,15.0426802330621,17.5413120655924,20.44651155265
