"means","lower.10.","lower.20.","lower.30.","lower.40.","lower.50.","lower.60.","lower.70.","lower.80.","lower.90.","lower.95.","lower.98.","upper.10.","upper.20.","upper.30.","upper.40.","upper.50.","upper.60.","upper.70.","upper.80.","upper.90.","upper.95.","upper.98."
50,33.1581972857039,16.0450724424233,0,0,0,0,0,0,0,0,0,66.8418027142961,83.9549275575768,101.642700316599,120.282948570417,140.398707239056,162.798558432968,188.908320730439,221.760363670079,270.45204012464,312.684807865533,361.789527328593
50,26.1820941866305,1.98048093867902,0,0,0,0,0,0,0,0,0,73.8179058133695,98.019519061321,123.033807185304,149.395099071855,177.843077798467,209.521251152037,246.446031103459,292.905835780361,361.766264997083,421.492417912808,490.936978153994
50,20.8291420077877,0,0,0,0,0,0,0,0,0,0,79.1708579922123,108.811659697044,139.447780788403,171.733637829713,206.575153876589,245.372834226427,290.596269099194,347.497676603084,431.834134128089,504.983433599572,590.035302601009
50,16.3163945714078,0,0,0,0,0,0,0,0,0,0,83.6836054285922,117.909855115153,153.285400633198,190.565897140835,230.797414478111,275.597116865936,327.816641460878,393.520727340158,490.90408024928,575.369615731066,673.579054657187
