"means","lower.10.","lower.20.","lower.30.","lower.40.","lower.50.","lower.60.","lower.70.","lower.80.","lower.90.","lower.95.","lower.98.","upper.10.","upper.20.","upper.30.","upper.40.","upper.50.","upper.60.","upper.70.","upper.80.","upper.90.","upper.95.","upper.98."
655,633.764115368597,612.186119769216,589.883548716164,566.379998167933,541.015971667506,512.771925362965,479.850039902817,438.42679052703,377.031294971144,323.779858730938,261.863555882323,676.235884631403,697.813880230784,720.116451283836,743.620001832067,768.984028332494,797.228074637035,830.149960097183,871.57320947297,932.968705028856,986.220141269062,1048.13644411768
