"means","lower.10.","lower.20.","lower.30.","lower.40.","lower.50.","lower.60.","lower.70.","lower.80.","lower.90.","lower.95.","lower.98.","upper.10.","upper.20.","upper.30.","upper.40.","upper.50.","upper.60.","upper.70.","upper.80.","upper.90.","upper.95.","upper.98."
109,104.446424665385,99.8194910463132,95.0371879208056,89.9973607645572,84.5585948518781,78.5022710945011,71.4428860864161,62.5605677883473,49.3956340418941,37.9770173557945,24.700407769911,113.553575334615,118.180508953687,122.962812079194,128.002639235443,133.441405148122,139.497728905499,146.557113913584,155.439432211653,168.604365958106,180.022982644206,193.299592230089
109,102.5602720045,96.0167997282085,89.2536017887364,82.1262098723537,74.4346333560704,65.8696981602655,55.8862201398184,43.3247251373747,24.7066972853974,8.55833470437561,0,115.4397279955,121.983200271792,128.746398211264,135.873790127646,143.56536664393,152.130301839734,162.113779860182,174.675274862625,193.293302714603,209.441665295624,228.217626634313
109,101.112976164354,93.0988920528734,84.8157000622989,76.0864633663112,66.6662444750773,56.176384020214,43.9491705160208,28.5645439347668,5.76220980763171,0,0,116.887023835646,124.901107947127,133.184299937701,141.913536633689,151.333755524923,161.823615979786,174.050829483979,189.435456065233,212.237790192368,232.015414444846,255.011176799853
109,99.8928493307699,90.6389820926264,81.0743758416112,70.9947215291144,60.1171897037562,48.0045421890023,33.8857721728323,16.1211355766946,0,0,0,118.10715066923,127.361017907374,136.925624158389,147.005278470886,157.882810296244,169.995457810998,184.114227827168,201.878864423305,228.208731916212,251.045965288411,277.599184460178
