"means","lower.10.","lower.20.","lower.30.","lower.40.","lower.50.","lower.60.","lower.70.","lower.80.","lower.90.","lower.95.","lower.98.","upper.10.","upper.20.","upper.30.","upper.40.","upper.50.","upper.60.","upper.70.","upper.80.","upper.90.","upper.95.","upper.98."
17.0909090909091,13.7740900186048,10.4038368556974,6.92041272177666,3.24940837802725,0,0,0,0,0,0,0,20.4077281632134,23.7779813261208,27.2614054600415,30.9324098037909,34.8940006820272,39.3054199889214,44.4474679650608,50.9173384673357,60.5066611702949,68.8239685212645,78.4946357781003
17.0909090909091,13.7740900186048,10.4038368556974,6.92041272177666,3.24940837802725,0,0,0,0,0,0,0,20.4077281632134,23.7779813261208,27.2614054600415,30.9324098037909,34.8940006820272,39.3054199889214,44.4474679650608,50.9173384673357,60.5066611702949,68.8239685212645,78.4946357781003
17.0909090909091,13.7740900186048,10.4038368556974,6.92041272177666,3.24940837802725,0,0,0,0,0,0,0,20.4077281632134,23.7779813261208,27.2614054600415,30.9324098037909,34.8940006820272,39.3054199889214,44.4474679650608,50.9173384673357,60.5066611702949,68.8239685212645,78.4946357781003
