"means","lower.10.","lower.20.","lower.30.","lower.40.","lower.50.","lower.60.","lower.70.","lower.80.","lower.90.","lower.95.","lower.98.","upper.10.","upper.20.","upper.30.","upper.40.","upper.50.","upper.60.","upper.70.","upper.80.","upper.90.","upper.95.","upper.98."
444.500000000066,439.206006323384,433.82672619254,428.266813234922,422.4075024437,416.084384841625,409.043293540956,400.836041689872,390.509444796481,375.203872606237,361.928571312076,346.493164619416,449.793993676749,455.173273807593,460.733186765211,466.592497556433,472.915615158508,479.956706459176,488.16395831026,498.490555203651,513.796127393896,527.071428688056,542.506835380717
487.000000000132,479.51316234345,471.905711426607,464.042807116329,455.756490329224,446.81425165989,436.856644848577,425.249837970963,410.645824591169,389.000476819845,370.226365685054,348.397404199549,494.486837656814,502.094288573658,509.957192883935,518.24350967104,527.185748340375,537.143355151687,548.750162029302,563.354175409095,584.99952318042,603.773634315211,625.602595800716
529.500000000198,520.330533977236,511.013347482469,501.383295754213,491.23467176648,480.282710817453,468.087182943964,453.871805747373,435.985615258737,409.47558658632,386.482090259049,359.747181631873,538.669466023161,547.986652517929,557.616704246184,567.765328233917,578.717289182944,590.912817056433,605.128194253024,623.01438474166,649.524413414077,672.517909741348,699.252818368524
