"means","lower.10.","lower.20.","lower.30.","lower.40.","lower.50.","lower.60.","lower.70.","lower.80.","lower.90.","lower.95.","lower.98.","upper.10.","upper.20.","upper.30.","upper.40.","upper.50.","upper.60.","upper.70.","upper.80.","upper.90.","upper.95.","upper.98."
66,47.1476624807176,27.9916130346991,8.19231555602681,0,0,0,0,0,0,0,0,84.8523375192824,104.008386965301,123.807684443973,144.673161702289,167.190292339124,192.264185095918,221.490869420057,258.264711995135,312.769086287673,360.043502532256,415.010227936389
