"means","lower.10.","lower.20.","lower.30.","lower.40.","lower.50.","lower.60.","lower.70.","lower.80.","lower.90.","lower.95.","lower.98.","upper.10.","upper.20.","upper.30.","upper.40.","upper.50.","upper.60.","upper.70.","upper.80.","upper.90.","upper.95.","upper.98."
484.059245341221,443.070740871902,401.421909922978,358.374537555287,313.009091122862,264.052641621566,209.537313521064,145.993040572519,66.0398353426121,0,0,0,525.047749810541,566.696580759465,609.743953127156,655.10939955958,704.065849060877,758.581177161379,822.125450109924,902.078655339831,1020.58134960796,1123.36476410729,1242.87269608584
