"means","lower.10.","lower.20.","lower.30.","lower.40.","lower.50.","lower.60.","lower.70.","lower.80.","lower.90.","lower.95.","lower.98.","upper.10.","upper.20.","upper.30.","upper.40.","upper.50.","upper.60.","upper.70.","upper.80.","upper.90.","upper.95.","upper.98."
277.601292691634,232.270120881429,186.20866204355,138.600488531431,88.4286446669118,34.2853366274101,0,0,0,0,0,0,322.932464501838,368.993923339717,416.602096851837,466.773940716356,520.917248755857,581.208389806472,651.485078157986,739.909199261655,870.96706690993,984.640221913569,1116.80983062074
324.485844928774,278.197823070142,231.164099290509,182.55101279442,131.320142010578,76.0339774145205,14.4702113923831,0,0,0,0,0,370.773866787406,417.807590567039,466.420677063128,517.65154784697,572.937712443028,634.501478465165,706.261566648786,796.55214346453,930.376379640209,1046.44894678183,1181.40839063867
0,0,0,0,0,0,0,0,0,0,0,0,0,0,0,59.8354338462519,131.29125970555,210.860710331433,303.608622984834,420.306675396694,593.2707684169,743.291324288568,917.722641576768
0,0,0,0,0,0,0,0,0,0,0,0,0,0,0,0,72.5411802953418,154.65755834384,250.374225968769,370.807650027859,549.308126524083,704.130669398303,884.145334339022
