"means","lower.10.","lower.20.","lower.30.","lower.40.","lower.50.","lower.60.","lower.70.","lower.80.","lower.90.","lower.95.","lower.98.","upper.10.","upper.20.","upper.30.","upper.40.","upper.50.","upper.60.","upper.70.","upper.80.","upper.90.","upper.95.","upper.98."
142,136.339308493727,130.587423016293,124.642392860056,118.377226550059,111.616127030638,104.087322095313,95.3115804377615,84.2696935574282,67.9039538555505,53.7091153520474,37.2045479314509,147.660691506273,153.412576983707,159.357607139944,165.622773449941,172.383872969362,179.912677904687,188.688419562238,199.730306442572,216.096046144449,230.290884647953,246.795452068549
