"means","lower.10.","lower.20.","lower.30.","lower.40.","lower.50.","lower.60.","lower.70.","lower.80.","lower.90.","lower.95.","lower.98.","upper.10.","upper.20.","upper.30.","upper.40.","upper.50.","upper.60.","upper.70.","upper.80.","upper.90.","upper.95.","upper.98."
3,2.62069603575008,2.23528146915797,1.83692492502424,1.41711713026399,0.964078513416128,0.459598529854317,0,0,0,0,0,3.37930396424992,3.76471853084203,4.16307507497575,4.58288286973601,5.03592148658387,5.54040147014568,6.12843450396382,6.8683143334631,7.96492769596926,8.91607624562953,10.0219919882423
