"means","lower.10.","lower.20.","lower.30.","lower.40.","lower.50.","lower.60.","lower.70.","lower.80.","lower.90.","lower.95.","lower.98.","upper.10.","upper.20.","upper.30.","upper.40.","upper.50.","upper.60.","upper.70.","upper.80.","upper.90.","upper.95.","upper.98."
326,305.309829574601,284.286339659353,262.556894240825,239.6573317839,214.945103398928,187.42686520509,155.350997742115,114.992232188668,55.1744620108899,3.29146724372913,0,346.690170425399,367.713660340647,389.443105759175,412.3426682161,437.054896601072,464.57313479491,496.649002257885,537.007767811332,596.82553798911,648.708532756271,709.03372665726
326,296.73968037659,267.007975810032,236.277899396305,203.89302759731,168.944659058822,130.027993392483,84.6658666014618,27.5899529951418,0,0,0,355.26031962341,384.992024189968,415.722100603695,448.10697240269,483.055340941178,521.972006607517,567.334133398538,624.410047004858,709.005148861189,782.37878371744,867.691491085007
326,290.16357360595,253.749820920328,216.113317435144,176.450111788652,133.647276657635,85.9842899711251,30.4272578284067,0,0,0,0,361.83642639405,398.250179079672,435.886682564856,475.549888211348,518.352723342365,566.015710028875,621.572742171593,691.476174640923,795.083591784314,884.947574769866,989.433875582824
326,284.619659149202,242.572679318705,199.113788481651,153.314663567799,103.890206797856,48.8537304101798,0,0,0,0,0,367.380340850798,409.427320681295,452.886211518349,498.685336432201,548.109793202144,603.14626958982,667.298004515771,748.015535622663,867.65107597822,971.417065512542,1092.06745331452
