"means","lower.10.","lower.20.","lower.30.","lower.40.","lower.50.","lower.60.","lower.70.","lower.80.","lower.90.","lower.95.","lower.98.","upper.10.","upper.20.","upper.30.","upper.40.","upper.50.","upper.60.","upper.70.","upper.80.","upper.90.","upper.95.","upper.98."
1263,1245.20248143036,1227.1182441103,1208.42674953134,1188.72872966566,1167.47146911459,1143.80050144303,1116.2090976473,1081.49281138107,1030.03804548767,985.408709729104,933.517462020866,1280.79751856964,1298.8817558897,1317.57325046866,1337.27127033434,1358.52853088541,1382.19949855697,1409.7909023527,1444.50718861893,1495.96195451233,1540.5912902709,1592.48253797913
1556,1516.20353864747,1475.76595467859,1433.97050219895,1389.92439075715,1342.39171114954,1289.46181834273,1227.76556386084,1150.13758784321,1035.08123353922,935.287004992399,819.254647679499,1595.79646135253,1636.23404532141,1678.02949780105,1722.07560924285,1769.60828885046,1822.53818165727,1884.23443613916,1961.86241215679,2076.91876646078,2176.7129950076,2292.7453523205
