"means","lower.10.","lower.20.","lower.30.","lower.40.","lower.50.","lower.60.","lower.70.","lower.80.","lower.90.","lower.95.","lower.98.","upper.10.","upper.20.","upper.30.","upper.40.","upper.50.","upper.60.","upper.70.","upper.80.","upper.90.","upper.95.","upper.98."
50,33.1581972857039,16.0450724424233,0,0,0,0,0,0,0,0,0,66.8418027142961,83.9549275575768,101.642700316599,120.282948570417,140.398707239056,162.798558432968,188.908320730439,221.760363670079,270.45204012464,312.684807865533,361.789527328593
