"means","lower.10.","lower.20.","lower.30.","lower.40.","lower.50.","lower.60.","lower.70.","lower.80.","lower.90.","lower.95.","lower.98.","upper.10.","upper.20.","upper.30.","upper.40.","upper.50.","upper.60.","upper.70.","upper.80.","upper.90.","upper.95.","upper.98."
5,2.98723724319407,0.94204879624192,0,0,0,0,0,0,0,0,0,7.01276275680593,9.05795120375808,11.1718157860802,13.3995106533912,15.8035436752697,18.480548447617,21.6009244568192,25.5270699909767,31.3462091055202,36.393444456018,42.2619463138835
5,2.15352361148559,0,0,0,0,0,0,0,0,0,0,7.84647638851441,10.7388096278029,13.728265589143,16.8787018833231,20.2785179872565,24.0643744428475,28.4772525147649,34.0296607770211,42.2591662341442,49.3970349193071,57.6963498375122
5,1.51379264162972,0,0,0,0,0,0,0,0,0,0,8.48620735837028,12.0285776595443,15.6898985164465,19.5483792103896,23.7122865473566,28.3489948251664,33.7536446118236,40.5539281548941,50.6329727575947,59.3750408224147,69.5395842045501
5,0.974474486388131,0,0,0,0,0,0,0,0,0,0,9.02552551361187,13.1159024075162,17.3436315721604,21.7990213067824,26.6070873505395,31.961096895234,38.2018489136384,46.0541399819535,57.6924182110404,67.786888912036,79.523892627767
