"means","lower.10.","lower.20.","lower.30.","lower.40.","lower.50.","lower.60.","lower.70.","lower.80.","lower.90.","lower.95.","lower.98.","upper.10.","upper.20.","upper.30.","upper.40.","upper.50.","upper.60.","upper.70.","upper.80.","upper.90.","upper.95.","upper.98."
1465,1448.63499822319,1432.00635559995,1414.8193336677,1396.70680135933,1377.1605311685,1355.39483240055,1330.02425220562,1298.10226913769,1250.78908151684,1209.75194725967,1162.03741011094,1481.36500177681,1497.99364440005,1515.1806663323,1533.29319864067,1552.8394688315,1574.60516759945,1599.97574779438,1631.89773086231,1679.21091848316,1720.24805274033,1767.96258988906
