"means","lower.10.","lower.20.","lower.30.","lower.40.","lower.50.","lower.60.","lower.70.","lower.80.","lower.90.","lower.95.","lower.98.","upper.10.","upper.20.","upper.30.","upper.40.","upper.50.","upper.60.","upper.70.","upper.80.","upper.90.","upper.95.","upper.98."
2,1.34036051163408,0.670094204192919,0,0,0,0,0,0,0,0,0,2.65963948836592,3.32990579580708,4.02267922220461,4.75275806410466,5.54062792467543,6.41795837627149,7.44059416742941,8.72730350395929,10.6344005700531,12.2885228619164,14.2117975001752
2,1.06712888927607,0.119229186891042,0,0,0,0,0,0,0,0,0,2.93287111072393,3.88077081310896,4.86050038837203,5.89298778818872,7.0072040303929,8.24793665372296,9.69416205894662,11.5138438534993,14.2108863891311,16.5501685681078,19.2700896457017
