"means","lower.10.","lower.20.","lower.30.","lower.40.","lower.50.","lower.60.","lower.70.","lower.80.","lower.90.","lower.95.","lower.98.","upper.10.","upper.20.","upper.30.","upper.40.","upper.50.","upper.60.","upper.70.","upper.80.","upper.90.","upper.95.","upper.98."
2766.77777778895,2703.5706990739,2639.34535174148,2572.96335783982,2503.00673510566,2427.51253990871,2343.44617352044,2245.4565563302,2122.16324270687,1939.42397906387,1780.92492048702,1596.63551150662,2829.984856504,2894.21020383641,2960.59219773807,3030.54882047223,3106.04301566918,3190.10938205745,3288.09899924769,3411.39231287102,3594.13157651402,3752.63063509087,3936.92004407127
2419.55555557789,2330.16724762109,2239.33889037546,2145.46057430236,2046.5269696539,1939.76205492593,1820.87425944021,1682.29601383802,1507.93293756199,1249.50059253999,1025.34907427724,764.724492695444,2508.9438635347,2599.77222078032,2693.65053685342,2792.58414150189,2899.34905622985,3018.23685171557,3156.81509731776,3331.17817359379,3589.61051861579,3813.76203687855,4074.38661846034
