"means","lower.10.","lower.20.","lower.30.","lower.40.","lower.50.","lower.60.","lower.70.","lower.80.","lower.90.","lower.95.","lower.98.","upper.10.","upper.20.","upper.30.","upper.40.","upper.50.","upper.60.","upper.70.","upper.80.","upper.90.","upper.95.","upper.98."
6.909090909028,5.72833615042729,4.5285593844829,3.28849487306717,1.98165366369285,0.571366524377503,0,0,0,0,0,0,8.08984566762871,9.2896224335731,10.5296869449888,11.8365281543631,13.2468152936785,14.8172369010228,16.6477550825772,18.9509649401424,22.3646689036241,25.3255479926903,28.7682098121727
6.909090909028,5.72833615042729,4.5285593844829,3.28849487306717,1.98165366369285,0.571366524377503,0,0,0,0,0,0,8.08984566762871,9.2896224335731,10.5296869449888,11.8365281543631,13.2468152936785,14.8172369010228,16.6477550825772,18.9509649401424,22.3646689036241,25.3255479926903,28.7682098121727
6.909090909028,5.72833615042729,4.5285593844829,3.28849487306717,1.98165366369285,0.571366524377503,0,0,0,0,0,0,8.08984566762871,9.2896224335731,10.5296869449888,11.8365281543631,13.2468152936785,14.8172369010228,16.6477550825772,18.9509649401424,22.3646689036241,25.3255479926903,28.7682098121727
6.909090909028,5.72833615042729,4.5285593844829,3.28849487306717,1.98165366369285,0.571366524377503,0,0,0,0,0,0,8.08984566762871,9.2896224335731,10.5296869449888,11.8365281543631,13.2468152936785,14.8172369010228,16.6477550825772,18.9509649401424,22.3646689036241,25.3255479926903,28.7682098121727
