"means","lower.10.","lower.20.","lower.30.","lower.40.","lower.50.","lower.60.","lower.70.","lower.80.","lower.90.","lower.95.","lower.98.","upper.10.","upper.20.","upper.30.","upper.40.","upper.50.","upper.60.","upper.70.","upper.80.","upper.90.","upper.95.","upper.98."
75,72.7814991123254,70.5272580848209,68.1973210684249,65.7419184016743,63.0921528617455,60.1415132775821,56.7021824757349,52.3747189814827,45.9607661957093,40.3976186923489,33.9292574625064,77.2185008876746,79.4727419151791,81.8026789315751,84.2580815983257,86.9078471382545,89.8584867224179,93.2978175242651,97.6252810185173,104.039233804291,109.602381307651,116.070742537494
69,64.0392812070161,58.9986450318469,53.7887474798924,48.2983002049039,42.3732443331866,35.7754136458955,28.0848361758564,18.4083336325597,4.06629919909626,0,0,73.9607187929839,79.0013549681531,84.2112525201076,89.7016997950961,95.6267556668134,102.224586354105,109.915163824144,119.59166636744,133.933700800904,146.373276787276,160.836972200228
63,54.6991297660679,46.2645321739367,37.5467061258205,28.3594306002688,18.4449157945751,7.40463339878249,0,0,0,0,0,71.3008702339321,79.7354678260633,88.4532938741795,97.6405693997312,107.555084205425,118.595366601218,131.464164101508,147.656049850771,171.65486367008,192.470255619741,216.672647195704
