"means","lower.10.","lower.20.","lower.30.","lower.40.","lower.50.","lower.60.","lower.70.","lower.80.","lower.90.","lower.95.","lower.98.","upper.10.","upper.20.","upper.30.","upper.40.","upper.50.","upper.60.","upper.70.","upper.80.","upper.90.","upper.95.","upper.98."
81,37.1836332119526,0,0,0,0,0,0,0,0,0,0,124.816366788047,169.338617033049,215.355896300611,263.85117726102,316.185210321312,374.46163788432,442.389931605729,527.859236026334,654.537620237958,764.412226490092,892.165201365593
81,19.0342998344293,0,0,0,0,0,0,0,0,0,0,142.965700165571,205.92967028942,271.007930733118,339.590614778421,413.602114105969,496.017428332228,592.082542581908,712.954392060122,892.104681071709,1047.49083939388,1228.16082909632
