"means","lower.10.","lower.20.","lower.30.","lower.40.","lower.50.","lower.60.","lower.70.","lower.80.","lower.90.","lower.95.","lower.98.","upper.10.","upper.20.","upper.30.","upper.40.","upper.50.","upper.60.","upper.70.","upper.80.","upper.90.","upper.95.","upper.98."
630,601.456550285306,572.453264430946,542.47606656937,510.88461536144,476.792472390081,438.829254496112,394.578487529944,338.900918354015,256.378373589543,184.802372921795,101.579803786826,658.543449714694,687.546735569054,717.52393343063,749.11538463856,783.207527609919,821.170745503888,865.421512470056,921.099081645985,1003.62162641046,1075.19762707821,1158.42019621317
630,589.633466296565,548.616626087946,506.222466310163,461.54540755686,413.331836596402,359.643738979426,297.06370419046,218.323730741895,101.619228734438,0.395477849682493,0,670.366533703435,711.383373912054,753.777533689837,798.45459244314,846.668163403598,900.356261020574,962.93629580954,1041.67626925811,1158.38077126556,1259.60452215032,1377.29900811652
