"means","lower.10.","lower.20.","lower.30.","lower.40.","lower.50.","lower.60.","lower.70.","lower.80.","lower.90.","lower.95.","lower.98.","upper.10.","upper.20.","upper.30.","upper.40.","upper.50.","upper.60.","upper.70.","upper.80.","upper.90.","upper.95.","upper.98."
66,47.1476624807176,27.9916130346991,8.19231555602681,0,0,0,0,0,0,0,0,84.8523375192824,104.008386965301,123.807684443973,144.673161702289,167.190292339124,192.264185095918,221.490869420057,258.264711995135,312.769086287673,360.043502532256,415.010227936389
66,39.3387685977956,12.2480236697468,0,0,0,0,0,0,0,0,0,92.6612314022044,119.751976330253,147.752411350051,177.260652274149,209.104683806488,244.564523004634,285.897296359028,337.903363269277,414.984188602444,481.840309208804,559.574997754566
