"means","lower.10.","lower.20.","lower.30.","lower.40.","lower.50.","lower.60.","lower.70.","lower.80.","lower.90.","lower.95.","lower.98.","upper.10.","upper.20.","upper.30.","upper.40.","upper.50.","upper.60.","upper.70.","upper.80.","upper.90.","upper.95.","upper.98."
7513.88888888806,7463.42320517796,7412.14451724397,7359.14392338027,7303.28928070261,7243.01333923831,7175.89322005145,7097.65652364772,6999.21689480592,6853.31453595782,6726.76599865637,6579.62597551668,7564.35457259815,7615.63326053215,7668.63385439584,7724.48849707351,7784.7644385378,7851.88455772466,7930.12125412839,8028.5608829702,8174.46324181829,8301.01177911974,8448.15180225943
8212.77777777611,8141.40852343887,8068.88950750191,7993.93534884605,7914.94495564979,7829.70190174618,7734.77971888402,7624.1363217546,7484.92166357155,7278.58456890634,7099.61791115616,6891.53049486411,8284.14703211336,8356.66604805031,8431.62020670617,8510.61059990244,8595.85365380605,8690.7758366682,8801.41923379762,8940.63389198068,9146.97098664588,9325.93764439607,9534.02506068811
