"means","lower.10.","lower.20.","lower.30.","lower.40.","lower.50.","lower.60.","lower.70.","lower.80.","lower.90.","lower.95.","lower.98.","upper.10.","upper.20.","upper.30.","upper.40.","upper.50.","upper.60.","upper.70.","upper.80.","upper.90.","upper.95.","upper.98."
1856,1786.11272118934,1715.09955546517,1641.70181252046,1564.35164704745,1480.87865674994,1387.92752365196,1279.58162575028,1143.25774621251,941.205220965326,765.954788210382,562.188286592286,1925.88727881066,1996.90044453483,2070.29818747954,2147.64835295255,2231.12134325006,2324.07247634804,2432.41837424972,2568.74225378749,2770.79477903467,2946.04521178962,3149.81171340771
