"means","lower.10.","lower.20.","lower.30.","lower.40.","lower.50.","lower.60.","lower.70.","lower.80.","lower.90.","lower.95.","lower.98.","upper.10.","upper.20.","upper.30.","upper.40.","upper.50.","upper.60.","upper.70.","upper.80.","upper.90.","upper.95.","upper.98."
308,275.814950392265,243.111398321986,209.309681643744,173.687763674097,135.246113357306,92.4395127746982,42.5431917545643,0,0,0,0,340.185049607735,372.888601678014,406.690318356256,442.312236325903,480.753886642694,523.560487225302,573.456808245436,636.237773541403,729.288621408393,809.996354889845,903.836536888353
308,262.48346633909,216.233659463527,168.430813305664,118.053813795248,63.6891105572381,3.15143545422598,0,0,0,0,0,353.51653366091,399.766340536473,447.569186694336,497.946186204752,552.310889442762,612.848564545774,683.412618444969,772.198311025401,903.792082069213,1017.93005334708,1150.64011142493
308,252.253858835278,195.60964506158,137.063354391817,75.3643826053378,8.78149112985977,0,0,0,0,0,0,363.746141164722,420.39035493842,478.936645608183,540.635617394662,607.21850887014,681.361715978525,767.784679096163,876.524500736997,1037.69329692999,1177.48319188359,1340.01915489651
