"means","lower.10.","lower.20.","lower.30.","lower.40.","lower.50.","lower.60.","lower.70.","lower.80.","lower.90.","lower.95.","lower.98.","upper.10.","upper.20.","upper.30.","upper.40.","upper.50.","upper.60.","upper.70.","upper.80.","upper.90.","upper.95.","upper.98."
585,554.791184281327,524.095703308705,492.369487486362,458.934834794941,422.85358761667,382.675407862301,335.842832330873,276.916758443123,189.57944034234,113.827341851647,25.7491564969658,615.208815718673,645.904296691295,677.630512513638,711.065165205059,747.14641238333,787.324592137699,834.157167669127,893.083241556877,980.42055965766,1056.17265814835,1144.25084350303
585,542.278283107422,498.868317612376,454.000672913643,406.716933624201,355.690344517354,298.869817797261,232.638554319854,149.304501450398,25.7908816909785,0,0,627.721716892578,671.131682387624,715.999327086357,763.283066375799,814.309655482646,871.130182202739,937.361445680146,1020.6954985496,1144.20911830902,1251.33876337278,1375.90012765058
