"means","lower.10.","lower.20.","lower.30.","lower.40.","lower.50.","lower.60.","lower.70.","lower.80.","lower.90.","lower.95.","lower.98.","upper.10.","upper.20.","upper.30.","upper.40.","upper.50.","upper.60.","upper.70.","upper.80.","upper.90.","upper.95.","upper.98."
0,0,0,0,0,0,0,0,0,0,0,0,0,0.67265397155623,10.790286803921,21.4527478331119,32.9592197403749,45.7722218615159,60.7073407068993,79.4991305373521,107.351393853447,131.509078561316,159.597607774815
0,0,0,0,0,0,0,0,0,0,0,0,0,0,0,0,0,15.7482012293092,36.8696488561045,63.4452528955957,102.834301420004,136.998426769406,176.721605730248
