"means","lower.10.","lower.20.","lower.30.","lower.40.","lower.50.","lower.60.","lower.70.","lower.80.","lower.90.","lower.95.","lower.98.","upper.10.","upper.20.","upper.30.","upper.40.","upper.50.","upper.60.","upper.70.","upper.80.","upper.90.","upper.95.","upper.98."
324.888888888889,313.99497695471,302.925563654728,291.484446452649,279.427232248617,266.415602368918,251.92653546885,235.037758423056,213.787820473213,182.292211349777,154.974467500696,123.211686612101,335.782800823067,346.852214123049,358.293331325128,370.350545529161,383.36217540886,397.851242308928,414.740019354721,435.989957304564,467.485566428001,494.803310277082,526.566091165677
324.888888888889,313.99497695471,302.925563654728,291.484446452649,279.427232248617,266.415602368918,251.92653546885,235.037758423056,213.787820473213,182.292211349777,154.974467500696,123.211686612101,335.782800823067,346.852214123049,358.293331325128,370.350545529161,383.36217540886,397.851242308928,414.740019354721,435.989957304564,467.485566428001,494.803310277082,526.566091165677
