"means","lower.10.","lower.20.","lower.30.","lower.40.","lower.50.","lower.60.","lower.70.","lower.80.","lower.90.","lower.95.","lower.98.","upper.10.","upper.20.","upper.30.","upper.40.","upper.50.","upper.60.","upper.70.","upper.80.","upper.90.","upper.95.","upper.98."
655,633.764115368597,612.186119769216,589.883548716164,566.379998167933,541.015971667506,512.771925362965,479.850039902817,438.42679052703,377.031294971144,323.779858730938,261.863555882323,676.235884631403,697.813880230784,720.116451283836,743.620001832067,768.984028332494,797.228074637035,830.149960097183,871.57320947297,932.968705028856,986.220141269062,1048.13644411768
655,624.967923945279,594.452029919808,562.911431460792,529.672391511562,493.802241238268,453.859127898092,407.300550981458,348.719229916656,261.892887432905,186.58398408616,99.021108865649,685.032076054721,715.547970080192,747.088568539208,780.327608488438,816.197758761732,856.140872101908,902.699449018543,961.280770083344,1048.10711256709,1123.41601591384,1210.97889113435
