"means","lower.10.","lower.20.","lower.30.","lower.40.","lower.50.","lower.60.","lower.70.","lower.80.","lower.90.","lower.95.","lower.98.","upper.10.","upper.20.","upper.30.","upper.40.","upper.50.","upper.60.","upper.70.","upper.80.","upper.90.","upper.95.","upper.98."
415.500000006436,381.621297671031,347.196808058527,311.616365843125,274.119939079195,233.655399044703,188.596214833279,136.074232481986,69.9895856812458,0,0,0,449.378702341842,483.803191954346,519.383634169748,556.880060933678,597.34460096817,642.403785179594,694.925767530887,761.010414331627,858.957815853892,943.912579388766,1042.69085165415
207.000000012873,159.088279694542,110.404699606766,60.0863556705129,7.05840040043338,0,0,0,0,0,0,0,254.911720331204,303.59530041898,353.913644355233,406.941599625313,464.16710093728,527.890410358543,602.167710122462,695.625513892705,834.144057524695,954.288236303914,1093.9818086094
0,0,0,0,0,0,0,0,0,0,0,0,57.1796337587333,116.804598792218,178.431732465062,243.377448722475,313.464087967119,391.508884368911,482.479626315586,596.941592174713,766.591468080624,913.737434868027,1084.82642111554
0,0,0,0,0,0,0,0,0,0,0,0,0,0,0,72.7601218802288,153.689201949212,243.80757037206,348.851535074646,481.020828676127,676.915631720656,846.825158790405,1044.38170332117
