"means","lower.10.","lower.20.","lower.30.","lower.40.","lower.50.","lower.60.","lower.70.","lower.80.","lower.90.","lower.95.","lower.98.","upper.10.","upper.20.","upper.30.","upper.40.","upper.50.","upper.60.","upper.70.","upper.80.","upper.90.","upper.95.","upper.98."
976.929682313637,906.022802663263,833.973610288251,759.505051572589,681.026407569437,596.335611507424,502.028393940697,392.101813969829,253.78907545208,48.7887615956685,0,0,1047.83656196401,1119.88575433902,1194.35431305468,1272.83295705784,1357.52375311985,1451.83097068658,1561.75755065744,1700.07028917519,1905.07060303161,2082.87780278961,2289.61709859415
