"means","lower.10.","lower.20.","lower.30.","lower.40.","lower.50.","lower.60.","lower.70.","lower.80.","lower.90.","lower.95.","lower.98.","upper.10.","upper.20.","upper.30.","upper.40.","upper.50.","upper.60.","upper.70.","upper.80.","upper.90.","upper.95.","upper.98."
218,201.479744727419,184.69334746826,167.343273599124,149.058909109094,129.327204977121,107.35501672217,81.7437478112411,49.5189233791176,1.75687923662989,0,0,234.520255272581,251.30665253174,268.656726400876,286.941090890906,306.672795022879,328.64498327783,354.256252188759,386.481076620882,434.24312076337,475.669571113306,523.836772355346
