"means","lower.10.","lower.20.","lower.30.","lower.40.","lower.50.","lower.60.","lower.70.","lower.80.","lower.90.","lower.95.","lower.98.","upper.10.","upper.20.","upper.30.","upper.40.","upper.50.","upper.60.","upper.70.","upper.80.","upper.90.","upper.95.","upper.98."
1370.59316131062,1300.12574573395,1228.52309721681,1154.51607701952,1076.52382509514,992.357922561468,898.635198829701,789.389917808681,651.934408939373,448.204638554665,271.499445777164,66.04147124325,1441.06057688728,1512.66322540443,1586.67024560172,1664.66249752609,1748.82840005977,1842.55112379154,1951.79640481256,2089.25191368186,2292.98168406657,2469.68687684407,2675.14485137799
1300.0177258349,1202.89362818769,1104.20485736407,1002.20217999327,894.70672227512,778.702221906393,649.525709656083,498.954708086724,309.502006347642,28.704563294534,0,0,1397.14182348212,1495.83059430573,1597.83327167653,1705.32872939469,1821.33322976341,1950.50974201372,2101.08074358308,2290.53344532216,2571.33088837527,2814.88079378396,3098.06019262711
1233.07640457571,1117.09239861709,999.239885589564,877.429959664251,749.06064545148,610.529971932486,456.269497657865,276.460074803302,50.2187627120729,0,0,0,1349.06041053433,1466.91292356186,1588.72284948717,1717.09216369994,1855.62283721894,2009.88331149356,2189.69273434812,2415.93404643935,2751.25775185522,3042.10105814516,3380.26925613535
