"means","lower.10.","lower.20.","lower.30.","lower.40.","lower.50.","lower.60.","lower.70.","lower.80.","lower.90.","lower.95.","lower.98.","upper.10.","upper.20.","upper.30.","upper.40.","upper.50.","upper.60.","upper.70.","upper.80.","upper.90.","upper.95.","upper.98."
135,123.953311786367,112.728660974834,101.127093483685,88.9007888429196,75.7066837959275,61.0144221438604,43.8887967981001,22.3408496043569,0,0,0,146.046688213633,157.271339025166,168.872906516315,181.09921115708,194.293316204072,208.98557785614,226.1112032019,247.659150395643,279.596454110528,307.297302146019,339.505524444331
135,119.377623708973,103.5035702984,87.0964762076312,69.8058703669558,51.1465880661243,30.3685923758368,6.14930074774227,0,0,0,0,150.622376291027,166.4964297016,182.903523792369,200.194129633044,218.853411933876,239.631407624163,263.850699252258,294.324098414949,339.490266474167,378.665181455195,424.214486249395
135,115.866574758615,96.4249092558203,76.3304049137114,55.1538240870907,32.3009637852995,6.85322012582336,0,0,0,0,0,154.133425241385,173.57509074418,193.669595086289,214.846175912909,237.699036214701,263.146779874177,292.809233084423,330.131372422797,385.448405113736,433.427681323951,489.2139587661
