"means","lower.10.","lower.20.","lower.30.","lower.40.","lower.50.","lower.60.","lower.70.","lower.80.","lower.90.","lower.95.","lower.98.","upper.10.","upper.20.","upper.30.","upper.40.","upper.50.","upper.60.","upper.70.","upper.80.","upper.90.","upper.95.","upper.98."
294,276.807760791743,259.338553908283,241.282742099238,222.254636122856,201.720317988774,178.854380981436,152.201338744584,118.665725587283,68.9608950974159,25.8493673265866,0,311.192239208257,328.661446091717,346.717257900762,365.745363877144,386.279682011226,409.145619018564,435.798661255416,469.334274412717,519.039104902584,562.150632673413,612.277100580954
