"means","lower.10.","lower.20.","lower.30.","lower.40.","lower.50.","lower.60.","lower.70.","lower.80.","lower.90.","lower.95.","lower.98.","upper.10.","upper.20.","upper.30.","upper.40.","upper.50.","upper.60.","upper.70.","upper.80.","upper.90.","upper.95.","upper.98."
564,556.173103546394,548.220115471532,540.000071083869,531.337382449694,521.988979380496,511.579089249073,499.445090923757,484.177750322522,461.549251685685,441.922403796262,419.101951547734,571.826896453606,579.779884528468,587.999928916131,596.662617550306,606.011020619504,616.420910750927,628.554909076243,643.822249677478,666.450748314315,686.077596203738,708.898048452266
