"means","lower.10.","lower.20.","lower.30.","lower.40.","lower.50.","lower.60.","lower.70.","lower.80.","lower.90.","lower.95.","lower.98.","upper.10.","upper.20.","upper.30.","upper.40.","upper.50.","upper.60.","upper.70.","upper.80.","upper.90.","upper.95.","upper.98."
349,339.985495043357,330.825766044011,321.358459134351,311.381343671855,300.614467387813,288.625040065749,274.649898233245,257.065978688584,231.003961089107,208.399047553938,182.115950399582,358.014504956643,367.174233955989,376.641540865649,386.618656328145,397.385532612187,409.374959934251,423.350101766755,440.934021311416,466.996038910893,489.600952446062,515.884049600417
349,336.251564832236,323.297751853698,309.908958022908,295.799186022485,280.572523557199,263.616912833249,243.853077717635,218.985660217898,182.128401465912,150.160226168204,112.990313711345,361.748435167764,374.702248146302,388.091041977092,402.200813977515,417.427476442801,434.383087166751,454.146922282365,479.014339782102,515.871598534088,547.839773831796,585.009686288655
349,333.386419410013,317.521303399583,301.123446821204,283.84257592718,265.19379916441,244.427501888941,220.221846192064,189.765604144508,144.624865514459,105.472006770845,59.9483471192323,364.613580589987,380.478696600417,396.876553178796,414.15742407282,432.80620083559,453.572498111059,477.778153807936,508.234395855492,553.375134485541,592.527993229155,638.051652880768
