"means","lower.10.","lower.20.","lower.30.","lower.40.","lower.50.","lower.60.","lower.70.","lower.80.","lower.90.","lower.95.","lower.98.","upper.10.","upper.20.","upper.30.","upper.40.","upper.50.","upper.60.","upper.70.","upper.80.","upper.90.","upper.95.","upper.98."
608.777777777778,578.531364515628,547.79768030157,516.031978397091,482.555713322719,446.429559840536,406.201374787244,359.310511972691,300.311099373304,212.865082254162,137.018703575759,48.8308971278834,639.024191039928,669.757875253985,701.523577158465,734.999842232837,771.12599571502,811.354180768312,858.245043582864,917.244456182252,1004.69047330139,1080.5368519798,1168.72465842767
608.777777777778,578.531364515628,547.79768030157,516.031978397091,482.555713322719,446.429559840536,406.201374787244,359.310511972691,300.311099373304,212.865082254162,137.018703575759,48.8308971278834,639.024191039928,669.757875253985,701.523577158465,734.999842232837,771.12599571502,811.354180768312,858.245043582864,917.244456182252,1004.69047330139,1080.5368519798,1168.72465842767
608.777777777778,578.531364515628,547.79768030157,516.031978397091,482.555713322719,446.429559840536,406.201374787244,359.310511972691,300.311099373304,212.865082254162,137.018703575759,48.8308971278834,639.024191039928,669.757875253985,701.523577158465,734.999842232837,771.12599571502,811.354180768312,858.245043582864,917.244456182252,1004.69047330139,1080.5368519798,1168.72465842767
608.777777777778,578.531364515628,547.79768030157,516.031978397091,482.555713322719,446.429559840536,406.201374787244,359.310511972691,300.311099373304,212.865082254162,137.018703575759,48.8308971278834,639.024191039928,669.757875253985,701.523577158465,734.999842232837,771.12599571502,811.354180768312,858.245043582864,917.244456182252,1004.69047330139,1080.5368519798,1168.72465842767
