"means","lower.10.","lower.20.","lower.30.","lower.40.","lower.50.","lower.60.","lower.70.","lower.80.","lower.90.","lower.95.","lower.98.","upper.10.","upper.20.","upper.30.","upper.40.","upper.50.","upper.60.","upper.70.","upper.80.","upper.90.","upper.95.","upper.98."
5,3.04961565426642,1.06781053713446,0,0,0,0,0,0,0,0,0,6.95038434573358,8.93218946286554,10.9805423432141,13.1391977443947,15.4687263272562,18.0627668736571,21.0864379449603,24.8909065853898,30.5297022140719,35.4205164859266,41.107145035559
5,2.2417400064234,0,0,0,0,0,0,0,0,0,0,7.7582599935766,10.560955668205,13.4577640921199,16.5105638369595,19.805014752778,23.4735420748438,27.749658712036,33.1299898609546,41.104451114487,48.0211069887918,56.0632142078599
5,1.62183521890246,0,0,0,0,0,0,0,0,0,0,8.37816478109754,11.8107519346701,15.3586031952638,19.0975040261417,23.1323658893417,27.6253759126017,32.8625278334751,39.4520608145016,49.2187413368763,57.6898801461116,67.5394097178465
