"means","lower.10.","lower.20.","lower.30.","lower.40.","lower.50.","lower.60.","lower.70.","lower.80.","lower.90.","lower.95.","lower.98.","upper.10.","upper.20.","upper.30.","upper.40.","upper.50.","upper.60.","upper.70.","upper.80.","upper.90.","upper.95.","upper.98."
3635,3618.2919756307,3601.31478430702,3583.76750962926,3565.27532519047,3545.31935065829,3523.0974266775,3497.19506027747,3464.60396873412,3416.29906155846,3374.40175848658,3325.68708919884,3651.7080243693,3668.68521569298,3686.23249037074,3704.72467480953,3724.68064934171,3746.9025733225,3772.80493972253,3805.39603126588,3853.70093844154,3895.59824151342,3944.31291080116
4098,4060.63972174053,4022.67756787375,3983.44066887443,3942.09088741682,3897.46797180561,3847.77823919373,3789.85878714516,3716.9828909933,3608.96983490173,3515.28461715909,3406.35530513028,4135.36027825947,4173.32243212625,4212.55933112558,4253.90911258318,4298.53202819439,4348.22176080627,4406.14121285484,4479.0171090067,4587.03016509827,4680.71538284091,4789.64469486972
