"means","lower.10.","lower.20.","lower.30.","lower.40.","lower.50.","lower.60.","lower.70.","lower.80.","lower.90.","lower.95.","lower.98.","upper.10.","upper.20.","upper.30.","upper.40.","upper.50.","upper.60.","upper.70.","upper.80.","upper.90.","upper.95.","upper.98."
63,51.3853897258308,39.5836676061917,27.3856511171536,14.5307790731956,0.658350968622656,0,0,0,0,0,0,74.6146102741692,86.4163323938083,98.6143488828465,111.469220926804,125.341649031377,140.789255575054,158.79532764351,181.451077857844,215.030312528228,244.155290799919,278.019372267975
