"means","lower.10.","lower.20.","lower.30.","lower.40.","lower.50.","lower.60.","lower.70.","lower.80.","lower.90.","lower.95.","lower.98.","upper.10.","upper.20.","upper.30.","upper.40.","upper.50.","upper.60.","upper.70.","upper.80.","upper.90.","upper.95.","upper.98."
136,114.705798011878,93.0685455607825,70.7047278483881,47.1366325465347,21.7029521085909,0,0,0,0,0,0,157.294201988122,178.931454439217,201.295272151612,224.863367453465,250.297047891409,278.61865715846,311.630951724306,353.167956399306,414.732054444676,468.12972820015,530.216063763793
136,105.885450748486,75.285754879656,43.6585405643483,10.3282205491655,0,0,0,0,0,0,0,166.114549251514,196.714245120344,228.341459435652,261.671779450834,297.640435267238,337.693239200933,384.379673901008,443.121869252748,530.186651663777,605.702366087942,693.505703880094
136,99.1173602499383,61.6405396684469,22.9052711393711,0,0,0,0,0,0,0,0,172.882639750062,210.359460331553,249.094728860629,289.915867361064,333.968294103054,383.022760305699,440.201731768174,512.145934259501,618.778079996234,711.265563946701,818.802251598703
136,93.4115960237558,50.137091121565,5.40945569677629,0,0,0,0,0,0,0,0,178.588403976244,221.862908878435,266.590544303224,313.726734906931,364.594095782818,421.23731431692,487.261903448612,570.335912798612,693.464108889352,800.259456400299,924.432127527587
