"means","lower.10.","lower.20.","lower.30.","lower.40.","lower.50.","lower.60.","lower.70.","lower.80.","lower.90.","lower.95.","lower.98.","upper.10.","upper.20.","upper.30.","upper.40.","upper.50.","upper.60.","upper.70.","upper.80.","upper.90.","upper.95.","upper.98."
19,14.1925215429318,9.30759441174325,4.25863451504898,0,0,0,0,0,0,0,0,23.8074784570682,28.6924055882567,33.741365484951,39.0622087126517,44.8042351505326,51.1982538837444,58.6512636294122,68.0288517286324,81.9278499276277,93.9831580523551,108.000059031646
