"means","lower.10.","lower.20.","lower.30.","lower.40.","lower.50.","lower.60.","lower.70.","lower.80.","lower.90.","lower.95.","lower.98.","upper.10.","upper.20.","upper.30.","upper.40.","upper.50.","upper.60.","upper.70.","upper.80.","upper.90.","upper.95.","upper.98."
121,98.6242644456897,75.888054878521,52.3883777647008,27.6232577434287,0.897799425257915,0,0,0,0,0,0,143.37573555431,166.111945121479,189.611622235299,214.376742256571,241.102200574742,270.862265769273,305.551256399605,349.197927584766,413.888869197475,469.998613428993,535.238317029211
121,89.3559313110205,57.2020753841737,23.9685132984205,0,0,0,0,0,0,0,0,152.64406868898,184.797924615826,218.031486701579,253.05465530946,290.850160923654,332.937248738868,381.994889753316,443.72060409581,535.207411087188,614.558572360687,706.821445997316
