"means","lower.10.","lower.20.","lower.30.","lower.40.","lower.50.","lower.60.","lower.70.","lower.80.","lower.90.","lower.95.","lower.98.","upper.10.","upper.20.","upper.30.","upper.40.","upper.50.","upper.60.","upper.70.","upper.80.","upper.90.","upper.95.","upper.98."
3635,3618.2919756307,3601.31478430702,3583.76750962926,3565.27532519047,3545.31935065829,3523.0974266775,3497.19506027747,3464.60396873412,3416.29906155846,3374.40175848658,3325.68708919884,3651.7080243693,3668.68521569298,3686.23249037074,3704.72467480953,3724.68064934171,3746.9025733225,3772.80493972253,3805.39603126588,3853.70093844154,3895.59824151342,3944.31291080116
