"means","lower.10.","lower.20.","lower.30.","lower.40.","lower.50.","lower.60.","lower.70.","lower.80.","lower.90.","lower.95.","lower.98.","upper.10.","upper.20.","upper.30.","upper.40.","upper.50.","upper.60.","upper.70.","upper.80.","upper.90.","upper.95.","upper.98."
12.6249999999739,8.75886515814161,4.83044672624346,0.770114486392332,0,0,0,0,0,0,0,0,16.4911348418062,20.4195532737044,24.4798855135555,28.7588641037344,33.3765547855459,38.5185723368578,44.5122217960411,52.0536014208303,63.2310620550419,72.9258422160446,84.1981193015248
0,0,0,0,0,0,0,0,0,0,0,0,0,0,2.01533987363527,8.06672942897039,14.5971302180321,21.8690411770579,30.3453415303451,41.0104628747261,56.8177792965195,70.5282688844351,86.4696760175487
