"means","lower.10.","lower.20.","lower.30.","lower.40.","lower.50.","lower.60.","lower.70.","lower.80.","lower.90.","lower.95.","lower.98.","upper.10.","upper.20.","upper.30.","upper.40.","upper.50.","upper.60.","upper.70.","upper.80.","upper.90.","upper.95.","upper.98."
191,185.891360070208,180.700419742681,175.335170919933,169.681006805431,163.579274722711,156.784706696244,148.864807829538,138.899766605404,124.130074381594,111.319569040404,96.4245880905745,196.108639929792,201.299580257319,206.664829080067,212.318993194569,218.420725277289,225.215293303756,233.135192170462,243.100233394596,257.869925618406,270.680430959596,285.575411909425
