"means","lower.10.","lower.20.","lower.30.","lower.40.","lower.50.","lower.60.","lower.70.","lower.80.","lower.90.","lower.95.","lower.98.","upper.10.","upper.20.","upper.30.","upper.40.","upper.50.","upper.60.","upper.70.","upper.80.","upper.90.","upper.95.","upper.98."
5.07321830030193,0,0,0,0,0,0,0,0,0,0,0,14.8670665809062,24.8186941569651,35.1044910970174,45.9441717658646,57.6418915285277,70.6678572058878,85.8512110856369,104.95533727194,133.270530117623,157.829737153887,186.385122847523
27.7310799472768,17.8149146263362,7.73899947742998,0,0,0,0,0,0,0,0,0,37.6472452682173,47.7231604171236,58.1374184281625,69.1124777162833,80.9562922946978,94.1449414774101,109.517922851453,128.860643725602,157.529469840476,182.395400999027,211.307419771269
8.66535199883762,0,0,0,0,0,0,0,0,0,0,0,21.7177388556716,34.9804001973931,48.6884133241921,63.1345943799608,78.7242951094977,96.0841661564541,116.319216051516,141.779529342178,179.515548969889,212.245918274183,250.302045982181
24.708436199258,11.3893360950845,0,0,0,0,0,0,0,0,0,0,38.0275363034316,51.561207653791,65.5493311340237,80.2907063104771,96.1989679095495,113.913571591319,134.562105696341,160.542676539167,199.049796230566,232.448979842888,271.282748722076
