"means","lower.10.","lower.20.","lower.30.","lower.40.","lower.50.","lower.60.","lower.70.","lower.80.","lower.90.","lower.95.","lower.98.","upper.10.","upper.20.","upper.30.","upper.40.","upper.50.","upper.60.","upper.70.","upper.80.","upper.90.","upper.95.","upper.98."
61.9090909090909,52.1251700141072,42.1836297542565,31.9082588561148,21.0795656650109,9.39370311839189,0,0,0,0,0,0,71.6930118040745,81.6345520639252,91.9099229620669,102.738616153171,114.42447869979,127.4372408048,142.6052043084,161.689965887231,189.976457467564,214.51077043647,243.037211396922
61.9090909090909,52.1251700141072,42.1836297542565,31.9082588561148,21.0795656650109,9.39370311839189,0,0,0,0,0,0,71.6930118040745,81.6345520639252,91.9099229620669,102.738616153171,114.42447869979,127.4372408048,142.6052043084,161.689965887231,189.976457467564,214.51077043647,243.037211396922
61.9090909090909,52.1251700141072,42.1836297542565,31.9082588561148,21.0795656650109,9.39370311839189,0,0,0,0,0,0,71.6930118040745,81.6345520639252,91.9099229620669,102.738616153171,114.42447869979,127.4372408048,142.6052043084,161.689965887231,189.976457467564,214.51077043647,243.037211396922
