"means","lower.10.","lower.20.","lower.30.","lower.40.","lower.50.","lower.60.","lower.70.","lower.80.","lower.90.","lower.95.","lower.98.","upper.10.","upper.20.","upper.30.","upper.40.","upper.50.","upper.60.","upper.70.","upper.80.","upper.90.","upper.95.","upper.98."
3369.19999999777,3335.88192152427,3302.02708744696,3267.03542943957,3230.15949254482,3190.36455863868,3146.05101260481,3094.39816261547,3029.40708278596,2933.08051224953,2849.53157787389,2752.38788582122,3402.51807847127,3436.37291254857,3471.36457055596,3508.24050745071,3548.03544135685,3592.34898739073,3644.00183738006,3708.99291720957,3805.319487746,3888.86842212164,3986.01211417431
