"means","lower.10.","lower.20.","lower.30.","lower.40.","lower.50.","lower.60.","lower.70.","lower.80.","lower.90.","lower.95.","lower.98.","upper.10.","upper.20.","upper.30.","upper.40.","upper.50.","upper.60.","upper.70.","upper.80.","upper.90.","upper.95.","upper.98."
111.333333333333,106.578499917926,101.747065942169,96.7533954672536,91.4908189620971,85.8116714791074,79.4876714439717,72.1162770424113,62.8413796823331,49.0945846280364,37.1712900326744,23.3078833108424,116.08816674874,120.919600724498,125.913271199413,131.17584770457,136.854995187559,143.178995222695,150.550389624255,159.825286984334,173.57208203863,185.495376633992,199.358783355824
111.333333333333,106.578499917926,101.747065942169,96.7533954672536,91.4908189620971,85.8116714791074,79.4876714439717,72.1162770424113,62.8413796823331,49.0945846280364,37.1712900326744,23.3078833108424,116.08816674874,120.919600724498,125.913271199413,131.17584770457,136.854995187559,143.178995222695,150.550389624255,159.825286984334,173.57208203863,185.495376633992,199.358783355824
111.333333333333,106.578499917926,101.747065942169,96.7533954672536,91.4908189620971,85.8116714791074,79.4876714439717,72.1162770424113,62.8413796823331,49.0945846280364,37.1712900326744,23.3078833108424,116.08816674874,120.919600724498,125.913271199413,131.17584770457,136.854995187559,143.178995222695,150.550389624255,159.825286984334,173.57208203863,185.495376633992,199.358783355824
111.333333333333,106.578499917926,101.747065942169,96.7533954672536,91.4908189620971,85.8116714791074,79.4876714439717,72.1162770424113,62.8413796823331,49.0945846280364,37.1712900326744,23.3078833108424,116.08816674874,120.919600724498,125.913271199413,131.17584770457,136.854995187559,143.178995222695,150.550389624255,159.825286984334,173.57208203863,185.495376633992,199.358783355824
