"means","lower.10.","lower.20.","lower.30.","lower.40.","lower.50.","lower.60.","lower.70.","lower.80.","lower.90.","lower.95.","lower.98.","upper.10.","upper.20.","upper.30.","upper.40.","upper.50.","upper.60.","upper.70.","upper.80.","upper.90.","upper.95.","upper.98."
0,0,0,0,0,0,0,0,0,0,0,0,2.93022909349804,5.90766429726512,8.98507989326154,12.2282123933828,15.7280622781339,19.625311092402,24.1680305628911,29.8838089528651,38.3554535492738,45.7033418265938,54.2468499082185
0,0,0,0,0,0,0,0,0,0,0,0,4.14396972488515,8.35469897113965,12.7068218440563,17.2933038103007,22.2428389835856,27.7543811126661,34.1787565978881,42.2620879165084,54.2428026003543,64.6342858569424,76.7166308562203
0,0,0,0,0,0,0,0,0,0,0,0,5.07530566775511,10.2323747169239,15.5626148851945,21.1798851510824,27.2418029703354,33.9920359263854,41.8602568538048,51.7602754300441,66.4335942946903,79.1605101193482,93.9583001915976
