"means","lower.10.","lower.20.","lower.30.","lower.40.","lower.50.","lower.60.","lower.70.","lower.80.","lower.90.","lower.95.","lower.98.","upper.10.","upper.20.","upper.30.","upper.40.","upper.50.","upper.60.","upper.70.","upper.80.","upper.90.","upper.95.","upper.98."
0,0,0,0,0,0,0,0,0,0,0,0,0.321741040022432,0.648665341328793,0.986567554037746,1.34266558945583,1.72695135889986,2.15487178652484,2.65366530755309,3.28126145278576,4.21145348084152,5.01825634194182,5.95633902691733
0,0,0,0,0,0,0,0,0,0,0,0,0.321741040022432,0.648665341328793,0.986567554037746,1.34266558945583,1.72695135889986,2.15487178652484,2.65366530755309,3.28126145278576,4.21145348084152,5.01825634194182,5.95633902691733
0,0,0,0,0,0,0,0,0,0,0,0,0.321741040022432,0.648665341328793,0.986567554037746,1.34266558945583,1.72695135889986,2.15487178652484,2.65366530755309,3.28126145278576,4.21145348084152,5.01825634194182,5.95633902691733
