"means","lower.10.","lower.20.","lower.30.","lower.40.","lower.50.","lower.60.","lower.70.","lower.80.","lower.90.","lower.95.","lower.98.","upper.10.","upper.20.","upper.30.","upper.40.","upper.50.","upper.60.","upper.70.","upper.80.","upper.90.","upper.95.","upper.98."
6874.90000000854,6805.46999874787,6734.9214773337,6662.00398116123,6585.15992344862,6502.23310299981,6409.89015592849,6302.25317311962,6166.8212706441,5966.09078977021,5791.98703334736,5589.55379077466,6944.3300012692,7014.87852268337,7087.79601885584,7164.64007656845,7247.56689701726,7339.90984408858,7447.54682689745,7582.97872937297,7783.70921024686,7957.81296666971,8160.24620924241
