"means","lower.10.","lower.20.","lower.30.","lower.40.","lower.50.","lower.60.","lower.70.","lower.80.","lower.90.","lower.95.","lower.98.","upper.10.","upper.20.","upper.30.","upper.40.","upper.50.","upper.60.","upper.70.","upper.80.","upper.90.","upper.95.","upper.98."
0,0,0,0,0,0,0,0,0,0,0,0,0,0,8.77399385804094,46.8508148118859,87.9416914325663,133.698331134437,187.03328304124,254.140831178345,353.604326570531,439.874075436453,540.181302331928
0,0,0,0,0,0,0,0,0,0,0,0,0,0,0,20.5553488218476,62.70601882409,109.64278871316,164.353326484401,233.191675743738,335.220479126229,423.715250099153,526.609546045698
