"means","lower.10.","lower.20.","lower.30.","lower.40.","lower.50.","lower.60.","lower.70.","lower.80.","lower.90.","lower.95.","lower.98.","upper.10.","upper.20.","upper.30.","upper.40.","upper.50.","upper.60.","upper.70.","upper.80.","upper.90.","upper.95.","upper.98."
2837,2820.2232689147,2803.17626400701,2785.55683144923,2766.98860347372,2746.95056600912,2724.63726106154,2698.62837898421,2665.90326639675,2617.39971984486,2575.33012673797,2526.41513305077,2853.7767310853,2870.82373599299,2888.44316855077,2907.01139652628,2927.04943399088,2949.36273893846,2975.37162101579,3008.09673360325,3056.60028015514,3098.66987326203,3147.58486694923
