"means","lower.10.","lower.20.","lower.30.","lower.40.","lower.50.","lower.60.","lower.70.","lower.80.","lower.90.","lower.95.","lower.98.","upper.10.","upper.20.","upper.30.","upper.40.","upper.50.","upper.60.","upper.70.","upper.80.","upper.90.","upper.95.","upper.98."
33,16.4647072238027,0,0,0,0,0,0,0,0,0,0,49.5352927761973,66.3369697937688,83.7028365059479,102.003844273736,121.753509119229,143.745697480407,169.380278957788,201.634435921759,249.439955295087,290.904113924141,339.11515918983
33,9.61556469809191,0,0,0,0,0,0,0,0,0,0,56.3844353019081,80.14559481077,104.704639037497,130.586172427798,158.516416304618,189.618067351259,225.87084014233,271.485106363689,339.092320217738,397.731495703336,465.912209774257
33,4.36003279359963,0,0,0,0,0,0,0,0,0,0,61.6399672064004,90.7413254531964,120.81988891616,152.518164199681,186.725587144532,224.817174755717,269.217572305305,325.083410922206,407.884999359026,479.703028797644,563.207008683821
33,0,0,0,0,0,0,0,0,0,0,0,66.0705855523946,99.6739395875375,134.405673011896,171.007688547471,210.507018238458,254.491394960813,305.760557915576,370.268871843519,465.879910590173,548.808227848282,645.23031837966
