"means","lower.10.","lower.20.","lower.30.","lower.40.","lower.50.","lower.60.","lower.70.","lower.80.","lower.90.","lower.95.","lower.98.","upper.10.","upper.20.","upper.30.","upper.40.","upper.50.","upper.60.","upper.70.","upper.80.","upper.90.","upper.95.","upper.98."
0,0,0,0,0,0,0,0,0,0,0,0,0,4.7008185322518,11.6294699130961,18.931224835135,26.8109664495843,35.5854324052396,45.8131441166314,58.6819408712247,77.7554362116953,94.2988489133062,113.534141391844
