"means","lower.10.","lower.20.","lower.30.","lower.40.","lower.50.","lower.60.","lower.70.","lower.80.","lower.90.","lower.95.","lower.98.","upper.10.","upper.20.","upper.30.","upper.40.","upper.50.","upper.60.","upper.70.","upper.80.","upper.90.","upper.95.","upper.98."
3430.62499999629,3397.66434040742,3364.17268324755,3329.55639740895,3293.07604623937,3253.70801152857,3209.86983799283,3158.7710927081,3094.47720312267,2999.18397355242,2916.53130835869,2820.42972292358,3463.58565958517,3497.07731674503,3531.69360258364,3568.17395375321,3607.54198846402,3651.38016199976,3702.47890728448,3766.77279686991,3862.06602644017,3944.7186916339,4040.82027706901
3795.24999999259,3748.63658817724,3701.27223239541,3652.31741148346,3600.72640409932,3545.05159548732,3483.05505592342,3410.79051732151,3319.86522669208,3185.10024903149,3068.21172894823,2932.30356346035,3841.86341180794,3889.22776758977,3938.18258850171,3989.77359588585,4045.44840449785,4107.44494406176,4179.70948266366,4270.63477329309,4405.39975095368,4522.28827103694,4658.19643652483
4159.87499998888,4102.78546292997,4044.7762110994,3984.81904525761,3921.63322355395,3853.4457872407,3777.51584336578,3689.01022032962,3577.64993695143,3412.59722171842,3269.4386062219,3102.98577756037,4216.96453704779,4274.97378887836,4334.93095472015,4398.11677642381,4466.30421273706,4542.23415661198,4630.73977964814,4742.10006302633,4907.15277825934,5050.31139375586,5216.76422241739
