"means","lower.10.","lower.20.","lower.30.","lower.40.","lower.50.","lower.60.","lower.70.","lower.80.","lower.90.","lower.95.","lower.98.","upper.10.","upper.20.","upper.30.","upper.40.","upper.50.","upper.60.","upper.70.","upper.80.","upper.90.","upper.95.","upper.98."
85.799999998581,71.6930302687002,57.3587966808131,42.5432285891186,26.9298514266569,10.0805625799713,0,0,0,0,0,0,99.9069697284618,114.241203316349,129.056771408043,144.670148570505,161.519437417191,180.281919563958,202.151883999069,229.66929310165,270.454238602678,305.829096403628,346.960013491955
17.5999999971622,0,0,0,0,0,0,0,0,0,0,0,37.5502679131463,57.8219354593602,78.7743127888967,100.854962526496,124.683455329821,151.217612045562,182.146412358313,221.061905512552,278.740528580754,328.768132249876,386.936033029032
0,0,0,0,0,0,0,0,0,0,0,0,0,0,24.322925848325,51.3660883714443,80.5499127253073,113.047485079612,150.927374640949,198.588925299277,269.230523090986,330.501574112755,401.742412271641
