"means","lower.10.","lower.20.","lower.30.","lower.40.","lower.50.","lower.60.","lower.70.","lower.80.","lower.90.","lower.95.","lower.98.","upper.10.","upper.20.","upper.30.","upper.40.","upper.50.","upper.60.","upper.70.","upper.80.","upper.90.","upper.95.","upper.98."
2261,2225.08884749255,2188.59916485279,2150.8841817336,2111.13827037393,2068.24618277458,2020.48380923211,1964.81092957049,1894.76173446946,1790.93827514828,1700.88690779272,1596.18273215381,2296.91115250745,2333.40083514721,2371.1158182664,2410.86172962607,2453.75381722542,2501.51619076789,2557.18907042951,2627.23826553054,2731.06172485172,2821.11309220728,2925.81726784619
