"means","lower.10.","lower.20.","lower.30.","lower.40.","lower.50.","lower.60.","lower.70.","lower.80.","lower.90.","lower.95.","lower.98.","upper.10.","upper.20.","upper.30.","upper.40.","upper.50.","upper.60.","upper.70.","upper.80.","upper.90.","upper.95.","upper.98."
261,249.868409153241,238.557487923698,226.866753108431,214.546479538941,201.250967243137,186.44578381065,169.188534338486,147.47497393834,115.292206503661,87.3784552982299,54.9226870541531,272.131590846759,283.442512076302,295.133246891569,307.453520461059,320.749032756863,335.55421618935,352.811465661514,374.52502606166,406.707793496339,434.62154470177,467.077312945847
196,171.109006168933,145.81701741153,119.675739657669,92.1267704548945,62.3971011657934,29.2917045913985,0,0,0,0,0,220.890993831067,246.18298258847,272.324260342331,299.873229545105,329.602898834207,362.708295408602,401.296678333033,449.849675421308,521.812531109315,584.229576311676,656.802880367411
