"means","lower.10.","lower.20.","lower.30.","lower.40.","lower.50.","lower.60.","lower.70.","lower.80.","lower.90.","lower.95.","lower.98.","upper.10.","upper.20.","upper.30.","upper.40.","upper.50.","upper.60.","upper.70.","upper.80.","upper.90.","upper.95.","upper.98."
20.3749999999045,18.3091360122865,16.2099908715271,14.0403577637234,11.7538912707313,9.28643442409103,6.53880421522836,3.33610563416581,0,0,0,0,22.4408639875225,24.5400091282819,26.7096422360856,28.9961087290777,31.463565575718,34.2111957845807,37.4138943656432,41.4436204929462,47.4162816498684,52.5966744767768,58.6200006777606
6.74999999980898,3.82842713050147,0.859787603049866,0,0,0,0,0,0,0,0,0,9.67157286911649,12.6402123965681,15.7085369629977,18.9420888872989,22.4315998243878,26.3173357301474,30.8466354996792,36.5455288415602,44.9921472531386,52.3183290473728,60.8365986514013
0,0,0,0,0,0,0,0,0,0,0,0,0,0.339007424051363,4.0969222005509,8.05719833621709,12.3309589600817,17.0899940822429,22.637230745972,29.6169211390485,39.9618737192309,48.9345772986016,59.3672843092664
0,0,0,0,0,0,0,0,0,0,0,0,0,0,0,0,1.67713115124494,7.17239156897028,13.5777887310954,21.6372409857013,33.5825632995458,43.9433489533626,55.9900013553302
