"means","lower.10.","lower.20.","lower.30.","lower.40.","lower.50.","lower.60.","lower.70.","lower.80.","lower.90.","lower.95.","lower.98.","upper.10.","upper.20.","upper.30.","upper.40.","upper.50.","upper.60.","upper.70.","upper.80.","upper.90.","upper.95.","upper.98."
1054,1009.78589978095,964.859508603152,918.424517605705,869.489031400146,816.679947666945,757.874528652112,689.329630786997,603.084497556654,475.256218178472,364.38424935779,235.471624955362,1098.21410021905,1143.14049139685,1189.57548239429,1238.51096859985,1291.32005233305,1350.12547134789,1418.670369213,1504.91550244335,1632.74378182153,1743.61575064221,1872.52837504464
