"means","lower.10.","lower.20.","lower.30.","lower.40.","lower.50.","lower.60.","lower.70.","lower.80.","lower.90.","lower.95.","lower.98.","upper.10.","upper.20.","upper.30.","upper.40.","upper.50.","upper.60.","upper.70.","upper.80.","upper.90.","upper.95.","upper.98."
1170.64887856062,1130.80787137804,1090.32502394397,1048.48278808059,1004.38737399911,956.801489091436,903.81234965995,842.047036001096,764.332167769702,649.147026115514,549.241093748966,433.078856605209,1210.4898857432,1250.97273317727,1292.81496904065,1336.91038312213,1384.49626802981,1437.48540746129,1499.25072112015,1576.96558935154,1692.15073100573,1792.05666337228,1908.21890051604
