"means","lower.10.","lower.20.","lower.30.","lower.40.","lower.50.","lower.60.","lower.70.","lower.80.","lower.90.","lower.95.","lower.98.","upper.10.","upper.20.","upper.30.","upper.40.","upper.50.","upper.60.","upper.70.","upper.80.","upper.90.","upper.95.","upper.98."
136,117.179094891199,98.0549842330768,78.2886980266115,57.4580096768534,34.9784217422068,9.94633456462489,0,0,0,0,0,154.820905108801,173.945015766923,193.711301973389,214.541990323147,237.021578257793,262.053665435375,291.231620251158,327.944149977705,382.357649392577,429.553245233317,484.428324884029
