"means","lower.10.","lower.20.","lower.30.","lower.40.","lower.50.","lower.60.","lower.70.","lower.80.","lower.90.","lower.95.","lower.98.","upper.10.","upper.20.","upper.30.","upper.40.","upper.50.","upper.60.","upper.70.","upper.80.","upper.90.","upper.95.","upper.98."
0,0,0,0,0,0,0,0,0,0,0,0,2.16797025031373,6.17728444026856,10.3212288666011,14.6883221071823,19.401102351028,24.6490066389403,30.7660800217539,38.4627551254022,49.870387052929,59.7648064845218,71.2692073662989
