"means","lower.10.","lower.20.","lower.30.","lower.40.","lower.50.","lower.60.","lower.70.","lower.80.","lower.90.","lower.95.","lower.98.","upper.10.","upper.20.","upper.30.","upper.40.","upper.50.","upper.60.","upper.70.","upper.80.","upper.90.","upper.95.","upper.98."
154,149.463602959696,144.854124377958,140.089862418905,135.069047934635,129.65079968438,123.617323317087,116.584569732535,107.735759846357,94.6204906140199,83.2449504872492,70.0184267109024,158.536397040304,163.145875622042,167.910137581095,172.930952065365,178.34920031562,184.382676682913,191.415430267465,200.264240153643,213.37950938598,224.755049512751,237.981573289098
