"means","lower.10.","lower.20.","lower.30.","lower.40.","lower.50.","lower.60.","lower.70.","lower.80.","lower.90.","lower.95.","lower.98.","upper.10.","upper.20.","upper.30.","upper.40.","upper.50.","upper.60.","upper.70.","upper.80.","upper.90.","upper.95.","upper.98."
2367,2350.79419217584,2334.32730812632,2317.30747651846,2299.37113762882,2280.01500783967,2258.46103942569,2233.3372568173,2201.72580146762,2154.87286270299,2114.23492568984,2066.98454160819,2383.20580782416,2399.67269187368,2416.69252348154,2434.62886237118,2453.98499216033,2475.53896057431,2500.6627431827,2532.27419853238,2579.12713729701,2619.76507431016,2667.01545839181
