"means","lower.10.","lower.20.","lower.30.","lower.40.","lower.50.","lower.60.","lower.70.","lower.80.","lower.90.","lower.95.","lower.98.","upper.10.","upper.20.","upper.30.","upper.40.","upper.50.","upper.60.","upper.70.","upper.80.","upper.90.","upper.95.","upper.98."
192,184.228496688994,176.331794142519,168.169925315712,159.568544959941,150.286303162629,139.950086744909,127.901964130806,112.742674783354,90.2743243814208,70.7863812022334,48.1274356981846,199.771503311006,207.668205857481,215.830074684288,224.431455040059,233.713696837371,244.049913255091,256.098035869194,271.257325216646,293.725675618579,313.213618797767,335.872564301815
152,134.622390309227,116.964826617213,98.7143330970348,79.4810619211997,58.7253382788214,35.612855738648,8.67243457226175,0,0,0,0,169.377609690773,187.035173382787,205.285666902965,224.5189380788,245.274661721179,268.387144261352,295.327565427738,329.224766899229,379.465525740236,423.041891430552,473.708833876069
112,82.9216972300375,53.3749418158634,22.8360250301584,0,0,0,0,0,0,0,0,141.078302769962,170.625058184137,201.163974969842,233.347393314464,268.078361901196,306.752942411856,351.832889387672,408.553756352808,492.622625602827,565.539832152264,650.321842973996
