"means","lower.10.","lower.20.","lower.30.","lower.40.","lower.50.","lower.60.","lower.70.","lower.80.","lower.90.","lower.95.","lower.98.","upper.10.","upper.20.","upper.30.","upper.40.","upper.50.","upper.60.","upper.70.","upper.80.","upper.90.","upper.95.","upper.98."
155,143.37943104146,131.571654242803,119.367379762451,106.505912738264,92.6263676130956,77.1708359294873,59.1555261425313,36.4881527689594,2.89169082567693,0,0,166.62056895854,178.428345757197,190.632620237549,203.494087261736,217.373632386904,232.829164070513,250.844473857469,273.511847231041,307.108309174323,336.248229536082,370.129684412991
155,138.566033776342,121.867315686205,104.607865197168,86.4190040995481,66.790363143966,44.9329406233201,19.4554451922542,0,0,0,0,171.433966223658,188.132684313795,205.392134802832,223.580995900452,243.209636856034,265.06705937668,290.544554807746,322.601061656026,370.113633783968,411.323704366038,459.239317365895
