"means","lower.10.","lower.20.","lower.30.","lower.40.","lower.50.","lower.60.","lower.70.","lower.80.","lower.90.","lower.95.","lower.98.","upper.10.","upper.20.","upper.30.","upper.40.","upper.50.","upper.60.","upper.70.","upper.80.","upper.90.","upper.95.","upper.98."
58,46.4524720565587,34.7189129667328,22.5913483789661,9.81072202707711,0,0,0,0,0,0,0,69.5475279434413,81.2810870332672,93.4086516210339,106.189277972923,119.981583302117,135.33996933588,153.242044003381,175.766941740285,209.152233327554,238.108994898147,271.777488097703
