"means","lower.10.","lower.20.","lower.30.","lower.40.","lower.50.","lower.60.","lower.70.","lower.80.","lower.90.","lower.95.","lower.98.","upper.10.","upper.20.","upper.30.","upper.40.","upper.50.","upper.60.","upper.70.","upper.80.","upper.90.","upper.95.","upper.98."
431,387.202016588024,342.698445876032,296.700473388392,248.225538865922,195.913462811233,137.661485415194,69.761691349528,0,0,0,0,474.797983411976,519.301554123968,565.299526611608,613.774461134078,666.086537188767,724.338514584806,792.238308650472,877.671753996469,1004.29698965773,1114.12549746867,1241.82487294392
