"means","lower.10.","lower.20.","lower.30.","lower.40.","lower.50.","lower.60.","lower.70.","lower.80.","lower.90.","lower.95.","lower.98.","upper.10.","upper.20.","upper.30.","upper.40.","upper.50.","upper.60.","upper.70.","upper.80.","upper.90.","upper.95.","upper.98."
10,0,0,0,0,0,0,0,0,0,0,0,32.0768440836777,54.509347026425,77.6951192393362,102.129430777214,128.497894728846,157.860429767083,192.086050449236,235.149696432517,298.976506869368,354.336746177149,418.70498832729
10,0,0,0,0,0,0,0,0,0,0,0,41.2213723175332,72.9457222171408,105.735355734733,140.290690498849,177.581329838193,219.106225114923,267.508562064261,328.409754259051,418.674495221862,496.965696467146,587.996137501991
10,0,0,0,0,0,0,0,0,0,0,0,48.2382156237061,87.0924504614828,127.251385946964,169.572854978535,215.24437426031,266.101776785557,325.382290727626,399.970713529829,510.521992091522,606.408739291771,717.897805089711
10,0,0,0,0,0,0,0,0,0,0,0,54.1536881673553,99.01869405285,145.390238478672,194.258861554428,246.995789457692,305.720859534165,374.172100898472,460.299392865034,587.953013738736,698.673492354299,827.40997665458
