"means","lower.10.","lower.20.","lower.30.","lower.40.","lower.50.","lower.60.","lower.70.","lower.80.","lower.90.","lower.95.","lower.98.","upper.10.","upper.20.","upper.30.","upper.40.","upper.50.","upper.60.","upper.70.","upper.80.","upper.90.","upper.95.","upper.98."
267,240.863044002217,214.305020576749,186.855195510878,157.927214542176,126.709374735876,91.9468297195279,51.4268378957138,0.443435743534167,0,0,0,293.136955997783,319.694979423251,347.144804489122,376.072785457824,407.290625264124,442.053170280472,482.573162104286,533.556564256466,609.121646364383,674.663085771657,750.869173306456
