"means","lower.10.","lower.20.","lower.30.","lower.40.","lower.50.","lower.60.","lower.70.","lower.80.","lower.90.","lower.95.","lower.98.","upper.10.","upper.20.","upper.30.","upper.40.","upper.50.","upper.60.","upper.70.","upper.80.","upper.90.","upper.95.","upper.98."
981.945187410895,947.325201258493,912.14748571645,875.78852472088,837.471656427633,796.12173098514,750.076628135737,696.405437200003,628.874823586828,528.7842814287,441.970663007303,341.031070217412,1016.5651735633,1051.74288910534,1088.10185010091,1126.41871839416,1167.76864383665,1213.81374668605,1267.48493762179,1335.01555123496,1435.10609339309,1521.91971181449,1622.85930460438
625.448860272184,555.23733035682,483.894689829424,410.156408525839,332.447366916427,248.587092841701,155.204700892289,46.3561181288882,0,0,0,0,695.660390187547,767.003030714943,840.741312018528,918.450353627941,1002.31062770267,1095.69301965208,1204.54160241548,1341.49797429361,1544.48794846761,1720.55147836108,1925.26338112192
299.47050575209,193.461053349436,85.7437843426866,0,0,0,0,0,0,0,0,0,405.479958154744,513.197227161494,624.531573977877,741.861205701887,868.478326048283,1009.47249390847,1173.81841640101,1380.60311406188,1687.08918595569,1952.92014583627,2262.00608568321
