"means","lower.10.","lower.20.","lower.30.","lower.40.","lower.50.","lower.60.","lower.70.","lower.80.","lower.90.","lower.95.","lower.98.","upper.10.","upper.20.","upper.30.","upper.40.","upper.50.","upper.60.","upper.70.","upper.80.","upper.90.","upper.95.","upper.98."
27,25.0245722523236,23.0173202830215,20.942666061291,18.7562930079531,16.3968527203727,13.769504072314,10.7070083405549,6.8536894119503,1.14249029740574,0,0,28.9754277476764,30.9826797169785,33.057333938709,35.2437069920469,37.6031472796273,40.230495927686,43.2929916594451,47.1463105880497,52.8575097025943,57.8111232006147,63.5707694222662
