"means","lower.10.","lower.20.","lower.30.","lower.40.","lower.50.","lower.60.","lower.70.","lower.80.","lower.90.","lower.95.","lower.98.","upper.10.","upper.20.","upper.30.","upper.40.","upper.50.","upper.60.","upper.70.","upper.80.","upper.90.","upper.95.","upper.98."
457.599999999602,451.668807837163,445.642063926955,439.412945765497,432.848393488969,425.764209439261,417.875634558357,408.680537089933,397.111004842752,379.963215222929,365.090065045824,347.796813714073,463.531192162042,469.55793607225,475.787054233708,482.351606510236,489.435790559944,497.324365440848,506.519462909272,518.088995156452,535.236784776276,550.109934953381,567.403186285131
499.199999999205,490.812027602042,482.288924627276,473.479621241717,464.195942381344,454.1773932199,443.02126363553,430.017432088343,413.655642674067,389.405006028992,368.371195333318,343.91484476243,507.587972396367,516.111075371133,524.920378756692,534.204057617065,544.222606778509,555.378736362879,568.382567910066,584.744357324343,608.994993969417,630.028804665091,654.485155235979
540.799999998807,530.526873824008,520.088247167321,509.299098025325,497.928959953437,485.658793249174,471.995380756136,456.069004760279,436.029987088355,406.329144229319,380.568092453971,350.615302519321,551.073126173606,561.511752830293,572.300901972289,583.671040044177,595.94120674844,609.604619241478,625.530995237335,645.570012909259,675.270855768295,701.031907543643,730.984697478293
