"means","lower.10.","lower.20.","lower.30.","lower.40.","lower.50.","lower.60.","lower.70.","lower.80.","lower.90.","lower.95.","lower.98.","upper.10.","upper.20.","upper.30.","upper.40.","upper.50.","upper.60.","upper.70.","upper.80.","upper.90.","upper.95.","upper.98."
3149,3130.13321334388,3110.96248198484,3091.14800958379,3070.26654024302,3047.73215163478,3022.63904130844,2993.38995655991,2956.58792913599,2902.04178065171,2854.73113152574,2799.72227756667,3167.86678665612,3187.03751801516,3206.85199041621,3227.73345975698,3250.26784836522,3275.36095869156,3304.61004344009,3341.41207086401,3395.95821934829,3443.26886847426,3498.27772243333
