"means","lower.10.","lower.20.","lower.30.","lower.40.","lower.50.","lower.60.","lower.70.","lower.80.","lower.90.","lower.95.","lower.98.","upper.10.","upper.20.","upper.30.","upper.40.","upper.50.","upper.60.","upper.70.","upper.80.","upper.90.","upper.95.","upper.98."
75,72.7814991123254,70.5272580848209,68.1973210684249,65.7419184016743,63.0921528617455,60.1415132775821,56.7021824757349,52.3747189814827,45.9607661957093,40.3976186923489,33.9292574625064,77.2185008876746,79.4727419151791,81.8026789315751,84.2580815983257,86.9078471382545,89.8584867224179,93.2978175242651,97.6252810185173,104.039233804291,109.602381307651,116.070742537494
