"means","lower.10.","lower.20.","lower.30.","lower.40.","lower.50.","lower.60.","lower.70.","lower.80.","lower.90.","lower.95.","lower.98.","upper.10.","upper.20.","upper.30.","upper.40.","upper.50.","upper.60.","upper.70.","upper.80.","upper.90.","upper.95.","upper.98."
56,51.730745087763,47.392712304676,42.9090111226233,38.1838654376321,33.0846903097487,27.4065169950944,20.7879125121433,12.4601967636371,0.117267540732101,0,0,60.269254912237,64.607287695324,69.0909888773767,73.8161345623679,78.9153096902513,84.5934830049056,91.2120874878567,99.5398032363628,111.882732459268,122.588382809995,135.036014951163
56,49.9623618018865,43.8274570060257,37.4865459847385,30.8041808728352,23.592858250067,15.5627085389779,6.20258831520508,0,0,0,0,62.0376381981135,68.1725429939743,74.5134540152615,81.1958191271648,88.407141749933,96.4372914610221,105.797411684795,117.57458023992,135.030118146364,150.170194066386,167.773804259857
56,48.6054335815426,41.0917403963364,33.3257421430645,25.1415497434948,16.3095193453093,6.47463467014634,0,0,0,0,0,63.3945664184574,70.9082596036636,78.6742578569355,86.8584502565052,95.6904806546907,105.525365329854,116.989124569528,131.413151356932,152.79173188523,171.334462220757,192.894393523187
