"means","lower.10.","lower.20.","lower.30.","lower.40.","lower.50.","lower.60.","lower.70.","lower.80.","lower.90.","lower.95.","lower.98.","upper.10.","upper.20.","upper.30.","upper.40.","upper.50.","upper.60.","upper.70.","upper.80.","upper.90.","upper.95.","upper.98."
434.249999999235,426.597543467034,418.821805547828,410.784963264016,402.315342052345,393.175289087983,382.997406678537,371.133841688674,356.206767974872,334.082596122874,314.893176507039,292.581329159604,441.902456531436,449.678194450642,457.715036734454,466.184657946125,475.324710910487,485.502593319933,497.366158309796,512.293232023598,534.417403875596,553.606823491431,575.918670838867
482.49999999847,471.677792185161,460.681238162361,449.315426805941,437.337573620232,424.411586757223,410.017887417546,393.240272910787,372.130202818186,340.841898928817,313.703961454035,282.150244333693,493.32220781178,504.31876183458,515.684573191,527.662426376708,540.588413239717,554.982112579394,571.759727086153,592.869797178754,624.158101068123,651.296038542905,682.849755663247
