"means","lower.10.","lower.20.","lower.30.","lower.40.","lower.50.","lower.60.","lower.70.","lower.80.","lower.90.","lower.95.","lower.98.","upper.10.","upper.20.","upper.30.","upper.40.","upper.50.","upper.60.","upper.70.","upper.80.","upper.90.","upper.95.","upper.98."
725,701.145144317092,676.905985935696,651.852891936418,625.45070450247,596.958593050218,565.231275813814,528.249212664926,481.717332645421,412.75007691356,352.931267927417,283.378974980376,748.854855682908,773.094014064304,798.147108063582,824.54929549753,853.041406949782,884.768724186186,921.750787335074,968.282667354579,1037.24992308644,1097.06873207258,1166.62102501962
