"means","lower.10.","lower.20.","lower.30.","lower.40.","lower.50.","lower.60.","lower.70.","lower.80.","lower.90.","lower.95.","lower.98.","upper.10.","upper.20.","upper.30.","upper.40.","upper.50.","upper.60.","upper.70.","upper.80.","upper.90.","upper.95.","upper.98."
585,554.791184281327,524.095703308705,492.369487486362,458.934834794941,422.85358761667,382.675407862301,335.842832330873,276.916758443123,189.57944034234,113.827341851647,25.7491564969658,615.208815718673,645.904296691295,677.630512513638,711.065165205059,747.14641238333,787.324592137699,834.157167669127,893.083241556877,980.42055965766,1056.17265814835,1144.25084350303
