"means","lower.10.","lower.20.","lower.30.","lower.40.","lower.50.","lower.60.","lower.70.","lower.80.","lower.90.","lower.95.","lower.98.","upper.10.","upper.20.","upper.30.","upper.40.","upper.50.","upper.60.","upper.70.","upper.80.","upper.90.","upper.95.","upper.98."
66,47.9295461731357,29.5679765977262,10.5898371215602,0,0,0,0,0,0,0,0,84.0704538268643,102.432023402274,121.41016287844,141.410263289662,162.99351624544,187.02749191864,215.042025875053,250.290706502039,302.534561037746,347.848313513583,400.535343565606
