"means","lower.10.","lower.20.","lower.30.","lower.40.","lower.50.","lower.60.","lower.70.","lower.80.","lower.90.","lower.95.","lower.98.","upper.10.","upper.20.","upper.30.","upper.40.","upper.50.","upper.60.","upper.70.","upper.80.","upper.90.","upper.95.","upper.98."
1032,976.927600656934,920.967982713132,863.129276168528,802.175991469571,736.397813605771,663.150693264595,577.7722287147,470.346624775543,311.125697189644,173.025287759296,12.4537167835041,1087.07239934307,1143.03201728687,1200.87072383147,1261.82400853043,1327.60218639423,1400.8493067354,1486.2277712853,1593.65337522446,1752.87430281036,1890.9747122407,2051.5462832165
1032,954.115865936609,874.977015295268,793.180732069771,706.979770177317,613.955378934142,510.368307942877,389.624925441824,237.702179404947,12.5297841993449,0,0,1109.88413406339,1189.02298470473,1270.81926793023,1357.02022982268,1450.04462106586,1553.63169205712,1674.37507455818,1826.29782059505,2051.47021580065,2246.77368778633,2473.85618119185
1032,936.611806243087,839.686904792279,739.507326412958,633.933140426154,520.001994336751,393.134260397721,245.254421925084,59.1878178686928,0,0,0,1127.38819375691,1224.31309520772,1324.49267358704,1430.06685957385,1543.99800566325,1670.86573960228,1818.74557807492,2004.81218213131,2280.59091833833,2519.78784401776,2797.90596319898
1032,921.855201313868,809.935965426264,694.258552337056,572.351982939142,440.795627211543,294.30138652919,123.544457429399,0,0,0,0,1142.14479868613,1254.06403457374,1369.74144766294,1491.64801706086,1623.20437278846,1769.69861347081,1940.4555425706,2155.30675044891,2473.74860562071,2749.94942448141,3071.09256643299
