"means","lower.10.","lower.20.","lower.30.","lower.40.","lower.50.","lower.60.","lower.70.","lower.80.","lower.90.","lower.95.","lower.98.","upper.10.","upper.20.","upper.30.","upper.40.","upper.50.","upper.60.","upper.70.","upper.80.","upper.90.","upper.95.","upper.98."
4686,4655.54973781765,4624.60892066896,4592.62913043683,4558.92724851233,4522.55761897517,4482.05831178869,4434.85142301531,4375.45437759755,4287.41900874234,4211.06145532527,4122.27929777323,4716.45026218235,4747.39107933104,4779.37086956317,4813.07275148767,4849.44238102483,4889.94168821131,4937.14857698469,4996.54562240245,5084.58099125766,5160.93854467473,5249.72070222677
5772,5703.91114382757,5634.72537340372,5563.21638853849,5487.85668958564,5406.53172562405,5315.97252171344,5210.41470940989,5077.59887819314,4880.74580900863,4710.00512897248,4511.48218949701,5840.08885617243,5909.27462659628,5980.78361146151,6056.14331041436,6137.46827437595,6228.02747828656,6333.58529059011,6466.40112180686,6663.25419099137,6833.99487102752,7032.51781050299
6858,6744.06555157619,6628.295614539,6508.63819618946,6382.53730073848,6246.45460772651,6094.92007583299,5918.28807174747,5696.04467800757,5366.64648983311,5080.94268605413,4748.75027043579,6971.93444842381,7087.704385461,7207.36180381054,7333.46269926152,7469.54539227349,7621.07992416701,7797.71192825253,8019.95532199243,8349.35351016689,8635.05731394587,8967.24972956421
7944,7777.21704520778,7607.74721020801,7432.5866852638,7247.99387565956,7048.78921060344,6826.96536950978,6568.40259100163,6243.07157475697,5760.88200095412,5342.65445652976,4856.37455257742,8110.78295479222,8280.25278979199,8455.4133147362,8640.00612434044,8839.21078939656,9061.03463049022,9319.59740899838,9644.92842524303,10127.1179990459,10545.3455434702,11031.6254474226
