"means","lower.10.","lower.20.","lower.30.","lower.40.","lower.50.","lower.60.","lower.70.","lower.80.","lower.90.","lower.95.","lower.98.","upper.10.","upper.20.","upper.30.","upper.40.","upper.50.","upper.60.","upper.70.","upper.80.","upper.90.","upper.95.","upper.98."
154,140.151168513183,126.07923178599,111.534768317784,96.2070945931397,79.6661246769576,61.2469702802051,39.7771962689239,12.7633181000182,0,0,0,167.848831486817,181.92076821401,196.465231682216,211.79290540686,228.333875323042,246.753029719795,268.222803731076,295.236681899982,335.275318705614,370.002865013293,410.38114259958
