"means","lower.10.","lower.20.","lower.30.","lower.40.","lower.50.","lower.60.","lower.70.","lower.80.","lower.90.","lower.95.","lower.98.","upper.10.","upper.20.","upper.30.","upper.40.","upper.50.","upper.60.","upper.70.","upper.80.","upper.90.","upper.95.","upper.98."
44,35.0828960323838,26.0221371559723,16.6571237234204,6.7878101777641,0,0,0,0,0,0,0,52.9171039676162,61.9778628440277,71.3428762765796,81.2121898222359,91.8627308883335,103.722613428443,117.546754996059,134.940681727709,160.721101357865,183.081770650473,209.080881088992
44,31.3893106319062,18.5754625434927,5.33133353537154,0,0,0,0,0,0,0,0,56.6106893680938,69.4245374565073,82.6686664646285,96.6259835322081,111.688123154495,128.46052989087,148.010818383959,172.609545470781,209.068564555417,240.691326332764,277.459620924553
