"means","lower.10.","lower.20.","lower.30.","lower.40.","lower.50.","lower.60.","lower.70.","lower.80.","lower.90.","lower.95.","lower.98.","upper.10.","upper.20.","upper.30.","upper.40.","upper.50.","upper.60.","upper.70.","upper.80.","upper.90.","upper.95.","upper.98."
9.90860351043355,7.46367863014588,4.97936591026763,2.41163153948678,0,0,0,0,0,0,0,0,12.3535283907212,14.8378411105995,17.4055754813803,20.1115807412456,23.0317858813443,26.2835727849072,30.0739275671359,34.843059382415,41.9116311526817,48.0425629991563,55.1710962322924
8.52369474477021,5.99091330145803,3.4173286457398,0.75732464393856,0,0,0,0,0,0,0,0,11.0564761880824,13.6300608438006,16.2900648456019,19.0933083983795,22.1184489452893,25.4870864005148,29.4136447718578,34.3541518033162,41.6767274598513,48.0279697970538,55.4126615871742
0,0,0,0,0,0,0,0,0,0,0,0,0,0,0,0,1.93595675691265,6.19747723782704,11.1647998248949,17.4148258904788,26.6783060209879,34.7129935345563,44.0550541531669
0,0,0,0,0,0,0,0,0,0,0,0,0,0,0,0,0,0,5.01078176393321,11.565876396283,21.2815140981404,29.7083808727959,39.5064346366595
