"means","lower.10.","lower.20.","lower.30.","lower.40.","lower.50.","lower.60.","lower.70.","lower.80.","lower.90.","lower.95.","lower.98.","upper.10.","upper.20.","upper.30.","upper.40.","upper.50.","upper.60.","upper.70.","upper.80.","upper.90.","upper.95.","upper.98."
970.125000000913,955.516679438166,940.673018235037,925.330916270768,909.162651716178,891.714552128544,872.285265825318,849.638059707958,821.142703091768,778.908292057967,742.276239071898,699.683560887203,984.733320563659,999.576981766788,1014.91908373106,1031.08734828565,1048.53544787328,1067.96473417651,1090.61194029387,1119.10729691006,1161.34170794386,1197.97376092993,1240.56643911462
1077.25000000183,1056.5907149385,1035.59860794976,1013.90159927658,991.036220263442,966.360881188973,938.883720991722,906.855734950692,866.557215159418,806.828738276576,755.023192126108,694.78804897952,1097.90928506516,1118.90139205389,1140.59840072707,1163.46377974021,1188.13911881468,1215.61627901193,1247.64426505296,1287.94278484423,1347.67126172707,1399.47680787754,1459.71195102413
1184.37500000274,1159.07264657481,1133.36267120065,1106.78937110363,1078.78511542487,1048.56412044356,1014.91160941158,975.685497766823,926.330092327788,853.177946589497,789.729369632071,715.956686985748,1209.67735343067,1235.38732880483,1261.96062890184,1289.96488458061,1320.18587956191,1353.8383905939,1393.06450223865,1442.41990767769,1515.57205341598,1579.02063037341,1652.79331301973
