"means","lower.10.","lower.20.","lower.30.","lower.40.","lower.50.","lower.60.","lower.70.","lower.80.","lower.90.","lower.95.","lower.98.","upper.10.","upper.20.","upper.30.","upper.40.","upper.50.","upper.60.","upper.70.","upper.80.","upper.90.","upper.95.","upper.98."
431,385.970267128621,340.215103423173,292.923510240434,243.085294357931,189.302023367289,129.411800644022,59.6024315678529,0,0,0,0,476.029732871379,521.784896576827,569.076489759566,618.914705642069,672.697976632711,732.588199355978,802.397568432147,890.233695178563,1020.42006661417,1133.33732862301,1264.62804836696
431,367.318341063258,302.610768002412,235.730355537152,165.248474711638,89.1874434478851,4.48987821909577,0,0,0,0,0,494.681658936742,559.389231997588,626.269644462848,696.751525288362,772.812556552115,857.510121780904,956.235478309132,1080.45452002024,1264.56585214061,1424.25497549955,1609.92809197517
431,353.006214815517,273.755946569049,191.844504405668,105.522182338586,12.3668243855498,0,0,0,0,0,0,508.993785184483,588.244053430951,670.155495594332,756.477817661414,849.63317561445,953.366084247765,1074.27945833202,1226.41609259687,1451.90550237637,1647.48393722725,1874.88613438606
431,340.940534257242,249.430206846345,154.847020480868,55.1705887158615,0,0,0,0,0,0,0,521.059465742758,612.569793153655,707.152979519132,806.829411284138,914.395953265421,1034.17639871196,1173.79513686429,1349.46739035713,1609.84013322833,1835.67465724602,2098.25609673392
