"means","lower.10.","lower.20.","lower.30.","lower.40.","lower.50.","lower.60.","lower.70.","lower.80.","lower.90.","lower.95.","lower.98.","upper.10.","upper.20.","upper.30.","upper.40.","upper.50.","upper.60.","upper.70.","upper.80.","upper.90.","upper.95.","upper.98."
206,182.354915844006,158.328908417383,133.496122847215,107.326107313425,79.0845458457879,47.6362278986709,10.9793724960925,0,0,0,0,229.645084155994,253.671091582617,278.503877152785,304.673892686575,332.915454154212,364.363772101329,401.020627503908,447.143321919793,515.504102947541,574.796885573852,643.737559197522
206,172.56080130314,138.582895750733,103.464033605899,66.4540427104989,26.5144434603725,0,0,0,0,0,0,239.43919869686,273.417104249267,308.535966394101,345.545957289501,385.485556539628,429.960194294262,481.800816358537,547.028156334673,643.70489999853,727.557557339499,825.054392977231
206,165.045512892577,123.431247326638,80.4196010256443,35.0918044862538,0,0,0,0,0,0,0,246.954487107423,288.568752673362,331.580398974356,376.908195513746,425.824014860774,480.294099357761,543.785635360732,623.672485471019,742.076831456169,844.774943487076,964.183692911297
