"means","lower.10.","lower.20.","lower.30.","lower.40.","lower.50.","lower.60.","lower.70.","lower.80.","lower.90.","lower.95.","lower.98.","upper.10.","upper.20.","upper.30.","upper.40.","upper.50.","upper.60.","upper.70.","upper.80.","upper.90.","upper.95.","upper.98."
727.7,703.093321325027,678.090228052484,652.247546711266,625.013253151106,595.623168356778,562.895915220869,524.748304657277,476.749899846018,405.609033456097,343.904941383291,272.160599417655,752.306678674973,777.309771947516,803.152453288734,830.386746848894,859.776831643221,892.504084779131,930.651695342723,978.650100153982,1049.7909665439,1111.49505861671,1183.23940058234
727.7,703.093321325027,678.090228052484,652.247546711266,625.013253151106,595.623168356778,562.895915220869,524.748304657277,476.749899846018,405.609033456097,343.904941383291,272.160599417655,752.306678674973,777.309771947516,803.152453288734,830.386746848894,859.776831643221,892.504084779131,930.651695342723,978.650100153982,1049.7909665439,1111.49505861671,1183.23940058234
727.7,703.093321325027,678.090228052484,652.247546711266,625.013253151106,595.623168356778,562.895915220869,524.748304657277,476.749899846018,405.609033456097,343.904941383291,272.160599417655,752.306678674973,777.309771947516,803.152453288734,830.386746848894,859.776831643221,892.504084779131,930.651695342723,978.650100153982,1049.7909665439,1111.49505861671,1183.23940058234
