"means","lower.10.","lower.20.","lower.30.","lower.40.","lower.50.","lower.60.","lower.70.","lower.80.","lower.90.","lower.95.","lower.98.","upper.10.","upper.20.","upper.30.","upper.40.","upper.50.","upper.60.","upper.70.","upper.80.","upper.90.","upper.95.","upper.98."
49,25.4143220779663,1.4486779221566,0,0,0,0,0,0,0,0,0,72.5856779220337,96.5513220778434,121.321717416717,147.425983044298,175.596590025291,206.965896786772,243.530655002725,289.53747012813,357.726500591378,416.87031521683,485.637781345883
49,15.6448144048963,0,0,0,0,0,0,0,0,0,0,82.3551855951037,116.247724591257,151.278353624835,188.195360111151,228.034614563953,272.397513628282,324.107890602175,389.171352514115,485.605204200312,569.247188974106,666.499072223846
49,8.14840750808211,0,0,0,0,0,0,0,0,0,0,89.8515924919179,131.361305805896,174.264889056392,219.478803417637,268.271725988772,322.604959097871,385.936978094373,465.623119386003,583.729984667209,686.170076551928,805.27882179522
49,1.82864415593263,0,0,0,0,0,0,0,0,0,0,96.1713558440674,144.102644155687,193.643434833433,245.851966088596,302.193180050582,364.931793573545,438.06131000545,530.07494025626,666.453001182755,784.74063043366,922.275562691767
