"means","lower.10.","lower.20.","lower.30.","lower.40.","lower.50.","lower.60.","lower.70.","lower.80.","lower.90.","lower.95.","lower.98.","upper.10.","upper.20.","upper.30.","upper.40.","upper.50.","upper.60.","upper.70.","upper.80.","upper.90.","upper.95.","upper.98."
432.136778802598,422.912953898548,413.5405327989,403.853391722644,393.644604161245,382.627717256724,370.359891252917,356.06024175555,338.068017469586,311.400830736642,288.271023229471,261.377623397319,441.360603706648,450.733024806296,460.420165882551,470.628953443951,481.645840348471,493.913666352278,508.213315849646,526.20554013561,552.872726868554,576.002534375725,602.895934207876
