"means","lower.10.","lower.20.","lower.30.","lower.40.","lower.50.","lower.60.","lower.70.","lower.80.","lower.90.","lower.95.","lower.98.","upper.10.","upper.20.","upper.30.","upper.40.","upper.50.","upper.60.","upper.70.","upper.80.","upper.90.","upper.95.","upper.98."
1379.20000001024,1308.74639160657,1237.15777269654,1163.16525321171,1085.18828285408,1001.03887153364,907.33451154985,798.110635719891,660.682059468654,456.992207281047,280.321637586371,74.9039198686685,1449.65360841391,1521.24222732393,1595.23474680877,1673.21171716639,1757.36112848683,1851.06548847062,1960.28936430058,2097.71794055182,2301.40779273943,2478.0783624341,2683.4960801518
937.400000020471,837.763551497879,736.521955723759,631.880731154153,521.60464212163,402.599403366555,270.081426623988,115.615540090305,0,0,0,0,1037.03644854306,1138.27804431718,1242.91926888679,1353.19535791931,1472.20059667439,1604.71857341696,1759.18445995064,1953.53781634276,2241.59876782425,2491.44868355864,2781.95320590674
495.600000030707,373.570770698989,249.575645503136,121.416842375375,0,0,0,0,0,0,0,0,617.629229362424,741.624354558278,869.783157686038,1004.84323216574,1150.59428799975,1312.8950003824,1502.07630271948,1740.10957919848,2092.91075217361,2398.91315508693,2754.70707894883
