"means","lower.10.","lower.20.","lower.30.","lower.40.","lower.50.","lower.60.","lower.70.","lower.80.","lower.90.","lower.95.","lower.98.","upper.10.","upper.20.","upper.30.","upper.40.","upper.50.","upper.60.","upper.70.","upper.80.","upper.90.","upper.95.","upper.98."
9.55555555555555,8.26620781117185,6.95608862201218,5.60197645855248,4.17494620243792,2.63495618438838,0.920104270888293,0,0,0,0,0,10.8449032999393,12.1550224890989,13.5091346525586,14.9361649086732,16.4761549267227,18.1910068402228,20.1898761831147,22.7049102433739,26.4325695843575,29.6657581419921,33.4250385677477
9.55555555555555,8.26620781117185,6.95608862201218,5.60197645855248,4.17494620243792,2.63495618438838,0.920104270888293,0,0,0,0,0,10.8449032999393,12.1550224890989,13.5091346525586,14.9361649086732,16.4761549267227,18.1910068402228,20.1898761831147,22.7049102433739,26.4325695843575,29.6657581419921,33.4250385677477
9.55555555555555,8.26620781117185,6.95608862201218,5.60197645855248,4.17494620243792,2.63495618438838,0.920104270888293,0,0,0,0,0,10.8449032999393,12.1550224890989,13.5091346525586,14.9361649086732,16.4761549267227,18.1910068402228,20.1898761831147,22.7049102433739,26.4325695843575,29.6657581419921,33.4250385677477
9.55555555555555,8.26620781117185,6.95608862201218,5.60197645855248,4.17494620243792,2.63495618438838,0.920104270888293,0,0,0,0,0,10.8449032999393,12.1550224890989,13.5091346525586,14.9361649086732,16.4761549267227,18.1910068402228,20.1898761831147,22.7049102433739,26.4325695843575,29.6657581419921,33.4250385677477
