"means","lower.10.","lower.20.","lower.30.","lower.40.","lower.50.","lower.60.","lower.70.","lower.80.","lower.90.","lower.95.","lower.98.","upper.10.","upper.20.","upper.30.","upper.40.","upper.50.","upper.60.","upper.70.","upper.80.","upper.90.","upper.95.","upper.98."
1,0.00259262581404751,0,0,0,0,0,0,0,0,0,0,1.99740737418595,3.01088302187088,4.05839054122919,5.162305685018,6.35360369353902,7.68017051898411,9.22644616984626,11.1720140191393,14.055638651319,16.5567529733205,19.4648388908817
1,0,0,0,0,0,0,0,0,0,0,0,2.41054703578471,3.84381804187559,5.3252173824399,6.88638915049509,8.57113895097358,10.4471877469122,12.6339517435288,15.385400182516,19.4634612461377,23.0005710413578,27.1132255865191
1,0,0,0,0,0,0,0,0,0,0,0,2.72756024793393,4.48295156195799,6.29728780679703,8.20932492308396,10.272713600798,12.5703947421042,15.2486227319041,18.6184450964521,23.6130294693445,27.9450865505893,32.9820391125809
1,0,0,0,0,0,0,0,0,0,0,0,2.9948147483719,5.02176604374175,7.11678108245837,9.324611370036,11.707207387078,14.3603410379682,17.4528923396925,21.3440280382785,27.111277302638,32.113505946641,37.9296777817634
