"means","lower.10.","lower.20.","lower.30.","lower.40.","lower.50.","lower.60.","lower.70.","lower.80.","lower.90.","lower.95.","lower.98.","upper.10.","upper.20.","upper.30.","upper.40.","upper.50.","upper.60.","upper.70.","upper.80.","upper.90.","upper.95.","upper.98."
9,6.21175098703651,3.37858316869513,0.450279365741578,0,0,0,0,0,0,0,0,11.7882490129635,14.6214168313049,17.5497206342584,20.6357117645895,23.9659814040285,27.674394573418,31.9970030369905,37.4358315195574,45.4969946335703,52.4888514416486,60.6183959979748
