"means","lower.10.","lower.20.","lower.30.","lower.40.","lower.50.","lower.60.","lower.70.","lower.80.","lower.90.","lower.95.","lower.98.","upper.10.","upper.20.","upper.30.","upper.40.","upper.50.","upper.60.","upper.70.","upper.80.","upper.90.","upper.95.","upper.98."
1936,1886.16814873753,1835.53350431775,1783.19858054241,1728.04545387081,1668.52655847629,1602.24944598826,1524.99537684983,1427.79211748337,1283.72224444393,1158.76311529559,1013.47112262241,1985.83185126247,2036.46649568225,2088.80141945759,2143.9545461292,2203.47344152371,2269.75055401174,2347.00462315017,2444.20788251663,2588.27775555607,2713.23688470441,2858.52887737759
972,860.572593132458,747.350086193302,630.325639034375,506.999498625005,373.911202577159,225.711073701537,52.9657235695371,0,0,0,0,1083.42740686754,1196.6499138067,1313.67436096563,1437.000501375,1570.08879742284,1718.28892629846,1891.03427643046,2108.3873720084,2430.53740163436,2709.95450881924,3034.83728102285
