"means","lower.10.","lower.20.","lower.30.","lower.40.","lower.50.","lower.60.","lower.70.","lower.80.","lower.90.","lower.95.","lower.98.","upper.10.","upper.20.","upper.30.","upper.40.","upper.50.","upper.60.","upper.70.","upper.80.","upper.90.","upper.95.","upper.98."
272.000000000418,254.969141528507,237.663915231643,219.777590373644,200.928098114565,180.586532264855,157.935234066738,131.532379576227,98.3115597323272,49.0733003532547,6.36645343943349,0,289.030858472328,306.336084769193,324.222409627192,343.07190188627,363.413467735981,386.064765934098,412.467620424609,445.688440268509,494.926699647581,537.633546561402,587.289485516699
