"means","lower.10.","lower.20.","lower.30.","lower.40.","lower.50.","lower.60.","lower.70.","lower.80.","lower.90.","lower.95.","lower.98.","upper.10.","upper.20.","upper.30.","upper.40.","upper.50.","upper.60.","upper.70.","upper.80.","upper.90.","upper.95.","upper.98."
326,307.323250956121,288.34561872301,268.730729594484,248.059590960575,225.752182255302,200.911824814597,171.957354423416,135.52601913402,81.5292922340167,34.6951843949818,0,344.676749043879,363.65438127699,383.269270405516,403.940409039425,426.247817744699,451.088175185403,480.042645576584,516.47398086598,570.470707765983,617.304815605018,671.759587332225
326,299.587088201108,272.748663315313,245.009021085308,215.775616479539,184.228176547141,149.098606160302,108.150801441763,56.6291129801376,0,0,0,352.412911798892,379.251336684687,406.990978914692,436.224383520461,467.771823452859,502.901393839698,543.849198558237,595.370887019862,671.733790525603,737.96722101321,814.977897725758
326,293.650921735788,260.780698500683,226.806713945246,191.003251581016,152.365686318277,109.340925152806,59.1903113290319,0,0,0,0,358.349078264212,391.219301499317,425.193286054754,460.996748418984,499.634313681723,542.659074847194,592.809688670968,655.91061237978,749.435686813006,830.554741117375,924.873172463463
