"means","lower.10.","lower.20.","lower.30.","lower.40.","lower.50.","lower.60.","lower.70.","lower.80.","lower.90.","lower.95.","lower.98.","upper.10.","upper.20.","upper.30.","upper.40.","upper.50.","upper.60.","upper.70.","upper.80.","upper.90.","upper.95.","upper.98."
7073,7005.97637141359,6937.87298943564,6867.48273893619,6793.30201749465,6713.24935563819,6624.10692045592,6520.20052513757,6389.46255357694,6195.68918541071,6027.61968671986,5832.20257282988,7140.02362858641,7208.12701056436,7278.51726106381,7352.69798250535,7432.75064436181,7521.89307954408,7625.79947486243,7756.53744642306,7950.31081458929,8118.38031328014,8313.79742717012
8646,8496.13061038208,8343.84681878175,8186.44943371174,8020.57629794849,7841.57310425764,7642.24455951022,7409.90279628142,7117.56380463142,6684.27338118264,6308.45855716558,5871.49260654076,8795.86938961792,8948.15318121825,9105.55056628826,9271.42370205151,9450.42689574236,9649.75544048978,9882.09720371858,10174.4361953686,10607.7266188174,10983.5414428344,11420.5073934592
