"means","lower.10.","lower.20.","lower.30.","lower.40.","lower.50.","lower.60.","lower.70.","lower.80.","lower.90.","lower.95.","lower.98.","upper.10.","upper.20.","upper.30.","upper.40.","upper.50.","upper.60.","upper.70.","upper.80.","upper.90.","upper.95.","upper.98."
1134.22222222236,1120.35872520901,1106.27188669304,1091.71202104342,1076.36811573952,1059.80962939724,1041.37096962937,1019.87845972583,992.835974612898,952.754938006874,917.990616195606,877.569579138808,1148.08571923572,1162.17255775168,1176.73242340131,1192.0763287052,1208.63481504748,1227.07347481535,1248.56598471889,1275.60846983183,1315.68950643785,1350.45382824912,1390.87486530592
1246.44444444472,1226.83849894652,1206.91670086628,1186.32594139825,1164.62638241771,1141.20914646009,1115.13294374439,1084.73794474937,1046.49409554238,989.810949980167,940.64677458797,883.48279577706,1266.05038994293,1285.97218802317,1306.5629474912,1328.26250647173,1351.67974242936,1377.75594514506,1408.15094414008,1446.39479334707,1503.07793890928,1552.24211430148,1609.40609311239
