"means","lower.10.","lower.20.","lower.30.","lower.40.","lower.50.","lower.60.","lower.70.","lower.80.","lower.90.","lower.95.","lower.98.","upper.10.","upper.20.","upper.30.","upper.40.","upper.50.","upper.60.","upper.70.","upper.80.","upper.90.","upper.95.","upper.98."
206,180.552156644669,154.694347494442,127.968249456599,99.8029677635052,69.4082003946517,35.5621855686052,0,0,0,0,0,231.447843355331,257.305652505558,284.031750543401,312.197032236495,342.591799605348,376.437814431395,415.889478381061,465.528680122863,539.101454732812,602.914864506343,677.111744145761
