"means","lower.10.","lower.20.","lower.30.","lower.40.","lower.50.","lower.60.","lower.70.","lower.80.","lower.90.","lower.95.","lower.98.","upper.10.","upper.20.","upper.30.","upper.40.","upper.50.","upper.60.","upper.70.","upper.80.","upper.90.","upper.95.","upper.98."
462.222222221799,456.240498302425,450.162408566615,443.880220419185,437.25974037115,430.115201462472,422.159418583997,412.88598198618,401.217881226067,383.923998221758,368.924133821099,351.483549820133,468.203946141174,474.282035876984,480.564224024414,487.184704072449,494.329242981126,502.285025859602,511.558462457419,523.226563217532,540.520446221841,555.5203106225,572.960894623465
