"means","lower.10.","lower.20.","lower.30.","lower.40.","lower.50.","lower.60.","lower.70.","lower.80.","lower.90.","lower.95.","lower.98.","upper.10.","upper.20.","upper.30.","upper.40.","upper.50.","upper.60.","upper.70.","upper.80.","upper.90.","upper.95.","upper.98."
274.454545454545,262.339284344144,250.028845882872,237.305030678987,223.89604598841,209.425643215108,193.312163521036,174.529934971603,150.897602674657,115.870926245926,85.4905081116178,50.1667064889463,286.569806564946,298.880245026219,311.604060230104,325.013044920681,339.483447693983,355.596927388055,374.379155937488,398.011488234434,433.038164663165,463.418582797473,498.742384420145
274.454545454545,262.339284344144,250.028845882872,237.305030678987,223.89604598841,209.425643215108,193.312163521036,174.529934971603,150.897602674657,115.870926245926,85.4905081116178,50.1667064889463,286.569806564946,298.880245026219,311.604060230104,325.013044920681,339.483447693983,355.596927388055,374.379155937488,398.011488234434,433.038164663165,463.418582797473,498.742384420145
