"means","lower.10.","lower.20.","lower.30.","lower.40.","lower.50.","lower.60.","lower.70.","lower.80.","lower.90.","lower.95.","lower.98.","upper.10.","upper.20.","upper.30.","upper.40.","upper.50.","upper.60.","upper.70.","upper.80.","upper.90.","upper.95.","upper.98."
25,22.0756877248809,19.1042646596783,16.0330630860593,12.7964792295321,9.30369636086096,5.41431700412522,0.880770347500114,0,0,0,0,27.9243122751191,30.8957353403217,33.9669369139407,37.2035207704679,40.696303639139,44.5856829958748,49.1192296524999,54.8234665480894,63.2780049112145,70.6110560822815,79.1373128214258
25,20.8643979199125,16.6621711215547,12.3188362033612,7.74161541770252,2.8020745144034,0,0,0,0,0,0,29.1356020800875,33.3378288784453,37.6811637966388,42.2583845822975,47.1979254855966,52.6983385211062,59.1097416885567,67.1767508692884,79.1332736860234,89.5037741057223,101.561722022495
25,19.9349425622964,14.7882868425834,9.46880967678991,3.86288199432748,0,0,0,0,0,0,0,30.0650574377036,35.2117131574166,40.5311903232101,46.1371180056725,52.1867953940171,58.9233980497929,66.7757311975516,76.6557593191217,91.2994493185945,104.000666521385,118.768576391959
25,19.1513754497618,13.2085293193566,7.06612617211869,0.592958459064175,0,0,0,0,0,0,0,30.8486245502382,36.7914706806434,42.9338738278813,49.4070415409358,56.3926072782781,64.1713659917496,73.2384593049998,84.6469330961789,101.556009822429,116.222112164563,133.274625642852
