"means","lower.10.","lower.20.","lower.30.","lower.40.","lower.50.","lower.60.","lower.70.","lower.80.","lower.90.","lower.95.","lower.98.","upper.10.","upper.20.","upper.30.","upper.40.","upper.50.","upper.60.","upper.70.","upper.80.","upper.90.","upper.95.","upper.98."
0,0,0,0,0,0,0,0,0,0,0,0,3.1520726416188,6.35492530211955,9.66532773056975,13.1539932582789,16.9188118849096,21.1111159584355,25.9977583691775,32.1462703502272,41.2592913154173,49.1634779416454,58.3538030760499
0,0,0,0,0,0,0,0,0,0,0,0,4.4577038793625,8.98722155012541,13.6688375613525,18.6025556652223,23.9268132268782,29.8556265052506,36.7663824769894,45.4616915090034,58.3494493521655,69.5276572785054,82.5247397261986
0,0,0,0,0,0,0,0,0,0,0,0,5.45954996443161,11.0070535015761,16.7408387011512,22.7833846457575,29.3042417883635,36.5655254444884,45.0294383783144,55.6789735204385,71.463188842588,85.1536416717215,101.071751742588
