"means","lower.10.","lower.20.","lower.30.","lower.40.","lower.50.","lower.60.","lower.70.","lower.80.","lower.90.","lower.95.","lower.98.","upper.10.","upper.20.","upper.30.","upper.40.","upper.50.","upper.60.","upper.70.","upper.80.","upper.90.","upper.95.","upper.98."
238,221.622153921605,204.980460074562,187.779948666659,169.65320048281,150.091589127189,128.308807244733,102.918314593463,70.9712771086024,23.620955067667,0,0,254.377846078395,271.019539925438,288.220051333341,306.34679951719,325.908410872811,347.691192755267,373.081685406537,405.028722891398,452.379044932333,493.448387760927,541.200374334556
238,214.838227953474,191.303318814125,166.978122301316,141.343029177995,113.678733097004,82.8732275326205,46.9656484698603,1.78571478112804,0,0,0,261.161772046526,284.696681185875,309.021877698684,334.656970822005,362.321266902996,393.12677246738,429.03435153014,474.214285218872,541.177752831896,599.258574457844,666.790081500529
238,209.632738473677,180.808479206592,151.016319531936,119.619870701502,85.7381659556505,48.009281005047,4.03165770384339,0,0,0,0,266.367261526323,295.191520793408,324.983680468064,356.380129298498,390.261834044349,427.990718994953,471.968342296157,527.302234371243,609.315397900892,680.449586313481,763.158453221354
238,205.244307843209,171.960920149124,137.559897333318,101.306400965619,62.1831782543774,18.6176144894667,0,0,0,0,0,270.755692156791,304.039079850876,338.440102666682,374.693599034381,413.816821745623,457.382385510533,508.163370813073,572.057445782795,666.758089864666,748.896775521854,844.400748669113
