"means","lower.10.","lower.20.","lower.30.","lower.40.","lower.50.","lower.60.","lower.70.","lower.80.","lower.90.","lower.95.","lower.98.","upper.10.","upper.20.","upper.30.","upper.40.","upper.50.","upper.60.","upper.70.","upper.80.","upper.90.","upper.95.","upper.98."
0,0,0,0,0,0,0,0,0,0,0,0,1.7952917438441,3.61950571094134,5.50497563004381,7.49197692444075,9.63626373693926,12.0240287876266,14.8072605759074,18.3092016957783,23.4996059663733,28.0015076054747,33.2359411712462
