"means","lower.10.","lower.20.","lower.30.","lower.40.","lower.50.","lower.60.","lower.70.","lower.80.","lower.90.","lower.95.","lower.98.","upper.10.","upper.20.","upper.30.","upper.40.","upper.50.","upper.60.","upper.70.","upper.80.","upper.90.","upper.95.","upper.98."
2.77777777776299,2.32132351772092,1.85751576092322,1.37813363280587,0.872937077066935,0.327750561464062,0,0,0,0,0,0,3.23423203780506,3.69803979460276,4.17742192272011,4.68261847845905,5.22780499406192,5.83489603266497,6.54253478319196,7.43290591538404,8.75257005842784,9.89718189575417,11.2280405198169
2.77777777776299,2.32132351772092,1.85751576092322,1.37813363280587,0.872937077066935,0.327750561464062,0,0,0,0,0,0,3.23423203780506,3.69803979460276,4.17742192272011,4.68261847845905,5.22780499406192,5.83489603266497,6.54253478319196,7.43290591538404,8.75257005842784,9.89718189575417,11.2280405198169
