"means","lower.10.","lower.20.","lower.30.","lower.40.","lower.50.","lower.60.","lower.70.","lower.80.","lower.90.","lower.95.","lower.98.","upper.10.","upper.20.","upper.30.","upper.40.","upper.50.","upper.60.","upper.70.","upper.80.","upper.90.","upper.95.","upper.98."
337,327.829626036132,318.511516973495,308.880511698124,298.730882815359,287.777837426593,275.58110197803,261.364317205207,243.47635566426,216.963702025529,193.967928931453,167.230373070831,346.170373963868,355.488483026505,365.119488301876,375.269117184641,386.222162573407,398.41889802197,412.635682794793,430.52364433574,457.036297974471,480.032071068547,506.769626929169
373,352.494420437698,331.658495151883,310.122912664494,287.427652536237,262.935898486316,235.663168919748,203.873471746231,163.874773761773,104.590677961663,53.1705661281474,0,393.505579562302,414.341504848117,435.877087335506,458.572347463763,483.064101513684,510.336831080252,542.126528253769,582.125226238227,641.409322038337,692.829433871853,752.616426328402
409,374.687602518615,339.822430913632,303.786508882981,265.810075000771,224.827531814225,179.191526528581,125.99718876717,59.0665653331604,0,0,0,443.312397481385,478.177569086368,514.213491117019,552.189924999229,593.172468185775,638.808473471419,692.00281123283,758.93343466684,858.134700997176,944.177005259205,1044.21977864938
445,394.771793192316,343.734407923317,290.983219515597,235.391412621636,175.399112293586,108.594840962576,30.7263038098623,0,0,0,0,495.228206807684,546.265592076683,599.016780484403,654.608587378364,714.600887706414,781.405159037424,859.273696190138,957.250096627749,1102.46588120029,1228.41891770925,1374.86654248343
