"means","lower.10.","lower.20.","lower.30.","lower.40.","lower.50.","lower.60.","lower.70.","lower.80.","lower.90.","lower.95.","lower.98.","upper.10.","upper.20.","upper.30.","upper.40.","upper.50.","upper.60.","upper.70.","upper.80.","upper.90.","upper.95.","upper.98."
487,466.865067860332,446.405761142254,425.259443836062,402.974410575424,378.925355815557,352.145592901861,320.930508569101,281.654804746872,223.442295206723,172.9516246438,114.245308526767,507.134932139668,527.594238857745,548.740556163938,571.025589424576,595.074644184443,621.854407098139,653.069491430899,692.345195253128,750.557704793277,801.0483753562,859.754691473233
487,458.524905890619,429.591076853163,399.685668124502,368.169871849371,334.159372445715,296.287068536029,252.142272922021,196.598039904874,114.273119413423,42.8685283300251,0,515.475094109381,544.408923146837,574.314331875498,605.830128150629,639.840627554285,677.712931463971,721.857727077979,777.401960095126,859.726880586577,931.131471669975,1014.15474011965
487,452.125274527143,416.688715803798,380.0622198365,341.463409980712,299.809225262617,253.425315281446,199.359203254559,131.33168873143,30.5046645718041,0,0,521.874725472857,557.311284196202,593.9377801635,632.536590019288,674.190774737383,720.574684718554,774.640796745441,842.66831126857,943.495335428196,1030.9477421514,1132.6300643913
