"means","lower.10.","lower.20.","lower.30.","lower.40.","lower.50.","lower.60.","lower.70.","lower.80.","lower.90.","lower.95.","lower.98.","upper.10.","upper.20.","upper.30.","upper.40.","upper.50.","upper.60.","upper.70.","upper.80.","upper.90.","upper.95.","upper.98."
154,149.463602959696,144.854124377958,140.089862418905,135.069047934635,129.65079968438,123.617323317087,116.584569732535,107.735759846357,94.6204906140199,83.2449504872492,70.0184267109024,158.536397040304,163.145875622042,167.910137581095,172.930952065365,178.34920031562,184.382676682913,191.415430267465,200.264240153643,213.37950938598,224.755049512751,237.981573289098
154,147.584565781293,141.065778655531,134.32809477834,127.227590840526,119.565030680711,111.032406573828,101.086591073726,88.5724841218326,70.0246924992865,53.937249372688,35.2321200651282,160.415434218707,166.934221344469,173.67190522166,180.772409159474,188.434969319289,196.967593426172,206.913408926274,219.427515878167,237.975307500714,254.062750627312,272.767879934872
154,146.142729842889,138.158878742917,129.90693496927,121.210629187137,111.825947929674,101.375660315257,89.1945737897003,73.8679854803227,51.1516728149694,31.4486593518641,8.53964816371371,161.857270157111,169.841121257083,178.09306503073,186.789370812863,196.174052070326,206.624339684743,218.8054262103,234.132014519677,256.848327185031,276.551340648136,299.460351836286
