"means","lower.10.","lower.20.","lower.30.","lower.40.","lower.50.","lower.60.","lower.70.","lower.80.","lower.90.","lower.95.","lower.98.","upper.10.","upper.20.","upper.30.","upper.40.","upper.50.","upper.60.","upper.70.","upper.80.","upper.90.","upper.95.","upper.98."
774,752.223863812931,730.096913183277,707.226953537007,683.125460874861,657.116160819193,628.153571811149,594.394137073257,551.917059457938,488.959631702822,434.353452216946,370.861967570369,795.776136187069,817.903086816723,840.773046462993,864.874539125139,890.883839180807,919.846428188851,953.605862926743,996.082940542062,1059.04036829718,1113.64654778305,1177.13803242963
