"means","lower.10.","lower.20.","lower.30.","lower.40.","lower.50.","lower.60.","lower.70.","lower.80.","lower.90.","lower.95.","lower.98.","upper.10.","upper.20.","upper.30.","upper.40.","upper.50.","upper.60.","upper.70.","upper.80.","upper.90.","upper.95.","upper.98."
1876.17695763477,1833.42620529788,1789.98673659633,1745.08859799206,1697.77272271936,1646.71145383384,1589.85230953562,1523.57603255449,1440.18534241885,1316.58777769913,1209.38532290136,1084.73930157279,1918.92770997166,1962.36717867322,2007.26531727748,2054.58119255019,2105.64246143571,2162.50160573392,2228.77788271505,2312.16857285069,2435.76613757041,2542.96859236819,2667.61461369676
867.685350290612,823.993025660424,779.596815897507,733.709809471751,685.351816464162,633.16593869072,575.054489065344,507.318497279275,422.091152604039,295.771389183767,186.207832985586,58.8165210191321,911.377674920801,955.773884683718,1001.66089110947,1050.01888411706,1102.2047618905,1160.31621151588,1228.05220330195,1313.27954797719,1439.59931139746,1549.16286759564,1676.55417956209
698.39427201442,642.014133689491,584.725709035464,525.513575291189,463.112905197293,395.772770920217,320.78633804278,233.380492306748,123.403979898064,0,0,0,754.77441033935,812.062834993377,871.274968737652,933.675638831548,1001.01577310862,1076.00220598606,1163.40805172209,1273.38456413078,1436.3863223363,1577.76603847886,1742.15051220174
0,0,0,0,0,0,0,0,0,0,0,0,0,0,45.6128882171531,110.082292076729,179.654915353599,257.127330599943,347.430892404085,461.053393298296,629.459055669552,775.525852770156,945.360071036361
