"means","lower.10.","lower.20.","lower.30.","lower.40.","lower.50.","lower.60.","lower.70.","lower.80.","lower.90.","lower.95.","lower.98.","upper.10.","upper.20.","upper.30.","upper.40.","upper.50.","upper.60.","upper.70.","upper.80.","upper.90.","upper.95.","upper.98."
1.81818181818182,1.58096340243524,1.33992338833089,1.09078940290431,0.828239708260257,0.544907307099637,0.22940324240301,0,0,0,0,0,2.0554002339284,2.29644024803275,2.54557423345933,2.80812392810338,3.091456329264,3.40696039396063,3.77471891439909,4.23744310802504,4.92327006755779,5.51812267484929,6.20976738499779
1.81818181818182,1.58096340243524,1.33992338833089,1.09078940290431,0.828239708260257,0.544907307099637,0.22940324240301,0,0,0,0,0,2.0554002339284,2.29644024803275,2.54557423345933,2.80812392810338,3.091456329264,3.40696039396063,3.77471891439909,4.23744310802504,4.92327006755779,5.51812267484929,6.20976738499779
1.81818181818182,1.58096340243524,1.33992338833089,1.09078940290431,0.828239708260257,0.544907307099637,0.22940324240301,0,0,0,0,0,2.0554002339284,2.29644024803275,2.54557423345933,2.80812392810338,3.091456329264,3.40696039396063,3.77471891439909,4.23744310802504,4.92327006755779,5.51812267484929,6.20976738499779
