"means","lower.10.","lower.20.","lower.30.","lower.40.","lower.50.","lower.60.","lower.70.","lower.80.","lower.90.","lower.95.","lower.98.","upper.10.","upper.20.","upper.30.","upper.40.","upper.50.","upper.60.","upper.70.","upper.80.","upper.90.","upper.95.","upper.98."
0,0,0,0,0,0,0,0,0,0,0,0,0.397376268594685,0.801154285092018,1.21849091217201,1.65830085546824,2.13292493552052,2.6614413559722,3.27749179259536,4.05262391238828,5.20148647949986,6.19795342202358,7.35656159014183
0,0,0,0,0,0,0,0,0,0,0,0,0.561974908411818,1.13300325553045,1.72320637362203,2.3451915602981,3.01641137133688,3.76384646107652,4.63507334365487,5.73127570009702,7.35601272380899,8.76522978838248,10.4037491732116
0,0,0,0,0,0,0,0,0,0,0,0,0.688275886928132,1.3876399264809,2.11048816844287,2.87226133590593,3.69433435705211,4.60975164990885,5.67678230616516,7.01935052022506,9.00923885737633,10.7351702298902,12.7419384431353
