"means","lower.10.","lower.20.","lower.30.","lower.40.","lower.50.","lower.60.","lower.70.","lower.80.","lower.90.","lower.95.","lower.98.","upper.10.","upper.20.","upper.30.","upper.40.","upper.50.","upper.60.","upper.70.","upper.80.","upper.90.","upper.95.","upper.98."
44,35.3108904403234,26.4817989710671,17.3562321907753,7.73925934976747,0,0,0,0,0,0,0,52.6891095596766,61.5182010289329,70.6437678092247,80.2607406502325,90.6389664205323,102.195612965213,115.666295945442,132.615491064526,157.736751450676,179.525698402151,204.860058063634
