"means","lower.10.","lower.20.","lower.30.","lower.40.","lower.50.","lower.60.","lower.70.","lower.80.","lower.90.","lower.95.","lower.98.","upper.10.","upper.20.","upper.30.","upper.40.","upper.50.","upper.60.","upper.70.","upper.80.","upper.90.","upper.95.","upper.98."
0,0,0,0,0,0,0,0,0,0,0,0,0.991053866139735,1.99807365050455,3.03890852273295,4.13579170151937,5.31950111416826,6.63761767824828,8.17404351744502,10.1072180545319,12.9724739310989,15.4576560970119,18.3472174400065
0,0,0,0,0,0,0,0,0,0,0,0,1.4015618185371,2.82570285516385,4.29766564766012,5.84889271543879,7.52291062071554,9.38700894242614,11.5598432017986,14.2937648505813,18.3458485708914,21.8604268948933,25.9468837354654
0,0,0,0,0,0,0,0,0,0,0,0,1.71655564919159,3.4607650799385,5.26354396092754,7.16340135655329,9.21364620065867,11.4966910599434,14.1578586754938,17.5062151936268,22.468983948526,26.7734457259514,31.7783127836051
0,0,0,0,0,0,0,0,0,0,0,0,1.98210773227947,3.9961473010091,6.07781704546589,8.27158340303874,10.6390022283365,13.2752353564966,16.34808703489,20.2144361090639,25.9449478621977,30.9153121940237,36.6944348800131
