"means","lower.10.","lower.20.","lower.30.","lower.40.","lower.50.","lower.60.","lower.70.","lower.80.","lower.90.","lower.95.","lower.98.","upper.10.","upper.20.","upper.30.","upper.40.","upper.50.","upper.60.","upper.70.","upper.80.","upper.90.","upper.95.","upper.98."
0.899999999999894,0.789971548505304,0.678170534167246,0.562615312432495,0.440837514317012,0.309420123049841,0.163080625884058,0,0,0,0,0,1.01002845149448,1.12182946583254,1.23738468756729,1.35916248568278,1.49057987694995,1.63691937411573,1.80749593074788,2.02212018887519,2.34022567032838,2.61613473515294,2.93693864998627
0.899999999999894,0.789971548505304,0.678170534167246,0.562615312432495,0.440837514317012,0.309420123049841,0.163080625884058,0,0,0,0,0,1.01002845149448,1.12182946583254,1.23738468756729,1.35916248568278,1.49057987694995,1.63691937411573,1.80749593074788,2.02212018887519,2.34022567032838,2.61613473515294,2.93693864998627
0.899999999999894,0.789971548505304,0.678170534167246,0.562615312432495,0.440837514317012,0.309420123049841,0.163080625884058,0,0,0,0,0,1.01002845149448,1.12182946583254,1.23738468756729,1.35916248568278,1.49057987694995,1.63691937411573,1.80749593074788,2.02212018887519,2.34022567032838,2.61613473515294,2.93693864998627
