"means","lower.10.","lower.20.","lower.30.","lower.40.","lower.50.","lower.60.","lower.70.","lower.80.","lower.90.","lower.95.","lower.98.","upper.10.","upper.20.","upper.30.","upper.40.","upper.50.","upper.60.","upper.70.","upper.80.","upper.90.","upper.95.","upper.98."
349,319.019119864122,288.555246525836,257.068415575799,223.886038482262,188.077036339351,148.202014342084,101.722806201717,43.2413491807287,0,0,0,378.980880135878,409.444753474164,440.931584424201,474.113961517738,509.922963660649,549.797985657916,596.277193798283,654.758650819271,741.436979746613,816.617503407025,904.031109497913
349,306.600632699959,263.518209862538,218.989106496848,172.062138779389,121.420562293838,65.0287653853763,0,0,0,0,0,391.399367300041,434.481790137462,479.010893503152,525.937861220611,576.579437706162,632.971234614624,698.702761135092,781.408030801513,903.989699134396,1010.31101532126,1133.93252259094
349,297.071592349026,244.306615931772,189.769824956976,132.29626191506,70.2732508351962,1.20768678300192,0,0,0,0,0,400.928407650974,453.693384068228,508.230175043024,565.70373808494,627.726749164804,696.792313216998,777.296663211682,878.589518072689,1028.72078769001,1158.93727440948,1310.34208143171
349,289.038239728243,228.110493051671,165.136831151598,98.7720769645231,27.1540726787025,0,0,0,0,0,0,408.961760271757,469.889506948329,532.863168848402,599.227923035477,670.845927321297,750.595971315833,843.554387596566,960.517301638543,1133.87395949323,1284.23500681405,1459.06221899583
