"means","lower.10.","lower.20.","lower.30.","lower.40.","lower.50.","lower.60.","lower.70.","lower.80.","lower.90.","lower.95.","lower.98.","upper.10.","upper.20.","upper.30.","upper.40.","upper.50.","upper.60.","upper.70.","upper.80.","upper.90.","upper.95.","upper.98."
73,53.9532839236076,34.5997244739923,14.5962847306401,0,0,0,0,0,0,0,0,92.0467160763924,111.400275526008,131.40371526936,152.484327725565,175.233623066589,200.566042231061,230.094070657608,267.247072923192,322.313418993518,370.075261946245,425.608726236852
