"means","lower.10.","lower.20.","lower.30.","lower.40.","lower.50.","lower.60.","lower.70.","lower.80.","lower.90.","lower.95.","lower.98.","upper.10.","upper.20.","upper.30.","upper.40.","upper.50.","upper.60.","upper.70.","upper.80.","upper.90.","upper.95.","upper.98."
117,108.505629314828,99.8744139712922,90.9533678719528,81.5519290225862,71.4062983176366,60.1086574081952,46.9398771286249,30.3705445441983,5.81229765674429,0,0,125.494370685172,134.125586028708,143.046632128047,152.448070977414,162.593701682363,173.891342591805,187.060122871375,203.629455455802,228.187702343256,249.488319049054,274.254889266417
