"means","lower.10.","lower.20.","lower.30.","lower.40.","lower.50.","lower.60.","lower.70.","lower.80.","lower.90.","lower.95.","lower.98.","upper.10.","upper.20.","upper.30.","upper.40.","upper.50.","upper.60.","upper.70.","upper.80.","upper.90.","upper.95.","upper.98."
338,307.629636078164,276.770004354234,244.874125702107,211.260673943686,174.986474459578,134.593433162601,87.5104102618669,28.2692163957414,0,0,0,368.370363921836,399.229995645766,431.125874297893,464.739326056314,501.013525540422,541.406566837399,588.489589738133,647.730783604259,735.535156982535,811.692356272643,900.241558853368
