"means","lower.10.","lower.20.","lower.30.","lower.40.","lower.50.","lower.60.","lower.70.","lower.80.","lower.90.","lower.95.","lower.98.","upper.10.","upper.20.","upper.30.","upper.40.","upper.50.","upper.60.","upper.70.","upper.80.","upper.90.","upper.95.","upper.98."
151.489786193768,141.015509116505,130.372491008108,119.37208707864,107.779318281168,95.2688980198135,81.3379517978072,65.0997325664986,44.668344897301,14.385950595853,0,0,161.964063271031,172.607081379429,183.607485308897,195.200254106368,207.710674367723,221.641620589729,237.879839821038,258.311227490236,288.593621791684,314.859082714244,345.398357290876
