"means","lower.10.","lower.20.","lower.30.","lower.40.","lower.50.","lower.60.","lower.70.","lower.80.","lower.90.","lower.95.","lower.98.","upper.10.","upper.20.","upper.30.","upper.40.","upper.50.","upper.60.","upper.70.","upper.80.","upper.90.","upper.95.","upper.98."
40.1249999994229,0,0,0,0,0,0,0,0,0,0,0,86.2894402351333,133.197591486856,181.680888808917,232.774981352927,287.913540722587,349.312941325493,420.881441538779,510.930956940158,644.397903786356,760.160575718628,894.759699422857
