"means","lower.10.","lower.20.","lower.30.","lower.40.","lower.50.","lower.60.","lower.70.","lower.80.","lower.90.","lower.95.","lower.98.","upper.10.","upper.20.","upper.30.","upper.40.","upper.50.","upper.60.","upper.70.","upper.80.","upper.90.","upper.95.","upper.98."
65,56.8906439613893,48.650645866081,40.133953842893,31.1586432836503,21.4728720038164,10.6873063713949,0,0,0,0,0,73.1093560386107,81.349354133919,89.866046157107,98.8413567163497,108.527127996184,119.312693628605,131.884587632206,147.702900986935,171.148024242755,191.483172202667,215.127176354553
