"means","lower.10.","lower.20.","lower.30.","lower.40.","lower.50.","lower.60.","lower.70.","lower.80.","lower.90.","lower.95.","lower.98.","upper.10.","upper.20.","upper.30.","upper.40.","upper.50.","upper.60.","upper.70.","upper.80.","upper.90.","upper.95.","upper.98."
33,16.4647072238027,0,0,0,0,0,0,0,0,0,0,49.5352927761973,66.3369697937688,83.7028365059479,102.003844273736,121.753509119229,143.745697480407,169.380278957788,201.634435921759,249.439955295087,290.904113924141,339.11515918983
