"means","lower.10.","lower.20.","lower.30.","lower.40.","lower.50.","lower.60.","lower.70.","lower.80.","lower.90.","lower.95.","lower.98.","upper.10.","upper.20.","upper.30.","upper.40.","upper.50.","upper.60.","upper.70.","upper.80.","upper.90.","upper.95.","upper.98."
294,277.584279650534,260.904101376368,243.663813258604,225.495146413958,205.888298232475,184.05514299923,158.605934055434,126.585018067148,79.1251969551094,37.9608800123658,0,310.415720349466,327.095898623632,344.336186741396,362.504853586042,382.111701767525,403.94485700077,429.394065944566,461.414981932852,508.874803044891,550.039119987634,597.90153449391
