"means","lower.10.","lower.20.","lower.30.","lower.40.","lower.50.","lower.60.","lower.70.","lower.80.","lower.90.","lower.95.","lower.98.","upper.10.","upper.20.","upper.30.","upper.40.","upper.50.","upper.60.","upper.70.","upper.80.","upper.90.","upper.95.","upper.98."
507,504.089566632155,501.132246063989,498.075620540344,494.85439764496,491.378191668564,487.507271467475,482.995241211204,477.318076860368,468.903664086766,461.605415880521,453.119625109285,509.910433367845,512.867753936011,515.924379459656,519.14560235504,522.621808331436,526.492728532525,531.004758788796,536.681923139632,545.096335913234,552.394584119479,560.880374890715
584,577.492073145515,570.879303323838,564.044480871206,556.841607506449,549.068574639437,540.412933934325,530.323727564766,517.62920215686,498.814003204343,482.494624098513,463.519819091189,590.507926854485,597.120696676162,603.955519128794,611.158392493551,618.931425360563,627.587066065675,637.676272435234,650.37079784314,669.185996795657,685.505375901487,704.480180908811
