"means","lower.10.","lower.20.","lower.30.","lower.40.","lower.50.","lower.60.","lower.70.","lower.80.","lower.90.","lower.95.","lower.98.","upper.10.","upper.20.","upper.30.","upper.40.","upper.50.","upper.60.","upper.70.","upper.80.","upper.90.","upper.95.","upper.98."
0,0,0,0,0,0,0,0,0,0,0,0,1.70316329251288,3.4337646151685,5.22247843639767,7.10751337759679,9.1417624628441,11.4069952860999,14.0474007982451,17.369633849423,22.2936836910666,26.5645625855483,31.5303822841507
0,0,0,0,0,0,0,0,0,0,0,0,1.70316329251288,3.4337646151685,5.22247843639767,7.10751337759679,9.1417624628441,11.4069952860999,14.0474007982451,17.369633849423,22.2936836910666,26.5645625855483,31.5303822841507
0,0,0,0,0,0,0,0,0,0,0,0,1.70316329251288,3.4337646151685,5.22247843639767,7.10751337759679,9.1417624628441,11.4069952860999,14.0474007982451,17.369633849423,22.2936836910666,26.5645625855483,31.5303822841507
0,0,0,0,0,0,0,0,0,0,0,0,1.70316329251288,3.4337646151685,5.22247843639767,7.10751337759679,9.1417624628441,11.4069952860999,14.0474007982451,17.369633849423,22.2936836910666,26.5645625855483,31.5303822841507
