"means","lower.10.","lower.20.","lower.30.","lower.40.","lower.50.","lower.60.","lower.70.","lower.80.","lower.90.","lower.95.","lower.98.","upper.10.","upper.20.","upper.30.","upper.40.","upper.50.","upper.60.","upper.70.","upper.80.","upper.90.","upper.95.","upper.98."
6879.22222221479,6821.84567950165,6763.54479834406,6703.28621044676,6639.78273529853,6571.252500974,6494.94083525757,6405.99026879481,6294.07014498644,6128.18766190178,5984.30934654054,5817.01971125124,6936.59876492792,6994.89964608551,7055.15823398281,7118.66170913104,7187.19194345557,7263.503609172,7352.45417563477,7464.37429944313,7630.25678252779,7774.13509788904,7941.42473317834
