"means","lower.10.","lower.20.","lower.30.","lower.40.","lower.50.","lower.60.","lower.70.","lower.80.","lower.90.","lower.95.","lower.98.","upper.10.","upper.20.","upper.30.","upper.40.","upper.50.","upper.60.","upper.70.","upper.80.","upper.90.","upper.95.","upper.98."
1,0.372950634670738,0,0,0,0,0,0,0,0,0,0,1.62704936532926,2.26420052152175,2.9227468108224,3.61675540571081,4.3656997984378,5.19968489569167,6.17179638252377,7.39493460736384,9.20780970960768,10.7802084995274,12.6084619054319
1,0.113218283273915,0,0,0,0,0,0,0,0,0,0,1.88678171672608,2.7878495230952,3.71917461687465,4.70065098416934,5.75981830182713,6.9392513371806,8.31402458599722,10.043803252223,12.6075958087048,14.8313035028682,17.4168442649532
1,0,0,0,0,0,0,0,0,0,0,0,2.0860813596041,3.18965953423075,4.33029516643541,5.53235331367164,6.8295630539186,8.27406761511758,9.95781410093209,12.0763516510347,15.2163434358977,17.9398180297984,21.1064458179358
1,0,0,0,0,0,0,0,0,0,0,0,2.25409873065852,3.5284010430435,4.84549362164479,6.23351081142163,7.7313995968756,9.39936979138334,11.3435927650475,13.7898692147277,17.4156194192154,20.5604169990547,24.2169238108637
