"means","lower.10.","lower.20.","lower.30.","lower.40.","lower.50.","lower.60.","lower.70.","lower.80.","lower.90.","lower.95.","lower.98.","upper.10.","upper.20.","upper.30.","upper.40.","upper.50.","upper.60.","upper.70.","upper.80.","upper.90.","upper.95.","upper.98."
0,0,0,0,0,0,0,0,0,0,0,0,0.481246319506151,0.970245536857586,1.47566503885158,2.00830106475731,2.58309908297295,3.22316393395267,3.96923768995104,4.90796883537287,6.29930980295533,7.50609059611893,8.90923406673566
