"means","lower.10.","lower.20.","lower.30.","lower.40.","lower.50.","lower.60.","lower.70.","lower.80.","lower.90.","lower.95.","lower.98.","upper.10.","upper.20.","upper.30.","upper.40.","upper.50.","upper.60.","upper.70.","upper.80.","upper.90.","upper.95.","upper.98."
9,6.35214961570619,3.66164225367156,0.880789354977786,0,0,0,0,0,0,0,0,11.6478503842938,14.3383577463284,17.1192106450222,20.0498107321678,23.2123890039048,26.7340698832076,30.8390190567598,36.003982451606,43.6592362506948,50.2990272629474,58.0192192463469
