"means","lower.10.","lower.20.","lower.30.","lower.40.","lower.50.","lower.60.","lower.70.","lower.80.","lower.90.","lower.95.","lower.98.","upper.10.","upper.20.","upper.30.","upper.40.","upper.50.","upper.60.","upper.70.","upper.80.","upper.90.","upper.95.","upper.98."
2895.66666666505,2849.83342342659,2803.26180476925,2755.12634059339,2704.39881179285,2649.65583233713,2588.69692872734,2517.64188155815,2428.23840732943,2295.72899082047,2180.79683365544,2047.16336285149,2941.49990990351,2988.07152856084,3036.2069927367,3086.93452153725,3141.67750099296,3202.63640460275,3273.69145177194,3363.09492600067,3495.60434250962,3610.53649967465,3744.1699704786
3170.33333333009,3105.51533913472,3039.65312440785,2971.57929813922,2899.83973892382,2822.42147493284,2736.21256670047,2635.72555531875,2509.28994954121,2321.8933355721,2159.35472015652,1970.36845335858,3235.15132752547,3301.01354225234,3369.08736852097,3440.82692773637,3518.24519172735,3604.45409995971,3704.94111134144,3831.37671711898,4018.77333108809,4181.31194650366,4370.2982133016
3444.99999999514,3365.61449403046,3284.95008432524,3201.57701472674,3113.71435750178,3018.89673572678,2913.31281750093,2790.2418656697,2635.39050593237,2405.87746405755,2206.80912842423,1975.34916740001,3524.38550595982,3605.04991566504,3688.42298526354,3776.2856424885,3871.1032642635,3976.68718248935,4099.75813432058,4254.60949405792,4484.12253593274,4683.19087156605,4914.65083259027
3719.66666666019,3628.00018018326,3534.8569428686,3438.58601451688,3337.13095691579,3227.64499800436,3105.72719078477,2963.6170964464,2784.81014798895,2519.79131497103,2289.92700064098,2022.66005903307,3811.33315313711,3904.47639045178,4000.7473188035,4102.20237640459,4211.68833531602,4333.6061425356,4475.71623687397,4654.52318533143,4919.54201834934,5149.40633267939,5416.6732742873
