"means","lower.10.","lower.20.","lower.30.","lower.40.","lower.50.","lower.60.","lower.70.","lower.80.","lower.90.","lower.95.","lower.98.","upper.10.","upper.20.","upper.30.","upper.40.","upper.50.","upper.60.","upper.70.","upper.80.","upper.90.","upper.95.","upper.98."
36,27.4957741590137,18.8545448927003,9.92314860938628,0.510802225114688,0,0,0,0,0,0,0,44.5042258409863,53.1454551072997,62.0768513906137,71.4891977748853,81.646599424987,92.9573478400494,106.141406518262,122.72996281689,147.316702144641,168.642031793207,193.437336147275
36,23.9732084781934,11.7526648541977,0,0,0,0,0,0,0,0,0,48.0267915218066,60.2473351458023,72.8782369005936,86.1893048109839,100.554039983029,116.5498537922,135.194928382051,158.65468967976,193.425589891598,223.584160302677,258.650016003369
36,21.2702487643716,6.3032006352656,0,0,0,0,0,0,0,0,0,50.7297512356284,65.6967993647344,81.1664315099661,97.4690936659617,115.062229396822,134.653020323339,157.488479803973,186.220702137412,228.80618384553,265.742738285002,308.689465215381
36,18.9915483180274,1.70908978540057,0,0,0,0,0,0,0,0,0,53.0084516819726,70.2909102145994,88.1537027812275,106.978395549771,127.293198849974,149.914695680099,176.282813036525,209.459925633779,258.633404289283,301.284063586415,350.874672294551
