"means","lower.10.","lower.20.","lower.30.","lower.40.","lower.50.","lower.60.","lower.70.","lower.80.","lower.90.","lower.95.","lower.98.","upper.10.","upper.20.","upper.30.","upper.40.","upper.50.","upper.60.","upper.70.","upper.80.","upper.90.","upper.95.","upper.98."
326,304.194668180144,282.038051574867,259.137429788263,235.003623848713,208.959452686116,179.958033046872,146.153336465866,103.619309116707,40.5774732771541,0,0,347.805331819856,369.961948425133,392.862570211737,416.996376151287,443.040547313884,472.041966953128,505.846663534134,548.380690883293,611.422526722846,666.101917633856,729.678526383945
326,295.162604008313,263.828416308831,231.442046391438,197.311690720046,160.479670641136,119.465469659243,71.6584092824773,11.5062109429479,0,0,0,356.837395991687,388.171583691169,420.557953608562,454.688309279954,491.520329358864,532.534530340757,580.341590717523,640.493789057052,729.648408298246,806.976744506897,896.887646850961
