"means","lower.10.","lower.20.","lower.30.","lower.40.","lower.50.","lower.60.","lower.70.","lower.80.","lower.90.","lower.95.","lower.98.","upper.10.","upper.20.","upper.30.","upper.40.","upper.50.","upper.60.","upper.70.","upper.80.","upper.90.","upper.95.","upper.98."
163.333333334611,154.295757387584,145.112585723258,135.621048958745,125.618398878875,114.823966727882,102.803854641233,88.7929459680238,71.1640235706638,45.0353049642762,22.3725382529984,0,172.370909281637,181.554080945964,191.045617710476,201.048267790347,211.842699941339,223.862812027989,237.873720701198,255.502643098558,281.631361704946,304.294128416223,330.644492390511
163.333333334611,154.295757387584,145.112585723258,135.621048958745,125.618398878875,114.823966727882,102.803854641233,88.7929459680238,71.1640235706638,45.0353049642762,22.3725382529984,0,172.370909281637,181.554080945964,191.045617710476,201.048267790347,211.842699941339,223.862812027989,237.873720701198,255.502643098558,281.631361704946,304.294128416223,330.644492390511
163.333333334611,154.295757387584,145.112585723258,135.621048958745,125.618398878875,114.823966727882,102.803854641233,88.7929459680238,71.1640235706638,45.0353049642762,22.3725382529984,0,172.370909281637,181.554080945964,191.045617710476,201.048267790347,211.842699941339,223.862812027989,237.873720701198,255.502643098558,281.631361704946,304.294128416223,330.644492390511
