"means","lower.10.","lower.20.","lower.30.","lower.40.","lower.50.","lower.60.","lower.70.","lower.80.","lower.90.","lower.95.","lower.98.","upper.10.","upper.20.","upper.30.","upper.40.","upper.50.","upper.60.","upper.70.","upper.80.","upper.90.","upper.95.","upper.98."
9.5,8.26699528017673,7.01412680400234,5.71918779628415,4.35451713331967,2.88182292106631,1.24190807857806,0,0,0,0,0,10.7330047198233,11.9858731959977,13.2808122037159,14.6454828666803,16.1181770789337,17.7580919214219,19.6696129558607,22.0747428987515,25.6395077818848,28.7314096904328,32.3264138530309
