"means","lower.10.","lower.20.","lower.30.","lower.40.","lower.50.","lower.60.","lower.70.","lower.80.","lower.90.","lower.95.","lower.98.","upper.10.","upper.20.","upper.30.","upper.40.","upper.50.","upper.60.","upper.70.","upper.80.","upper.90.","upper.95.","upper.98."
990,948.825371768991,906.987418596983,863.744573401492,818.17312805181,768.99437332962,714.231497823641,650.398678140637,570.082415231288,451.041614791363,347.791473437923,227.740870626668,1031.17462823101,1073.01258140302,1116.25542659851,1161.82687194819,1211.00562667038,1265.76850217636,1329.60132185936,1409.91758476871,1528.95838520864,1632.20852656208,1752.25912937333
628,535.930732327183,442.378224995119,345.684283597501,243.783433962695,133.816395355091,11.3628830803628,0,0,0,0,0,720.069267672817,813.621775004881,910.315716402499,1012.21656603731,1122.18360464491,1244.63711691964,1387.37164092632,1566.96426449037,1833.14758637003,2064.02192112278,2332.46322974858
266,111.938648131775,0,0,0,0,0,0,0,0,0,0,420.061351868225,576.604638401771,738.404549552603,908.917284671206,1092.92733554983,1297.83125320776,1536.67179449328,1837.18773288612,2282.59762317965,2668.9242772602,3118.1125020556
0,0,0,0,0,0,0,0,0,0,0,0,129.522726790125,358.678633911662,595.529451554406,845.134537515754,1114.49767062932,1414.44629291404,1764.07304540945,2203.98333470911,2855.99665135329,3421.52096620205,4079.06519822023
