"means","lower.10.","lower.20.","lower.30.","lower.40.","lower.50.","lower.60.","lower.70.","lower.80.","lower.90.","lower.95.","lower.98.","upper.10.","upper.20.","upper.30.","upper.40.","upper.50.","upper.60.","upper.70.","upper.80.","upper.90.","upper.95.","upper.98."
2.72727272727273,2.34990808687249,1.96646408671643,1.57014427939416,1.15248289844815,0.701760599586102,0.199859945944417,0,0,0,0,0,3.10463736767296,3.48808136782902,3.8844011751513,4.30206255609731,4.75278485495935,5.25468550860104,5.83971201837943,6.57580895411938,7.66681549822067,8.61310096908185,9.71336233162606
2.72727272727273,2.34990808687249,1.96646408671643,1.57014427939416,1.15248289844815,0.701760599586102,0.199859945944417,0,0,0,0,0,3.10463736767296,3.48808136782902,3.8844011751513,4.30206255609731,4.75278485495935,5.25468550860104,5.83971201837943,6.57580895411938,7.66681549822067,8.61310096908185,9.71336233162606
