"means","lower.10.","lower.20.","lower.30.","lower.40.","lower.50.","lower.60.","lower.70.","lower.80.","lower.90.","lower.95.","lower.98.","upper.10.","upper.20.","upper.30.","upper.40.","upper.50.","upper.60.","upper.70.","upper.80.","upper.90.","upper.95.","upper.98."
19,2.9750450799098,0,0,0,0,0,0,0,0,0,0,35.0249549200902,51.3080725178675,68.1379669126956,85.8741405892325,105.014260641507,126.327691969999,151.171099228065,182.429778365407,228.759849641305,268.944277085285,315.667358284381
