"means","lower.10.","lower.20.","lower.30.","lower.40.","lower.50.","lower.60.","lower.70.","lower.80.","lower.90.","lower.95.","lower.98.","upper.10.","upper.20.","upper.30.","upper.40.","upper.50.","upper.60.","upper.70.","upper.80.","upper.90.","upper.95.","upper.98."
14.4820535297223,12.0889360241719,9.65726529795207,7.14394060570387,4.49527495151288,1.63694826143227,0,0,0,0,0,0,16.8751710352726,19.3068417614925,21.8201664537407,24.4688321079317,27.3271587980123,30.5100411131205,34.2200791820736,38.8881542323299,45.8069446536838,51.8079635174651,58.7854448326
0,0,0,0,0,0,0,0,0,0,0,0,2.4035638628061,4.95311086131202,7.58827003656499,10.3653308844316,13.3622161760406,16.6993900645863,20.5892738062665,25.4836357792309,32.7378175078058,39.0297383123613,46.3454560007458
