"means","lower.10.","lower.20.","lower.30.","lower.40.","lower.50.","lower.60.","lower.70.","lower.80.","lower.90.","lower.95.","lower.98.","upper.10.","upper.20.","upper.30.","upper.40.","upper.50.","upper.60.","upper.70.","upper.80.","upper.90.","upper.95.","upper.98."
1144.24999999964,1129.99093645651,1115.50215881783,1100.5268571838,1084.7451449277,1067.71419604769,1048.74942683925,1026.6436721281,998.829585017312,957.604918016673,921.848667392228,880.274298723415,1158.50906354278,1172.99784118146,1187.97314281549,1203.75485507158,1220.7858039516,1239.75057316004,1261.85632787119,1289.67041498198,1330.89508198261,1366.65133260706,1408.22570127587
1266.49999999929,1246.33463894985,1225.84441311102,1204.66613843955,1182.3474269295,1158.2620280433,1131.44179422145,1100.17953610245,1060.84447688535,1002.54399370873,951.97701913603,893.181983117496,1286.66536104873,1307.15558688755,1328.33386155903,1350.65257306907,1374.73797195527,1401.55820577713,1432.82046389612,1472.15552311322,1530.45600628984,1581.02298086254,1639.81801688108
