"means","lower.10.","lower.20.","lower.30.","lower.40.","lower.50.","lower.60.","lower.70.","lower.80.","lower.90.","lower.95.","lower.98.","upper.10.","upper.20.","upper.30.","upper.40.","upper.50.","upper.60.","upper.70.","upper.80.","upper.90.","upper.95.","upper.98."
50,32.1932336258322,14.0995995187425,0,0,0,0,0,0,0,0,0,67.8067663741678,85.9004004812575,104.601607385429,124.309862578946,145.578168658053,169.261436048874,196.867176669589,231.60150193536,283.083004343468,327.735530041221,379.653741065361
50,24.8174294916428,0,0,0,0,0,0,0,0,0,0,75.1825705083572,100.77083325522,127.218333691844,155.090015477227,185.167942383002,218.661140328409,257.701553113579,306.823306984309,379.6291459012,442.777353337174,516.200791501662
50,19.1577759214324,0,0,0,0,0,0,0,0,0,0,80.8422240785676,112.181317645608,144.57275816649,178.708457490196,215.546244210135,256.566866620276,304.381411955923,364.543028082861,453.711605903685,531.052049098466,620.97702843036
