"means","lower.10.","lower.20.","lower.30.","lower.40.","lower.50.","lower.60.","lower.70.","lower.80.","lower.90.","lower.95.","lower.98.","upper.10.","upper.20.","upper.30.","upper.40.","upper.50.","upper.60.","upper.70.","upper.80.","upper.90.","upper.95.","upper.98."
1.49999999999956,1.27638399439502,1.04916552581517,0.814317204675762,0.56682244840138,0.299736692826793,0.00232403842804074,0,0,0,0,0,1.72361600560411,1.95083447418396,2.18568279532336,2.43317755159774,2.70026330717233,2.99767596157108,3.34434673377343,3.78053772488839,4.42703848134929,4.9877814723491,5.63976638209635
1.49999999999956,1.27638399439502,1.04916552581517,0.814317204675762,0.56682244840138,0.299736692826793,0.00232403842804074,0,0,0,0,0,1.72361600560411,1.95083447418396,2.18568279532336,2.43317755159774,2.70026330717233,2.99767596157108,3.34434673377343,3.78053772488839,4.42703848134929,4.9877814723491,5.63976638209635
1.49999999999956,1.27638399439502,1.04916552581517,0.814317204675762,0.56682244840138,0.299736692826793,0.00232403842804074,0,0,0,0,0,1.72361600560411,1.95083447418396,2.18568279532336,2.43317755159774,2.70026330717233,2.99767596157108,3.34434673377343,3.78053772488839,4.42703848134929,4.9877814723491,5.63976638209635
1.49999999999956,1.27638399439502,1.04916552581517,0.814317204675762,0.56682244840138,0.299736692826793,0.00232403842804074,0,0,0,0,0,1.72361600560411,1.95083447418396,2.18568279532336,2.43317755159774,2.70026330717233,2.99767596157108,3.34434673377343,3.78053772488839,4.42703848134929,4.9877814723491,5.63976638209635
