"means","lower.10.","lower.20.","lower.30.","lower.40.","lower.50.","lower.60.","lower.70.","lower.80.","lower.90.","lower.95.","lower.98.","upper.10.","upper.20.","upper.30.","upper.40.","upper.50.","upper.60.","upper.70.","upper.80.","upper.90.","upper.95.","upper.98."
3.09090909089739,2.60275221414663,2.10673111019138,1.59405393107966,1.05376940668497,0.47071745602775,0,0,0,0,0,0,3.57906596764814,4.07508707160339,4.58776425071512,5.1280487751098,5.71110072576703,6.36035672193305,7.11714388017586,8.06935493194667,9.48067515134577,10.704784965875,12.1280771688208
