"means","lower.10.","lower.20.","lower.30.","lower.40.","lower.50.","lower.60.","lower.70.","lower.80.","lower.90.","lower.95.","lower.98.","upper.10.","upper.20.","upper.30.","upper.40.","upper.50.","upper.60.","upper.70.","upper.80.","upper.90.","upper.95.","upper.98."
35.7777777777778,32.951949274042,30.0805965577986,27.1128256322065,23.9852420993797,20.610087718082,16.851693260138,12.4708255004575,6.95869352031125,0,0,0,38.6036062815135,41.474958997757,44.4427299233491,47.5703134561759,50.9454678374736,54.7038622954176,59.0847300550981,64.5968620352443,72.7666719750782,79.8527637016227,88.0918767158653
35.7777777777778,32.951949274042,30.0805965577986,27.1128256322065,23.9852420993797,20.610087718082,16.851693260138,12.4708255004575,6.95869352031125,0,0,0,38.6036062815135,41.474958997757,44.4427299233491,47.5703134561759,50.9454678374736,54.7038622954176,59.0847300550981,64.5968620352443,72.7666719750782,79.8527637016227,88.0918767158653
35.7777777777778,32.951949274042,30.0805965577986,27.1128256322065,23.9852420993797,20.610087718082,16.851693260138,12.4708255004575,6.95869352031125,0,0,0,38.6036062815135,41.474958997757,44.4427299233491,47.5703134561759,50.9454678374736,54.7038622954176,59.0847300550981,64.5968620352443,72.7666719750782,79.8527637016227,88.0918767158653
