"means","lower.10.","lower.20.","lower.30.","lower.40.","lower.50.","lower.60.","lower.70.","lower.80.","lower.90.","lower.95.","lower.98.","upper.10.","upper.20.","upper.30.","upper.40.","upper.50.","upper.60.","upper.70.","upper.80.","upper.90.","upper.95.","upper.98."
154,148.719531375506,143.353994185994,137.808285648991,131.963944177546,125.656980825133,118.63387804752,110.447594017026,100.147379429781,84.8809097914658,71.6395241295844,56.2435516889888,159.280468624494,164.646005814006,170.191714351009,176.036055822454,182.343019174867,189.36612195248,197.552405982974,207.852620570219,223.119090208534,236.360475870416,251.756448311011
