"means","lower.10.","lower.20.","lower.30.","lower.40.","lower.50.","lower.60.","lower.70.","lower.80.","lower.90.","lower.95.","lower.98.","upper.10.","upper.20.","upper.30.","upper.40.","upper.50.","upper.60.","upper.70.","upper.80.","upper.90.","upper.95.","upper.98."
0,0,0,0,0,0,0,0,0,0,0,0,3.1520726416188,6.35492530211955,9.66532773056975,13.1539932582789,16.9188118849096,21.1111159584355,25.9977583691775,32.1462703502272,41.2592913154173,49.1634779416454,58.3538030760499
