"means","lower.10.","lower.20.","lower.30.","lower.40.","lower.50.","lower.60.","lower.70.","lower.80.","lower.90.","lower.95.","lower.98.","upper.10.","upper.20.","upper.30.","upper.40.","upper.50.","upper.60.","upper.70.","upper.80.","upper.90.","upper.95.","upper.98."
0,0,0,0,0,0,0,0,0,0,0,0,0.991053866139735,1.99807365050455,3.03890852273295,4.13579170151937,5.31950111416826,6.63761767824828,8.17404351744502,10.1072180545319,12.9724739310989,15.4576560970119,18.3472174400065
