"means","lower.10.","lower.20.","lower.30.","lower.40.","lower.50.","lower.60.","lower.70.","lower.80.","lower.90.","lower.95.","lower.98.","upper.10.","upper.20.","upper.30.","upper.40.","upper.50.","upper.60.","upper.70.","upper.80.","upper.90.","upper.95.","upper.98."
15,12.1645990766383,9.28351972869815,6.30569555726476,3.16751741759905,0,0,0,0,0,0,0,17.8354009233617,20.7164802713019,23.6943044427352,26.832482582401,30.2190702102659,33.9901961304425,38.3859039642697,43.9167081463127,52.1141931021302,59.2242887777554,67.4913115703208
