"means","lower.10.","lower.20.","lower.30.","lower.40.","lower.50.","lower.60.","lower.70.","lower.80.","lower.90.","lower.95.","lower.98.","upper.10.","upper.20.","upper.30.","upper.40.","upper.50.","upper.60.","upper.70.","upper.80.","upper.90.","upper.95.","upper.98."
0,0,0,0,0,0,0,0,0,0,0,0,26.3041991173131,53.0321599557918,80.6576288255925,109.770711907155,141.188305996802,176.173286880274,216.952554873683,268.262185650991,344.310787724293,410.271608592282,486.965317708095
