"means","lower.10.","lower.20.","lower.30.","lower.40.","lower.50.","lower.60.","lower.70.","lower.80.","lower.90.","lower.95.","lower.98.","upper.10.","upper.20.","upper.30.","upper.40.","upper.50.","upper.60.","upper.70.","upper.80.","upper.90.","upper.95.","upper.98."
439.288788895784,393.109472237603,346.186204903636,297.687283910843,246.57672637121,191.420398682484,130.0012122137,58.4096491572536,0,0,0,0,485.468105553965,532.391372887932,580.890293880724,632.000851420357,687.157179109084,748.576365577868,820.167928634314,910.246462358618,1043.7564187307,1159.55639501249,1294.19889308492
