"means","lower.10.","lower.20.","lower.30.","lower.40.","lower.50.","lower.60.","lower.70.","lower.80.","lower.90.","lower.95.","lower.98.","upper.10.","upper.20.","upper.30.","upper.40.","upper.50.","upper.60.","upper.70.","upper.80.","upper.90.","upper.95.","upper.98."
210.100000000046,205.99615265604,201.826192163859,197.516207034008,192.974131901926,188.072518684781,182.614339926386,176.252165967054,168.247098371258,156.382382314253,146.091510567112,134.126148190817,214.203847344051,218.373807836233,222.683792966083,227.225868098165,232.127481315311,237.585660073706,243.947834033038,251.952901628833,263.817617685839,274.10848943298,286.073851809275
229.200000000092,223.39628342829,217.499068745687,211.403829321426,204.980365068318,198.048437179124,190.329406753145,181.331934053681,170.011058891993,153.23181653047,138.678326137022,121.756748385757,235.003716571893,240.900931254496,246.996170678757,253.419634931865,260.351562821059,268.070593247039,277.068065946502,288.38894110819,305.168183469713,319.721673863162,336.643251614427
248.300000000138,241.191927893813,233.9693444558,226.504231231033,218.637126330472,210.147283199325,200.693440272991,189.673831728837,175.808647934895,155.258356906783,137.434044186561,116.709428619845,255.408072106462,262.630655544475,270.095768769242,277.962873669804,286.45271680095,295.906559727285,306.926168271438,320.79135206538,341.341643093492,359.165955813715,379.89057138043
