"means","lower.10.","lower.20.","lower.30.","lower.40.","lower.50.","lower.60.","lower.70.","lower.80.","lower.90.","lower.95.","lower.98.","upper.10.","upper.20.","upper.30.","upper.40.","upper.50.","upper.60.","upper.70.","upper.80.","upper.90.","upper.95.","upper.98."
0,0,0,0,0,0,0,0,0,0,0,0,0.397376268594685,0.801154285092018,1.21849091217201,1.65830085546824,2.13292493552052,2.6614413559722,3.27749179259536,4.05262391238828,5.20148647949986,6.19795342202358,7.35656159014183
