"means","lower.10.","lower.20.","lower.30.","lower.40.","lower.50.","lower.60.","lower.70.","lower.80.","lower.90.","lower.95.","lower.98.","upper.10.","upper.20.","upper.30.","upper.40.","upper.50.","upper.60.","upper.70.","upper.80.","upper.90.","upper.95.","upper.98."
277.601292691634,232.270120881429,186.20866204355,138.600488531431,88.4286446669118,34.2853366274101,0,0,0,0,0,0,322.932464501838,368.993923339717,416.602096851837,466.773940716356,520.917248755857,581.208389806472,651.485078157986,739.909199261655,870.96706690993,984.640221913569,1116.80983062074
