"means","lower.10.","lower.20.","lower.30.","lower.40.","lower.50.","lower.60.","lower.70.","lower.80.","lower.90.","lower.95.","lower.98.","upper.10.","upper.20.","upper.30.","upper.40.","upper.50.","upper.60.","upper.70.","upper.80.","upper.90.","upper.95.","upper.98."
2,0,0,0,0,0,0,0,0,0,0,0,5.60256261439139,9.26316265950907,13.0466833404285,17.0339442424445,21.3368256720103,26.1282881922677,31.7133229488898,38.7405719737383,49.156013610419,58.1898559339886,68.6936499475377
2,0,0,0,0,0,0,0,0,0,0,0,7.09479290857058,12.2716631387996,17.6223693992749,23.2612078436259,29.3464011186013,36.1225523983517,44.0209842974917,53.9590151746055,68.6886739953048,81.464456329637,96.3190642799714
2,0,0,0,0,0,0,0,0,0,0,0,8.23982148557406,14.5801667499068,21.1334168007469,28.0395552660715,35.4923645210241,43.791421048672,53.4649850091795,65.6365373576558,83.6766114556552,99.3236853476438,117.516790251349
2,0,0,0,0,0,0,0,0,0,0,0,9.20512522878278,16.5263253190181,24.093366680857,32.067888484889,40.6736513440207,50.2565763845355,61.4266458977796,75.4811439474765,96.312027220838,114.379711867977,135.387299895075
