"means","lower.10.","lower.20.","lower.30.","lower.40.","lower.50.","lower.60.","lower.70.","lower.80.","lower.90.","lower.95.","lower.98.","upper.10.","upper.20.","upper.30.","upper.40.","upper.50.","upper.60.","upper.70.","upper.80.","upper.90.","upper.95.","upper.98."
2386,2320.59923836081,2254.14486778283,2185.45900144389,2113.07444418337,2034.96012588879,1947.97612818154,1846.58565535387,1719.01328877864,1529.93182406619,1365.93185189927,1175.24644206266,2451.40076163919,2517.85513221717,2586.54099855611,2658.92555581663,2737.03987411121,2824.02387181846,2925.41434464613,3052.98671122136,3242.06817593381,3406.06814810073,3596.75355793734
