"means","lower.10.","lower.20.","lower.30.","lower.40.","lower.50.","lower.60.","lower.70.","lower.80.","lower.90.","lower.95.","lower.98.","upper.10.","upper.20.","upper.30.","upper.40.","upper.50.","upper.60.","upper.70.","upper.80.","upper.90.","upper.95.","upper.98."
238,222.268494226922,206.283553253891,189.761848066402,172.350459393168,153.560833425343,132.637693880786,108.249219363881,77.5629494954156,32.0812749834857,0,0,253.731505773078,269.716446746109,286.238151933598,303.649540606832,322.439166574657,343.362306119214,367.750780636119,398.437050504584,443.918725016514,483.367294792537,529.23478242572
