"means","lower.10.","lower.20.","lower.30.","lower.40.","lower.50.","lower.60.","lower.70.","lower.80.","lower.90.","lower.95.","lower.98.","upper.10.","upper.20.","upper.30.","upper.40.","upper.50.","upper.60.","upper.70.","upper.80.","upper.90.","upper.95.","upper.98."
199,176.396326056363,153.428506003113,129.689441069482,104.6720423441,77.6743356384611,47.6111089540988,12.5687465817533,0,0,0,0,221.603673943637,244.571493996887,268.310558930518,293.3279576559,320.325664361539,350.388891045901,385.431253418247,429.522546944661,494.872485844832,551.553811944335,617.458102991197
199,167.033577749449,134.552175131999,100.980067544801,65.600122972071,27.4195999959856,0,0,0,0,0,0,230.966422250551,263.447824868001,297.019932455199,332.399877027929,370.580400004014,413.096222909736,462.6536070343,525.008112321928,617.426882214802,697.586382318012,790.789124535068
199,159.849288291899,120.067857020572,78.9505904313453,35.6191847657753,0,0,0,0,0,0,0,238.150711708101,277.932142979428,319.049409568655,362.380815234225,409.142214936234,461.21325099301,521.908403039152,598.276763598335,711.466178044952,809.641114689672,923.790695219643
199,153.792652112725,107.857012006227,60.3788821389631,10.3440846881997,0,0,0,0,0,0,0,244.207347887275,290.142987993773,337.621117861037,387.6559153118,441.651328723078,501.777782091802,571.862506836493,660.045093889322,790.744971689663,904.10762388867,1035.91620598239
