"means","lower.10.","lower.20.","lower.30.","lower.40.","lower.50.","lower.60.","lower.70.","lower.80.","lower.90.","lower.95.","lower.98.","upper.10.","upper.20.","upper.30.","upper.40.","upper.50.","upper.60.","upper.70.","upper.80.","upper.90.","upper.95.","upper.98."
299.555555554445,291.70043694282,283.718772049821,275.469087894594,266.775163409919,257.393051946825,246.9456259203,234.767874924923,219.445483474154,196.735391185472,177.037772971459,154.135034926352,307.41067416607,315.392339059069,323.642023214296,332.335947698971,341.718059162065,352.16548518859,364.343236183967,379.665627634736,402.375719923418,422.073338137431,444.976076182538
299.555555554445,291.70043694282,283.718772049821,275.469087894594,266.775163409919,257.393051946825,246.9456259203,234.767874924923,219.445483474154,196.735391185472,177.037772971459,154.135034926352,307.41067416607,315.392339059069,323.642023214296,332.335947698971,341.718059162065,352.16548518859,364.343236183967,379.665627634736,402.375719923418,422.073338137431,444.976076182538
299.555555554445,291.70043694282,283.718772049821,275.469087894594,266.775163409919,257.393051946825,246.9456259203,234.767874924923,219.445483474154,196.735391185472,177.037772971459,154.135034926352,307.41067416607,315.392339059069,323.642023214296,332.335947698971,341.718059162065,352.16548518859,364.343236183967,379.665627634736,402.375719923418,422.073338137431,444.976076182538
