"means","lower.10.","lower.20.","lower.30.","lower.40.","lower.50.","lower.60.","lower.70.","lower.80.","lower.90.","lower.95.","lower.98.","upper.10.","upper.20.","upper.30.","upper.40.","upper.50.","upper.60.","upper.70.","upper.80.","upper.90.","upper.95.","upper.98."
85.799999998581,71.6930302687002,57.3587966808131,42.5432285891186,26.9298514266569,10.0805625799713,0,0,0,0,0,0,99.9069697284618,114.241203316349,129.056771408043,144.670148570505,161.519437417191,180.281919563958,202.151883999069,229.66929310165,270.454238602678,305.829096403628,346.960013491955
