"means","lower.10.","lower.20.","lower.30.","lower.40.","lower.50.","lower.60.","lower.70.","lower.80.","lower.90.","lower.95.","lower.98.","upper.10.","upper.20.","upper.30.","upper.40.","upper.50.","upper.60.","upper.70.","upper.80.","upper.90.","upper.95.","upper.98."
3,0,0,0,0,0,0,0,0,0,0,0,22.7504874672406,42.8191560935294,63.5617179277168,85.4212537368367,109.01112984563,135.279575556485,165.898657241316,204.424453639693,261.525487411951,311.052118505033,368.637530398873
