"means","lower.10.","lower.20.","lower.30.","lower.40.","lower.50.","lower.60.","lower.70.","lower.80.","lower.90.","lower.95.","lower.98.","upper.10.","upper.20.","upper.30.","upper.40.","upper.50.","upper.60.","upper.70.","upper.80.","upper.90.","upper.95.","upper.98."
310,289.587088723618,268.84532461359,247.407065174756,224.814368880318,200.43329733318,173.283817982174,141.637783987648,101.819847086776,42.8036664423149,0,0,330.412911276382,351.15467538641,372.592934825244,395.185631119682,419.56670266682,446.716182017826,478.362216012352,518.180152913224,577.196333557685,628.384068948929,687.90087357224
310,289.587088723618,268.84532461359,247.407065174756,224.814368880318,200.43329733318,173.283817982174,141.637783987648,101.819847086776,42.8036664423149,0,0,330.412911276382,351.15467538641,372.592934825244,395.185631119682,419.56670266682,446.716182017826,478.362216012352,518.180152913224,577.196333557685,628.384068948929,687.90087357224
310,289.587088723618,268.84532461359,247.407065174756,224.814368880318,200.43329733318,173.283817982174,141.637783987648,101.819847086776,42.8036664423149,0,0,330.412911276382,351.15467538641,372.592934825244,395.185631119682,419.56670266682,446.716182017826,478.362216012352,518.180152913224,577.196333557685,628.384068948929,687.90087357224
