"means","lower.10.","lower.20.","lower.30.","lower.40.","lower.50.","lower.60.","lower.70.","lower.80.","lower.90.","lower.95.","lower.98.","upper.10.","upper.20.","upper.30.","upper.40.","upper.50.","upper.60.","upper.70.","upper.80.","upper.90.","upper.95.","upper.98."
2387.88888888889,2294.25009436835,2199.10277504699,2100.7604688815,1997.12249106755,1885.2808180263,1760.73981141202,1615.57205780345,1432.9178757904,1162.19686309743,927.386758288016,654.369266408283,2481.52768340943,2576.67500273078,2675.01730889628,2778.65528671023,2890.49695975148,3015.03796636575,3160.20571997433,3342.85990198738,3613.58091468035,3848.39101948976,4121.40851136949
2387.88888888889,2294.25009436835,2199.10277504699,2100.7604688815,1997.12249106755,1885.2808180263,1760.73981141202,1615.57205780345,1432.9178757904,1162.19686309743,927.386758288016,654.369266408283,2481.52768340943,2576.67500273078,2675.01730889628,2778.65528671023,2890.49695975148,3015.03796636575,3160.20571997433,3342.85990198738,3613.58091468035,3848.39101948976,4121.40851136949
