"means","lower.10.","lower.20.","lower.30.","lower.40.","lower.50.","lower.60.","lower.70.","lower.80.","lower.90.","lower.95.","lower.98.","upper.10.","upper.20.","upper.30.","upper.40.","upper.50.","upper.60.","upper.70.","upper.80.","upper.90.","upper.95.","upper.98."
500.924314704992,452.55160083478,403.399600570192,352.597107203657,299.058931359436,241.282821826085,176.946384039725,101.954408283904,7.59737892491722,0,0,0,549.297028575204,598.449028839792,649.251522206327,702.789698050548,760.565807583899,824.902245370258,899.89422112608,994.251250485067,1134.10258189854,1255.40275531426,1396.44042120778
365.866503232617,315.919465493051,265.16777893733,212.711882825102,157.431269531963,97.7747960281125,31.3444837912096,0,0,0,0,0,415.813540972183,466.565227527904,519.021123640132,574.301736933271,633.958210437122,700.388522674025,777.821164830313,875.249109829051,1019.65200082209,1144.89997338088,1290.52780894092
0,0,0,0,0,0,0,0,0,0,0,0,0,0,39.0989088227398,109.324906947799,185.109800545371,269.499873388048,367.866809985707,491.634877581638,675.077798128769,834.187174130804,1019.18620901426
0,0,0,0,0,0,0,0,0,0,0,0,0,0,0,0,0,54.330075895134,157.14958823555,286.520012828321,478.266470381485,644.577926396743,837.950935744047
