"means","lower.10.","lower.20.","lower.30.","lower.40.","lower.50.","lower.60.","lower.70.","lower.80.","lower.90.","lower.95.","lower.98.","upper.10.","upper.20.","upper.30.","upper.40.","upper.50.","upper.60.","upper.70.","upper.80.","upper.90.","upper.95.","upper.98."
17,14.5470544776752,12.0545919028893,9.47843401022428,6.76355162709239,3.83376667524057,0.571312197003031,0,0,0,0,0,19.4529455223247,21.9454080971106,24.5215659897757,27.2364483729076,30.1662333247594,33.4286878029969,37.2314769463575,42.0162540272342,49.1080144379125,55.2590589717302,62.4109775504749
0,0,0,0,0,0,0,0,0,0,0,0,0,0,1.8187328503889,7.88939440998842,14.440592721785,21.7356627086228,30.2389577372752,40.9380445472985,56.7957029057171,70.5498566159619,86.5420327275788
0,0,0,0,0,0,0,0,0,0,0,0,0,0,0,0,2.26353417557519,14.4705210730864,28.6992551616853,46.6022516704141,73.1371893962599,96.1522906125942,122.91231959236
0,0,0,0,0,0,0,0,0,0,0,0,0,0,0,0,0,10.9836289991141,31.8123629516574,58.0196663499561,96.8628378434626,130.55349627737,169.726167627558
