"means","lower.10.","lower.20.","lower.30.","lower.40.","lower.50.","lower.60.","lower.70.","lower.80.","lower.90.","lower.95.","lower.98.","upper.10.","upper.20.","upper.30.","upper.40.","upper.50.","upper.60.","upper.70.","upper.80.","upper.90.","upper.95.","upper.98."
374,318.277381174004,261.657068684869,203.135481889698,141.462544265998,74.9077477455052,0.79582570179798,0,0,0,0,0,429.722618825996,486.342931315131,544.864518110302,606.537455734002,673.092252254495,747.204174298202,833.590670852063,942.284609228796,1103.38539951255,1243.11630948189,1405.5836897033
374,295.19631672533,215.123102897393,132.361081160067,45.1423763412405,0,0,0,0,0,0,0,452.80368327467,532.876897102607,615.638918839933,702.85762365876,796.980319539022,901.79040482677,1023.95935985914,1177.67580165926,1405.50672418757,1603.11607214894,1832.87964470129
