"means","lower.10.","lower.20.","lower.30.","lower.40.","lower.50.","lower.60.","lower.70.","lower.80.","lower.90.","lower.95.","lower.98.","upper.10.","upper.20.","upper.30.","upper.40.","upper.50.","upper.60.","upper.70.","upper.80.","upper.90.","upper.95.","upper.98."
199,175.674177018311,151.972574076538,127.47508628878,101.658424113167,73.7981864766846,42.7744906984491,6.61258429351159,0,0,0,0,222.325822981689,246.027425923462,270.52491371122,296.341575886833,324.201813523315,355.225509301551,391.387415706488,436.887351265431,504.325109855055,562.817308170302,630.827129517312
199,166.012304785781,132.493176455544,97.8484969820271,61.3382231980706,21.9378972816203,0,0,0,0,0,0,231.987695214219,265.506823544456,300.151503017973,336.661776801929,376.06210271838,419.936234042897,471.076892522027,535.423518476585,630.794911290074,713.515371440513,809.695783164025
199,158.598489467356,117.546108951382,75.1152154451869,30.3994448751833,0,0,0,0,0,0,0,239.401510532644,280.453891048618,322.884784554813,367.600555124817,415.855902222146,469.59051954861,532.224778740513,611.032978869711,727.838603095504,829.150062423907,946.94652841061
199,152.348354036621,104.945148153076,55.9501725775597,4.31684822633355,0,0,0,0,0,0,0,245.651645963379,293.054851846924,342.04982742244,393.683151773666,449.403627046631,511.451018603102,583.774831412977,674.774702530862,809.650219710109,926.634616340604,1062.65425903462
