"means","lower.10.","lower.20.","lower.30.","lower.40.","lower.50.","lower.60.","lower.70.","lower.80.","lower.90.","lower.95.","lower.98.","upper.10.","upper.20.","upper.30.","upper.40.","upper.50.","upper.60.","upper.70.","upper.80.","upper.90.","upper.95.","upper.98."
538.581746065568,501.696063124974,464.216150327027,425.477685746821,384.653179089902,340.597117577493,291.538603885619,234.354914580121,162.404775964988,55.7638319985591,0,0,575.467429006162,612.947341804109,651.685806384315,692.510313041234,736.566374553643,785.624888245517,842.808577551015,914.758716166148,1021.39966013258,1113.89477523519,1221.44033575074
0,0,0,0,0,0,0,0,0,0,0,0,0,0,20.1067180231565,62.1364618163793,107.493163698072,158.000002119261,216.871890783077,290.946169678702,400.735409520424,495.961201776965,606.681764613232
