"means","lower.10.","lower.20.","lower.30.","lower.40.","lower.50.","lower.60.","lower.70.","lower.80.","lower.90.","lower.95.","lower.98.","upper.10.","upper.20.","upper.30.","upper.40.","upper.50.","upper.60.","upper.70.","upper.80.","upper.90.","upper.95.","upper.98."
374,320.565342056949,266.269849593948,210.151148811965,151.010491109637,87.1884227742061,16.1195231542184,0,0,0,0,0,427.434657943051,481.730150406052,537.848851188035,596.989508890363,660.811577225794,731.880476845782,814.719959115423,918.95094358836,1073.43696388918,1207.43054738528,1363.22704568239
