"means","lower.10.","lower.20.","lower.30.","lower.40.","lower.50.","lower.60.","lower.70.","lower.80.","lower.90.","lower.95.","lower.98.","upper.10.","upper.20.","upper.30.","upper.40.","upper.50.","upper.60.","upper.70.","upper.80.","upper.90.","upper.95.","upper.98."
0.777777777777778,0.673059988731883,0.566655191831278,0.456677389104805,0.340777350521077,0.21570298594771,0.0764267498003494,0,0,0,0,0,0.882495566823673,0.988900363724278,1.09887816645075,1.21477820503448,1.33985256960785,1.47912880575521,1.6414722690226,1.84573741573161,2.14848913357067,2.41108109822782,2.71640100614515
0.777777777777778,0.673059988731883,0.566655191831278,0.456677389104805,0.340777350521077,0.21570298594771,0.0764267498003494,0,0,0,0,0,0.882495566823673,0.988900363724278,1.09887816645075,1.21477820503448,1.33985256960785,1.47912880575521,1.6414722690226,1.84573741573161,2.14848913357067,2.41108109822782,2.71640100614515
0.777777777777778,0.673059988731883,0.566655191831278,0.456677389104805,0.340777350521077,0.21570298594771,0.0764267498003494,0,0,0,0,0,0.882495566823673,0.988900363724278,1.09887816645075,1.21477820503448,1.33985256960785,1.47912880575521,1.6414722690226,1.84573741573161,2.14848913357067,2.41108109822782,2.71640100614515
