"means","lower.10.","lower.20.","lower.30.","lower.40.","lower.50.","lower.60.","lower.70.","lower.80.","lower.90.","lower.95.","lower.98.","upper.10.","upper.20.","upper.30.","upper.40.","upper.50.","upper.60.","upper.70.","upper.80.","upper.90.","upper.95.","upper.98."
3,0,0,0,0,0,0,0,0,0,0,0,7.55126785204036,12.175856814899,16.9557365521198,21.9930098221386,27.4290196900289,33.4822744608382,40.5380821902581,49.4158994549215,62.5741619918339,73.9869923985609,87.2568741841953
3,0,0,0,0,0,0,0,0,0,0,0,9.43646472234813,15.9766211540237,22.7363919049137,29.8601720807538,37.5478509611183,46.1084459544964,56.0868649389389,68.6419945188959,87.2505878558632,103.390767402121,122.157214194452
3,0,0,0,0,0,0,0,0,0,0,0,10.8830271585888,18.8930502063822,27.1720447653175,35.8968580005987,45.3123032822306,55.7968480964309,68.0178655722234,83.3946961349325,106.185475388195,125.953077510813,148.937186973965
