"means","lower.10.","lower.20.","lower.30.","lower.40.","lower.50.","lower.60.","lower.70.","lower.80.","lower.90.","lower.95.","lower.98.","upper.10.","upper.20.","upper.30.","upper.40.","upper.50.","upper.60.","upper.70.","upper.80.","upper.90.","upper.95.","upper.98."
261,243.484439686468,225.686702981533,207.291329527257,187.905376723533,166.984885598559,143.688926653019,116.534641327901,82.3683499104401,31.7287592339077,0,0,278.515560313532,296.313297018467,314.708670472743,334.094623276467,355.015114401441,378.311073346981,405.465358672099,439.63165008956,490.271240766092,534.193533594348,585.262691096367
196,156.834016474944,117.037067357067,75.9037618418113,32.5554535640825,0,0,0,0,0,0,0,235.165983525056,274.962932642933,316.096238158189,359.444546435918,406.224186714041,458.315534517313,519.034362384703,595.432512533212,708.666079638703,806.879312130335,921.073419858493
131,65.4627743693867,0,0,0,0,0,0,0,0,0,0,196.537225630613,263.130258640489,331.959443608146,404.49503711585,482.772347268548,569.93784413911,671.539876408407,799.37843306922,988.854431587276,1153.19660299217,1344.27989339592
66,0,0,0,0,0,0,0,0,0,0,0,161.93667491064,259.418893568943,360.174503515329,466.355740008629,580.941989040979,708.539211172844,857.269357227833,1044.40584238422,1321.77030354787,1562.3426091417,1842.0599047081
