"means","lower.10.","lower.20.","lower.30.","lower.40.","lower.50.","lower.60.","lower.70.","lower.80.","lower.90.","lower.95.","lower.98.","upper.10.","upper.20.","upper.30.","upper.40.","upper.50.","upper.60.","upper.70.","upper.80.","upper.90.","upper.95.","upper.98."
725,703.273847215503,681.197685223077,658.380219664371,634.334047863555,608.384447715353,579.488337385321,545.806391665803,503.426812929638,440.613893200619,386.133052876325,322.787302092254,746.726152784497,768.802314776923,791.619780335629,815.665952136445,841.615552284647,870.511662614679,904.193608334197,946.573187070362,1009.38610679938,1063.86694712367,1127.21269790775
725,694.274580073975,663.05417237914,630.785403127037,596.77898084317,560.080704375423,519.215433246863,471.581968803206,411.648193786863,322.817310813831,245.769767537733,156.185347660193,755.725419926025,786.94582762086,819.214596872963,853.22101915683,889.919295624577,930.784566753137,978.418031196794,1038.35180621314,1127.18268918617,1204.23023246227,1293.81465233981
725,687.369199524248,649.132165317245,609.611155669612,567.96196438307,523.015938490286,472.966407257555,414.627565973573,341.22398239917,232.428814056762,138.065230576039,28.3471717744314,762.630800475752,800.867834682755,840.388844330388,882.03803561693,926.984061509714,977.033592742445,1035.37243402643,1108.77601760083,1217.57118594324,1311.93476942396,1421.65282822557
725,681.547694431007,637.395370446154,591.760439328742,543.668095727111,491.768895430705,433.976674770641,366.612783331606,281.853625859277,156.227786401237,47.2661057526504,0,768.452305568993,812.604629553846,858.239560671258,906.331904272889,958.231104569295,1016.02332522936,1083.38721666839,1168.14637414072,1293.77221359876,1402.73389424735,1529.42539581549
