"means","lower.10.","lower.20.","lower.30.","lower.40.","lower.50.","lower.60.","lower.70.","lower.80.","lower.90.","lower.95.","lower.98.","upper.10.","upper.20.","upper.30.","upper.40.","upper.50.","upper.60.","upper.70.","upper.80.","upper.90.","upper.95.","upper.98."
135,123.953311786367,112.728660974834,101.127093483685,88.9007888429196,75.7066837959275,61.0144221438604,43.8887967981001,22.3408496043569,0,0,0,146.046688213633,157.271339025166,168.872906516315,181.09921115708,194.293316204072,208.98557785614,226.1112032019,247.659150395643,279.596454110528,307.297302146019,339.505524444331
