"means","lower.10.","lower.20.","lower.30.","lower.40.","lower.50.","lower.60.","lower.70.","lower.80.","lower.90.","lower.95.","lower.98.","upper.10.","upper.20.","upper.30.","upper.40.","upper.50.","upper.60.","upper.70.","upper.80.","upper.90.","upper.95.","upper.98."
48.3750000022656,35.4233783660212,22.2631055767048,8.66091914518518,0,0,0,0,0,0,0,0,61.3266216385099,74.4868944278263,88.0890808593459,102.423736518516,117.893083810007,135.118935596375,155.197769675228,180.461527798383,217.906223058861,250.383911920941,288.146244007851
0,0,0,0,0,0,0,0,0,0,0,0,0,4.67779524041352,23.9141917697959,44.1864562149431,66.0634169556278,90.4244501753396,118.820209646293,154.548559020572,207.503354896866,253.433742960153,306.837745144299
0,0,0,0,0,0,0,0,0,0,0,0,0,0,0,0,7.53385320663541,37.3699037042775,72.1474644855963,115.905577145031,180.761691810112,237.014699031648,302.420976818466
