"means","lower.10.","lower.20.","lower.30.","lower.40.","lower.50.","lower.60.","lower.70.","lower.80.","lower.90.","lower.95.","lower.98.","upper.10.","upper.20.","upper.30.","upper.40.","upper.50.","upper.60.","upper.70.","upper.80.","upper.90.","upper.95.","upper.98."
326,306.302957436728,286.288594713991,265.602162341273,243.801778529998,220.275736727339,194.078373543471,163.542147225272,125.120601797522,68.174083668055,18.781471851563,0,345.697042563272,365.711405286009,386.397837658727,408.198221470002,431.724263272661,457.921626456529,488.457852774728,526.879398202478,583.825916331945,633.218528148437,690.648113670207
