"means","lower.10.","lower.20.","lower.30.","lower.40.","lower.50.","lower.60.","lower.70.","lower.80.","lower.90.","lower.95.","lower.98.","upper.10.","upper.20.","upper.30.","upper.40.","upper.50.","upper.60.","upper.70.","upper.80.","upper.90.","upper.95.","upper.98."
3.19999999997254,2.70865145709894,2.20938726914936,1.6933581053326,1.14954109395404,0.562677034428944,0,0,0,0,0,0,3.69134854284615,4.19061273079573,4.70664189461249,5.25045890599105,5.83732296551614,6.49082392568188,7.25255910791085,8.21099590370061,9.63154361357926,10.8636568999671,12.2962548685867
3.19999999997254,2.70865145709894,2.20938726914936,1.6933581053326,1.14954109395404,0.562677034428944,0,0,0,0,0,0,3.69134854284615,4.19061273079573,4.70664189461249,5.25045890599105,5.83732296551614,6.49082392568188,7.25255910791085,8.21099590370061,9.63154361357926,10.8636568999671,12.2962548685867
3.19999999997254,2.70865145709894,2.20938726914936,1.6933581053326,1.14954109395404,0.562677034428944,0,0,0,0,0,0,3.69134854284615,4.19061273079573,4.70664189461249,5.25045890599105,5.83732296551614,6.49082392568188,7.25255910791085,8.21099590370061,9.63154361357926,10.8636568999671,12.2962548685867
3.19999999997254,2.70865145709894,2.20938726914936,1.6933581053326,1.14954109395404,0.562677034428944,0,0,0,0,0,0,3.69134854284615,4.19061273079573,4.70664189461249,5.25045890599105,5.83732296551614,6.49082392568188,7.25255910791085,8.21099590370061,9.63154361357926,10.8636568999671,12.2962548685867
