"means","lower.10.","lower.20.","lower.30.","lower.40.","lower.50.","lower.60.","lower.70.","lower.80.","lower.90.","lower.95.","lower.98.","upper.10.","upper.20.","upper.30.","upper.40.","upper.50.","upper.60.","upper.70.","upper.80.","upper.90.","upper.95.","upper.98."
431,386.32584319887,340.931983908671,294.013827515081,244.569157759141,191.210584916245,131.793283720251,62.5351624428092,0,0,0,0,475.67415680113,521.068016091329,567.986172484919,617.430842240859,670.789415083755,730.206716279749,799.464837557191,886.607368699486,1015.76572696683,1127.7913408639,1258.04532698299
