"means","lower.10.","lower.20.","lower.30.","lower.40.","lower.50.","lower.60.","lower.70.","lower.80.","lower.90.","lower.95.","lower.98.","upper.10.","upper.20.","upper.30.","upper.40.","upper.50.","upper.60.","upper.70.","upper.80.","upper.90.","upper.95.","upper.98."
31.7589075096894,0,0,0,0,0,0,0,0,0,0,0,66.3272648647351,101.452519867389,137.757258731817,176.016985066088,217.305245350427,263.28168112198,316.872832192058,384.30273737773,484.244014475623,570.928167717758,671.717229257913
