"means","lower.10.","lower.20.","lower.30.","lower.40.","lower.50.","lower.60.","lower.70.","lower.80.","lower.90.","lower.95.","lower.98.","upper.10.","upper.20.","upper.30.","upper.40.","upper.50.","upper.60.","upper.70.","upper.80.","upper.90.","upper.95.","upper.98."
122,116.597698676891,111.108366059018,105.434705121415,99.4555210926657,93.0030414196511,85.8178993184681,77.4427386662212,66.904874160245,51.2861715428845,37.7392763015873,21.9880829509501,127.402301323109,132.891633940982,138.565294878585,144.544478907334,150.996958580349,158.182100681532,166.557261333779,177.095125839755,192.713828457116,206.260723698413,222.01191704905
122,114.359992200834,106.59690356426,98.5731353179961,90.1172921726136,80.9921079080998,70.8307825010288,58.9865167195677,44.0837258167661,21.9955447486227,2.83734177033269,0,129.640007799166,137.40309643574,145.426864682004,153.882707827386,163.0078920919,173.169217498971,185.013483280432,199.916274183234,222.004455251377,241.162658229667,263.438209489699
122,112.642939630579,103.135136636777,93.308067627931,82.9518171023321,71.7757944738655,59.3307632950143,44.8245595237709,26.5724427961435,0,0,0,131.357060369421,140.864863363223,150.691932372069,161.048182897668,172.224205526135,184.669236704986,199.175440476229,217.427557203857,244.479943685434,267.943854528174,295.225721691318
122,111.195397353783,100.216732118036,88.8694102428308,76.9110421853314,64.0060828393023,49.6357986369362,32.8854773324424,11.80974832049,0,0,0,132.804602646217,143.783267881964,155.130589757169,167.088957814669,179.993917160698,194.364201363064,211.114522667558,232.19025167951,263.427656914231,290.521447396825,322.0238340981
