"means","lower.10.","lower.20.","lower.30.","lower.40.","lower.50.","lower.60.","lower.70.","lower.80.","lower.90.","lower.95.","lower.98.","upper.10.","upper.20.","upper.30.","upper.40.","upper.50.","upper.60.","upper.70.","upper.80.","upper.90.","upper.95.","upper.98."
774,751.41596737659,728.468105066038,704.749668043489,679.754008029294,652.779760810999,622.742657378274,587.730744846189,543.677764171815,478.384610689801,421.752537471913,355.905513544017,796.58403262341,819.531894933962,843.250331956511,868.245991970706,895.220239189001,925.257342621726,960.269255153811,1004.32223582818,1069.6153893102,1126.24746252809,1192.09448645598
774,742.061354770897,709.608176663844,676.065241348263,640.716039955721,602.568693704804,560.089814655842,510.575493108346,448.275170375687,355.936707191314,275.846861181271,182.725106900535,805.938645229103,838.391823336156,871.934758651737,907.283960044279,945.431306295196,987.910185344158,1037.42450689165,1099.72482962431,1192.06329280869,1272.15313881873,1365.27489309947
774,734.88330805646,695.13644460949,654.054906610312,610.761153497009,564.040386818998,512.014597561318,451.372186185588,375.070185432723,261.979126215482,163.889498064139,49.83910709382,813.11669194354,852.86355539051,893.945093389688,937.238846502991,983.959613181002,1035.98540243868,1096.62781381441,1172.92981456728,1286.02087378452,1384.11050193586,1498.16089290618
774,728.83193475318,682.936210132076,635.499336086978,585.508016058588,531.559521621998,471.485314756549,401.461489692378,313.355528343631,182.769221379603,69.5050749438262,0,819.16806524682,865.063789867924,912.500663913022,962.491983941412,1016.440478378,1076.51468524345,1146.53851030762,1234.64447165637,1365.2307786204,1478.49492505617,1610.18897291197
