"means","lower.10.","lower.20.","lower.30.","lower.40.","lower.50.","lower.60.","lower.70.","lower.80.","lower.90.","lower.95.","lower.98.","upper.10.","upper.20.","upper.30.","upper.40.","upper.50.","upper.60.","upper.70.","upper.80.","upper.90.","upper.95.","upper.98."
2.36363636363636,1.84165683400175,1.3112681928445,0.763069436353831,0.185350519866272,0,0,0,0,0,0,0,2.88561589327097,3.41600453442822,3.9642032909189,4.54192220740645,5.16537175293439,5.85961238669735,6.66883463410777,7.68702100121282,9.1961265764312,10.5050506040145,12.0269576589172
2.36363636363636,1.84165683400175,1.3112681928445,0.763069436353831,0.185350519866272,0,0,0,0,0,0,0,2.88561589327097,3.41600453442822,3.9642032909189,4.54192220740645,5.16537175293439,5.85961238669735,6.66883463410777,7.68702100121282,9.1961265764312,10.5050506040145,12.0269576589172
