"means","lower.10.","lower.20.","lower.30.","lower.40.","lower.50.","lower.60.","lower.70.","lower.80.","lower.90.","lower.95.","lower.98.","upper.10.","upper.20.","upper.30.","upper.40.","upper.50.","upper.60.","upper.70.","upper.80.","upper.90.","upper.95.","upper.98."
541.123979574598,516.421699499543,491.321464684461,465.378379849106,438.038276129477,408.534005536571,375.6796010991,337.383780164338,289.198892863416,217.781631332169,155.837807694171,83.8147259753781,565.826259649654,590.926494464735,616.869579300091,644.209683019719,673.713953612625,706.568358050097,744.864178984858,793.04906628578,864.466327817027,926.410151455025,998.433233173818
651.639521097038,621.283389818102,590.438220025531,558.557288927277,524.959589639152,488.70238954725,448.32827787963,401.267319773818,342.053888458035,254.290663361507,178.169154069208,89.661448823935,681.995652375973,712.840822168544,744.721753266798,778.319452554923,814.576652646825,854.950764314445,902.011722420257,961.22515373604,1048.98837883257,1125.10988812487,1213.61759337014
651.639521097038,621.283389818102,590.438220025531,558.557288927277,524.959589639152,488.70238954725,448.32827787963,401.267319773818,342.053888458035,254.290663361507,178.169154069208,89.661448823935,681.995652375973,712.840822168544,744.721753266798,778.319452554923,814.576652646825,854.950764314445,902.011722420257,961.22515373604,1048.98837883257,1125.10988812487,1213.61759337014
