"means","lower.10.","lower.20.","lower.30.","lower.40.","lower.50.","lower.60.","lower.70.","lower.80.","lower.90.","lower.95.","lower.98.","upper.10.","upper.20.","upper.30.","upper.40.","upper.50.","upper.60.","upper.70.","upper.80.","upper.90.","upper.95.","upper.98."
527.008070815865,481.558339674416,435.376411509628,387.643723386746,337.340659877591,283.055745209886,222.60691846359,152.146428175345,63.491042265466,0,0,0,572.457801957314,618.639730122102,666.372418244985,716.67548175414,770.960396421845,831.40922316814,901.869713456386,990.525099366264,1121.92573629498,1235.89619253085,1368.41147817054
