"means","lower.10.","lower.20.","lower.30.","lower.40.","lower.50.","lower.60.","lower.70.","lower.80.","lower.90.","lower.95.","lower.98.","upper.10.","upper.20.","upper.30.","upper.40.","upper.50.","upper.60.","upper.70.","upper.80.","upper.90.","upper.95.","upper.98."
161.354073676506,127.209807059427,92.5154749138333,56.6561290236377,18.8657797965526,0,0,0,0,0,0,0,195.498340293586,230.192672439179,266.052018329375,303.84236755646,344.62409614207,390.036484846673,442.970170172217,509.572833323867,608.288013111946,693.908709790587,793.461273251054
