"means","lower.10.","lower.20.","lower.30.","lower.40.","lower.50.","lower.60.","lower.70.","lower.80.","lower.90.","lower.95.","lower.98.","upper.10.","upper.20.","upper.30.","upper.40.","upper.50.","upper.60.","upper.70.","upper.80.","upper.90.","upper.95.","upper.98."
50,33.4663778370814,16.6663983464368,0,0,0,0,0,0,0,0,0,66.5336221629186,83.3336016535632,100.697713836934,118.996872595636,138.744542069605,160.734508489968,186.36650002396,218.617398247754,266.418087677243,307.878057050326,356.084231400604
