"means","lower.10.","lower.20.","lower.30.","lower.40.","lower.50.","lower.60.","lower.70.","lower.80.","lower.90.","lower.95.","lower.98.","upper.10.","upper.20.","upper.30.","upper.40.","upper.50.","upper.60.","upper.70.","upper.80.","upper.90.","upper.95.","upper.98."
327,319.117616801027,311.108248087066,302.829929834079,294.105829323398,284.691153183672,274.207464845457,261.987445697028,246.611871258104,223.822953769512,204.056966450093,181.074734544637,334.882383198973,342.891751912934,351.170070165921,359.894170676602,369.308846816328,379.792535154543,392.012554302972,407.388128741896,430.177046230488,449.943033549907,472.925265455363
327,315.852626776191,304.52566891486,292.818358967845,280.480617706134,267.166255023983,252.340080792387,235.05836398022,213.314018079416,181.085621895248,153.132294554431,120.630510500132,338.147373223809,349.47433108514,361.181641032155,373.519382293866,386.833744976017,401.659919207613,418.94163601978,440.685981920584,472.914378104752,500.867705445569,533.369489499868
327,313.347311814652,299.474678265518,285.13621045012,270.025625115283,253.718927704471,235.560646851965,214.394952817422,187.763676693648,148.292113753911,114.056419454916,74.2500261233358,340.652688185348,354.525321734482,368.86378954988,383.974374884717,400.281072295529,418.439353148035,439.605047182578,466.236323306352,505.707886246089,539.943580545084,579.749973876664
327,311.235233602055,295.216496174132,278.659859668158,261.211658646796,242.382306367344,221.414929690914,196.974891394057,166.223742516207,120.645907539023,81.1139329001857,35.1494690892741,342.764766397945,358.783503825868,375.340140331842,392.788341353204,411.617693632656,432.585070309086,457.025108605943,487.776257483793,533.354092460977,572.886067099814,618.850530910726
