"means","lower.10.","lower.20.","lower.30.","lower.40.","lower.50.","lower.60.","lower.70.","lower.80.","lower.90.","lower.95.","lower.98.","upper.10.","upper.20.","upper.30.","upper.40.","upper.50.","upper.60.","upper.70.","upper.80.","upper.90.","upper.95.","upper.98."
294,278.305429728476,262.358019289436,245.875104887549,228.504595859447,209.759085456219,188.88507068486,164.553857090807,133.939634538394,88.5647450020321,49.2087952670463,3.44899844777456,309.694570271524,325.641980710564,342.124895112451,359.495404140553,378.240914543781,399.11492931514,423.446142909193,454.060365461606,499.435254997968,538.791204732954,584.551001552225
