"means","lower.10.","lower.20.","lower.30.","lower.40.","lower.50.","lower.60.","lower.70.","lower.80.","lower.90.","lower.95.","lower.98.","upper.10.","upper.20.","upper.30.","upper.40.","upper.50.","upper.60.","upper.70.","upper.80.","upper.90.","upper.95.","upper.98."
81,37.1836332119526,0,0,0,0,0,0,0,0,0,0,124.816366788047,169.338617033049,215.355896300611,263.85117726102,316.185210321312,374.46163788432,442.389931605729,527.859236026334,654.537620237958,764.412226490092,892.165201365593
81,19.0342998344293,0,0,0,0,0,0,0,0,0,0,142.965700165571,205.92967028942,271.007930733118,339.590614778421,413.602114105969,496.017428332228,592.082542581908,712.954392060122,892.104681071709,1047.49083939388,1228.16082909632
81,5.10782652002834,0,0,0,0,0,0,0,0,0,0,156.892173479972,234.00697297161,313.711238689114,397.707529239869,488.352733465285,589.290466888022,706.945722884965,854.982900629024,1074.39629830429,1264.70469879461,1485.97934209705
81,0,0,0,0,0,0,0,0,0,0,0,168.632733576095,257.677234066097,349.711792601223,446.702354522039,551.370420642625,667.923275768641,803.779863211459,974.718472052668,1228.07524047592,1447.82445298018,1703.33040273119
