"means","lower.10.","lower.20.","lower.30.","lower.40.","lower.50.","lower.60.","lower.70.","lower.80.","lower.90.","lower.95.","lower.98.","upper.10.","upper.20.","upper.30.","upper.40.","upper.50.","upper.60.","upper.70.","upper.80.","upper.90.","upper.95.","upper.98."
325.6,299.076610042129,272.125927189707,244.270257441508,214.914577308296,183.235182856429,147.9586748547,106.839596400272,55.102406469818,0,0,0,352.123389957871,379.074072810293,406.929742558492,436.285422691704,467.964817143571,503.2413251453,544.360403599728,596.097593530182,672.779902675778,739.290369921725,816.623161736524
