"means","lower.10.","lower.20.","lower.30.","lower.40.","lower.50.","lower.60.","lower.70.","lower.80.","lower.90.","lower.95.","lower.98.","upper.10.","upper.20.","upper.30.","upper.40.","upper.50.","upper.60.","upper.70.","upper.80.","upper.90.","upper.95.","upper.98."
26.3333333327241,24.2646750725929,22.1626906434761,19.9901229058065,17.7005637549666,15.2297694442506,12.4784228108726,9.27139228314424,5.23621557776799,0,0,0,28.4019915928553,30.5039760219721,32.6765437596417,34.9661029104816,37.4368972211976,40.1882438545756,43.395274382304,47.4304510876802,53.4111908223798,58.5985906107196,64.6300639186486
14.6666666654482,11.7411420980556,8.76848721050144,5.69601245071495,2.45808684774175,0,0,0,0,0,0,0,17.5921912328409,20.564846120395,23.6373208801815,26.8752464831547,30.3694773072035,34.2604690309163,38.7958950981743,44.5024967214894,52.9605399673252,60.2966311014467,68.8264224546112
