"means","lower.10.","lower.20.","lower.30.","lower.40.","lower.50.","lower.60.","lower.70.","lower.80.","lower.90.","lower.95.","lower.98.","upper.10.","upper.20.","upper.30.","upper.40.","upper.50.","upper.60.","upper.70.","upper.80.","upper.90.","upper.95.","upper.98."
110,104.301504846237,98.5112067030097,92.5264740079403,86.2194672022399,79.4132152093813,71.8341308536918,62.9997823909968,51.8841547673664,35.4091201756478,21.1194846547894,4.5046952148423,115.698495153763,121.48879329699,127.47352599206,133.78053279776,140.586784790619,148.165869146308,157.000217609003,168.115845232634,184.590879824352,198.880515345211,215.495304785158
77,64.257777466732,51.3102772084858,37.9280080751451,23.8251121230451,8.60586999501993,0,0,0,0,0,0,89.742222533268,102.689722791514,116.071991924855,130.174887876955,145.39413000498,162.341477831507,182.095681531014,206.950980510026,243.790277788769,275.742874187104,312.894672806671
44,22.6781835144258,1.01287169519741,0,0,0,0,0,0,0,0,0,65.3218164855742,86.9871283048026,109.379947601177,132.978606204159,158.445269249483,186.803606213932,219.858711396709,261.449581603295,323.093516480755,376.560436781682,438.727286419354
