"means","lower.10.","lower.20.","lower.30.","lower.40.","lower.50.","lower.60.","lower.70.","lower.80.","lower.90.","lower.95.","lower.98.","upper.10.","upper.20.","upper.30.","upper.40.","upper.50.","upper.60.","upper.70.","upper.80.","upper.90.","upper.95.","upper.98."
0,0,0,0,0,0,0,0,0,0,0,0,0.716380250524157,1.44430141611732,2.19666571436236,2.9895443592694,3.84518508128607,4.79798160088771,5.90858231110214,7.30597160193811,9.3771130330956,11.1735193470627,13.2622299101549
0,0,0,0,0,0,0,0,0,0,0,0,1.0131146661075,2.04255065082778,3.10655444525124,4.22785417819477,5.43791289178945,6.78537065199197,8.35599723875841,10.3322041257736,13.2612404273093,15.8017426000542,18.7556254062512
0,0,0,0,0,0,0,0,0,0,0,0,1.24080699144676,2.50160343415888,3.8047366245202,5.17804272173555,6.66005592529333,8.31034790651817,10.2339647635316,12.6543140132122,16.2416362016379,19.3531032084664,22.970856026048
0,0,0,0,0,0,0,0,0,0,0,0,1.43276050104831,2.88860283223464,4.39333142872473,5.9790887185388,7.69037016257213,9.59596320177542,11.8171646222043,14.6119432038762,18.7542260661912,22.3470386941254,26.5244598203098
