"means","lower.10.","lower.20.","lower.30.","lower.40.","lower.50.","lower.60.","lower.70.","lower.80.","lower.90.","lower.95.","lower.98.","upper.10.","upper.20.","upper.30.","upper.40.","upper.50.","upper.60.","upper.70.","upper.80.","upper.90.","upper.95.","upper.98."
27,0,0,0,0,0,0,0,0,0,0,0,59.2460180717713,92.0115208105302,125.877268421543,161.566665349623,200.081136072267,242.968825630033,292.959665754246,355.859557665877,449.086672692336,529.947291647204,623.965236048786
