"means","lower.10.","lower.20.","lower.30.","lower.40.","lower.50.","lower.60.","lower.70.","lower.80.","lower.90.","lower.95.","lower.98.","upper.10.","upper.20.","upper.30.","upper.40.","upper.50.","upper.60.","upper.70.","upper.80.","upper.90.","upper.95.","upper.98."
527,481.117086358733,434.494997106377,386.307367564815,335.524864326267,280.722558808328,219.697592814925,148.565541869335,59.0651793066511,0,0,0,572.882913641267,619.505002893623,667.692632435185,718.475135673733,773.277441191672,834.302407185075,905.434458130665,994.934820693349,1127.58784030845,1242.64455175195,1376.42284382217
527,462.111761247326,396.178170320477,328.030571084188,256.213266272979,178.711102560196,92.4087680089682,0,0,0,0,0,591.888238752674,657.821829679523,725.969428915812,797.786733727022,875.288897439804,961.591231991032,1062.1871431577,1188.75976973116,1376.35946916057,1539.07423092602,1728.26530592284
527,447.52846237403,366.77663503394,283.313212371646,195.355336626951,100.434959097968,0,0,0,0,0,0,606.47153762597,687.22336496606,770.686787628354,858.644663373049,953.565040902032,1059.26338253277,1182.46770881711,1337.48688407151,1567.24865382229,1766.53272379423,1998.24352260965
