"means","lower.10.","lower.20.","lower.30.","lower.40.","lower.50.","lower.60.","lower.70.","lower.80.","lower.90.","lower.95.","lower.98.","upper.10.","upper.20.","upper.30.","upper.40.","upper.50.","upper.60.","upper.70.","upper.80.","upper.90.","upper.95.","upper.98."
471,451.359773432754,431.403142014059,410.776379526081,389.038878785502,365.580697703216,339.458900649532,309.010755885078,270.700037164705,213.91778091046,164.667641773695,107.403711532018,490.640226567246,510.596857985941,531.223620473919,552.961121214498,576.419302296784,602.541099350468,632.989244114922,671.299962835295,728.08221908954,777.332358226305,834.596288467982
471,443.224525220521,415.00158640892,385.830939150574,355.089470791152,321.914592955979,284.972793289101,241.912614014111,187.733076015498,107.430839118601,37.7806244026267,0,498.775474779479,526.99841359108,556.169060849426,586.910529208848,620.085407044021,657.027206710899,700.087385985889,754.266923984502,834.569160881399,904.219375597373,985.202802379941
471,436.982129713366,402.41623014826,366.689629523427,329.039173811179,288.408412323508,243.164132641524,190.426398913277,124.070287615111,25.7205348143626,0,0,505.017870286634,539.58376985174,575.310370476573,612.960826188821,653.591587676492,698.835867358476,751.573601086723,817.929712384889,916.279465185637,1001.58320845035,1100.76724507001
471,431.719546865508,391.806284028117,350.552759052162,307.077757571004,260.161395406432,207.917801299064,147.021511770155,70.4000743294093,0,0,0,510.280453134492,550.193715971883,591.447240947838,634.922242428996,681.838604593568,734.082198700936,794.978488229845,871.599925670591,985.164438179081,1083.66471645261,1198.19257693596
