"means","lower.10.","lower.20.","lower.30.","lower.40.","lower.50.","lower.60.","lower.70.","lower.80.","lower.90.","lower.95.","lower.98.","upper.10.","upper.20.","upper.30.","upper.40.","upper.50.","upper.60.","upper.70.","upper.80.","upper.90.","upper.95.","upper.98."
198,175.704682485891,153.050186496834,129.63496685143,104.958852280398,78.3294448373466,48.676336847123,14.1120179012724,0,0,0,0,220.295317514109,242.949813503166,266.36503314857,291.041147719602,317.670555162653,347.323663152877,381.887982098728,425.377787836962,489.83623122718,545.744317924072,610.749551059884
