"means","lower.10.","lower.20.","lower.30.","lower.40.","lower.50.","lower.60.","lower.70.","lower.80.","lower.90.","lower.95.","lower.98.","upper.10.","upper.20.","upper.30.","upper.40.","upper.50.","upper.60.","upper.70.","upper.80.","upper.90.","upper.95.","upper.98."
37.3899123995338,33.0944337685628,28.7297548015627,24.2185126735832,19.4643429799609,14.3338463833251,8.62079512790885,1.96153614529884,0,0,0,0,41.6853910305049,46.050069997505,50.5613121254845,55.3154818191068,60.4459784157425,66.1590296711588,72.8182886537688,81.1971570459975,93.6159021925123,104.38731155024,116.91140274829
30.0423744936239,25.6464616935262,21.1797305588365,16.5630094158793,11.6976807283272,6.44722609973316,0.60059588715983,0,0,0,0,0,34.4382872937216,38.9050184284112,43.5217395713685,48.3870682589206,53.6375228875146,59.484153100088,66.299114671484,74.87389247393,87.5830048780985,98.6062645282164,111.42318611878
