"means","lower.10.","lower.20.","lower.30.","lower.40.","lower.50.","lower.60.","lower.70.","lower.80.","lower.90.","lower.95.","lower.98.","upper.10.","upper.20.","upper.30.","upper.40.","upper.50.","upper.60.","upper.70.","upper.80.","upper.90.","upper.95.","upper.98."
273.4,260.637799408658,247.669999245007,234.266748548269,220.141741188712,204.898637375468,187.924718430896,168.139542848134,143.245274167788,106.348217921289,74.34552423225,37.1354766856656,286.162200591342,299.130000754993,312.533251451731,326.658258811288,341.901362624532,358.875281569104,378.660457151866,403.554725832212,440.451782078711,472.45447576775,509.664523314334
273.4,260.637799408658,247.669999245007,234.266748548269,220.141741188712,204.898637375468,187.924718430896,168.139542848134,143.245274167788,106.348217921289,74.34552423225,37.1354766856656,286.162200591342,299.130000754993,312.533251451731,326.658258811288,341.901362624532,358.875281569104,378.660457151866,403.554725832212,440.451782078711,472.45447576775,509.664523314334
