"means","lower.10.","lower.20.","lower.30.","lower.40.","lower.50.","lower.60.","lower.70.","lower.80.","lower.90.","lower.95.","lower.98.","upper.10.","upper.20.","upper.30.","upper.40.","upper.50.","upper.60.","upper.70.","upper.80.","upper.90.","upper.95.","upper.98."
65,58.1769895194498,51.2440600616338,44.0783272146413,36.5267241378578,28.3773570808601,19.3026504089255,8.72497147381359,0,0,0,0,71.8230104805502,78.7559399383662,85.9216727853587,93.4732758621422,101.62264291914,110.697349591074,121.275028526186,134.584163960624,154.310307557059,171.419795288687,191.313272324643
26,10.7432847542962,0,0,0,0,0,0,0,0,0,0,41.2567152457038,56.759216796591,72.7822825510695,89.668180369854,107.890719082898,128.182380077215,151.834789220293,181.594920773447,225.703918788997,263.961896417117,308.445063378344
0,0,0,0,0,0,0,0,0,0,0,0,12.5293675645867,38.4700142824064,65.2817315210048,93.5372429552366,124.029382401584,157.983825653435,197.56187617592,247.360101085758,321.168571985922,385.186413140888,459.620988441088
0,0,0,0,0,0,0,0,0,0,0,0,0,23.3443860392937,62.5927212528292,103.954554757627,148.590476422697,198.29469189231,256.23102548039,329.128162463719,437.172700667252,530.885224446961,639.846285644998
