"means","lower.10.","lower.20.","lower.30.","lower.40.","lower.50.","lower.60.","lower.70.","lower.80.","lower.90.","lower.95.","lower.98.","upper.10.","upper.20.","upper.30.","upper.40.","upper.50.","upper.60.","upper.70.","upper.80.","upper.90.","upper.95.","upper.98."
326,303.244016263043,280.121432699489,256.222407394695,231.036434532261,203.856809827863,173.591008825085,138.312521343889,93.9241285131341,28.1338436890155,0,0,348.755983736957,371.878567300511,395.777592605305,420.963565467739,448.143190172137,478.408991174915,513.687478656111,558.075871486866,623.866156310984,680.929416828973,747.277789177541
326,293.818179174054,261.11790790137,227.319582187833,191.701237784218,153.263443907048,110.461137652834,60.5698221969174,0,0,0,0,358.181820825946,390.88209209863,424.680417812167,460.298762215781,498.736556092952,541.538862347166,591.430177803083,654.204844956281,747.246358026939,827.945994964708,921.776762981432
326,286.585479991379,246.535990457046,205.141664377769,161.518279741983,114.441788823311,62.019883754731,0.915751023117025,0,0,0,0,365.414520008621,405.464009542954,446.858335622231,490.481720258017,537.558211176689,589.980116245269,651.084248976883,727.967200626077,841.919316585878,940.755783048574,1055.67453495579
326,280.488032526086,234.242865398977,186.44481478939,136.072869064522,81.7136196557259,21.1820176501705,0,0,0,0,0,371.511967473914,417.757134601023,465.55518521061,515.927130935478,570.286380344274,630.81798234983,701.374957312221,790.151742973732,921.732312621969,1035.85883365795,1168.55557835508
