"means","lower.10.","lower.20.","lower.30.","lower.40.","lower.50.","lower.60.","lower.70.","lower.80.","lower.90.","lower.95.","lower.98.","upper.10.","upper.20.","upper.30.","upper.40.","upper.50.","upper.60.","upper.70.","upper.80.","upper.90.","upper.95.","upper.98."
0,0,0,0,0,0,0,0,0,0,0,0,2.89601421641269,5.83868334002838,8.88016543287612,12.0854294331898,15.5444132525914,19.396155765169,23.8858320832776,29.534870075549,37.9075953488166,45.169685865544,53.6134355086429
0,0,0,0,0,0,0,0,0,0,0,0,4.09558258167612,8.25714516586997,12.5584503912901,17.0913782115201,21.9831200409468,27.4303065410031,33.7796676807376,41.7686138237686,53.6094354592477,63.8795823591846,75.820847621738
0,0,0,0,0,0,0,0,0,0,0,0,5.01604376226855,10.1128961942351,15.3808977093583,20.9325778095731,26.9237135273353,33.5951272567927,41.3714747492956,51.1558955657964,65.6578811369121,78.236190881048,92.8611942692868
