"means","lower.10.","lower.20.","lower.30.","lower.40.","lower.50.","lower.60.","lower.70.","lower.80.","lower.90.","lower.95.","lower.98.","upper.10.","upper.20.","upper.30.","upper.40.","upper.50.","upper.60.","upper.70.","upper.80.","upper.90.","upper.95.","upper.98."
1.90000000000047,1.57853173750908,1.25188460819091,0.914268874730332,0.55847274528888,0.174512779862249,0,0,0,0,0,0,2.22146826249186,2.54811539181002,2.8857311252706,3.24152725471205,3.62548722013868,4.05304484954022,4.55141548492989,5.17847954346645,6.10788293888526,6.91400177878493,7.85128914129023
1.90000000000047,1.57853173750908,1.25188460819091,0.914268874730332,0.55847274528888,0.174512779862249,0,0,0,0,0,0,2.22146826249186,2.54811539181002,2.8857311252706,3.24152725471205,3.62548722013868,4.05304484954022,4.55141548492989,5.17847954346645,6.10788293888526,6.91400177878493,7.85128914129023
