"means","lower.10.","lower.20.","lower.30.","lower.40.","lower.50.","lower.60.","lower.70.","lower.80.","lower.90.","lower.95.","lower.98.","upper.10.","upper.20.","upper.30.","upper.40.","upper.50.","upper.60.","upper.70.","upper.80.","upper.90.","upper.95.","upper.98."
4161.19851519462,4109.08052580858,4056.12291348676,4001.38701801549,3943.70362882455,3881.45418233896,3812.13647172462,3731.33821411668,3629.67555636659,3478.99618316068,3348.30429831899,3196.34673824093,4213.31650458067,4266.27411690249,4321.01001237376,4378.6934015647,4440.94284805029,4510.26055866463,4591.05881627257,4692.72147402266,4843.40084722857,4974.09273207026,5126.05029214832
