"means","lower.10.","lower.20.","lower.30.","lower.40.","lower.50.","lower.60.","lower.70.","lower.80.","lower.90.","lower.95.","lower.98.","upper.10.","upper.20.","upper.30.","upper.40.","upper.50.","upper.60.","upper.70.","upper.80.","upper.90.","upper.95.","upper.98."
49,24.1963177793871,0,0,0,0,0,0,0,0,0,0,73.8036822206129,99.0069527739546,125.056533222537,152.508867277523,182.134252048235,215.123522866092,253.576547038646,301.959231908898,373.669659234035,435.867760477252,508.186494864291
49,13.9222962068169,0,0,0,0,0,0,0,0,0,0,84.0777037931831,119.720510825877,156.560180790391,195.38364392975,237.280264863013,283.934139066424,338.31492736551,406.738376493045,508.152235379824,596.113633711836,698.387768695644
49,6.03876217910565,0,0,0,0,0,0,0,0,0,0,91.9612378208944,135.614582936187,180.733779788984,228.282617158574,279.595288775225,336.734381936401,403.336973507939,487.138241909811,611.344345469423,719.074616956987,844.334339254417
49,0,0,0,0,0,0,0,0,0,0,0,98.6073644412258,149.013905547909,201.113066445073,256.017734555047,315.268504096471,381.247045732183,458.153094077292,554.918463817797,698.339318468071,822.735520954504,967.372989728582
