"means","lower.10.","lower.20.","lower.30.","lower.40.","lower.50.","lower.60.","lower.70.","lower.80.","lower.90.","lower.95.","lower.98.","upper.10.","upper.20.","upper.30.","upper.40.","upper.50.","upper.60.","upper.70.","upper.80.","upper.90.","upper.95.","upper.98."
0,0,0,0,0,0,0,0,0,0,0,0,0.892992863058317,1.80037187758053,2.73822010589381,3.72657087443507,4.79315675189874,5.98085070539415,7.36525306322485,9.10714734732553,11.6888970745895,13.9281799363822,16.5318301968007
