"means","lower.10.","lower.20.","lower.30.","lower.40.","lower.50.","lower.60.","lower.70.","lower.80.","lower.90.","lower.95.","lower.98.","upper.10.","upper.20.","upper.30.","upper.40.","upper.50.","upper.60.","upper.70.","upper.80.","upper.90.","upper.95.","upper.98."
44,12.9153252307432,0,0,0,0,0,0,0,0,0,0,75.0846747692568,106.670124917507,139.316194517884,173.72023453768,210.847603059857,252.19068853915,300.381103964843,361.015650492188,450.885182408455,528.83359874496,619.46547824377
