"means","lower.10.","lower.20.","lower.30.","lower.40.","lower.50.","lower.60.","lower.70.","lower.80.","lower.90.","lower.95.","lower.98.","upper.10.","upper.20.","upper.30.","upper.40.","upper.50.","upper.60.","upper.70.","upper.80.","upper.90.","upper.95.","upper.98."
1465,1447.64229440423,1430.004955463,1411.77536582796,1392.5641241984,1371.83217390014,1348.74616410602,1321.83660015831,1287.97822411394,1237.79501040456,1194.268556534,1143.65964736544,1482.35770559577,1499.995044537,1518.22463417204,1537.4358758016,1558.16782609986,1581.25383589398,1608.16339984169,1642.02177588606,1692.20498959544,1735.731443466,1786.34035263456
