"means","lower.10.","lower.20.","lower.30.","lower.40.","lower.50.","lower.60.","lower.70.","lower.80.","lower.90.","lower.95.","lower.98.","upper.10.","upper.20.","upper.30.","upper.40.","upper.50.","upper.60.","upper.70.","upper.80.","upper.90.","upper.95.","upper.98."
218,209.718565359092,201.303716468181,192.60630227019,183.440537760119,173.549236722303,162.53480395787,149.696137359987,133.54216316612,109.599539982889,88.8328850300919,64.6871607455837,226.281434640908,234.696283531819,243.39369772981,252.559462239881,262.450763277697,273.46519604213,286.303862640013,302.45783683388,326.400460017111,347.167114969908,371.312839254416
