"means","lower.10.","lower.20.","lower.30.","lower.40.","lower.50.","lower.60.","lower.70.","lower.80.","lower.90.","lower.95.","lower.98.","upper.10.","upper.20.","upper.30.","upper.40.","upper.50.","upper.60.","upper.70.","upper.80.","upper.90.","upper.95.","upper.98."
611,587.700135069651,564.024908364484,539.554682510686,513.766750307117,485.937516827679,454.948345648572,418.826681880464,373.377380747759,306.014670005368,247.587564505411,179.653427623449,634.299864930349,657.975091635516,682.445317489314,708.233249692883,736.062483172321,767.051654351428,803.173318119536,848.622619252241,915.985329994632,974.412435494589,1042.34657237655
