"means","lower.10.","lower.20.","lower.30.","lower.40.","lower.50.","lower.60.","lower.70.","lower.80.","lower.90.","lower.95.","lower.98.","upper.10.","upper.20.","upper.30.","upper.40.","upper.50.","upper.60.","upper.70.","upper.80.","upper.90.","upper.95.","upper.98."
585,554.791184281327,524.095703308705,492.369487486362,458.934834794941,422.85358761667,382.675407862301,335.842832330873,276.916758443123,189.57944034234,113.827341851647,25.7491564969658,615.208815718673,645.904296691295,677.630512513638,711.065165205059,747.14641238333,787.324592137699,834.157167669127,893.083241556877,980.42055965766,1056.17265814835,1144.25084350303
585,542.278283107422,498.868317612376,454.000672913643,406.716933624201,355.690344517354,298.869817797261,232.638554319854,149.304501450398,25.7908816909785,0,0,627.721716892578,671.131682387624,715.999327086357,763.283066375799,814.309655482646,871.130182202739,937.361445680146,1020.6954985496,1144.20911830902,1251.33876337278,1375.90012765058
585,532.676796338772,479.510663731428,424.559245995235,366.648728800274,304.154175487057,234.563526796855,153.447126527115,51.3841726629735,0,0,0,637.323203661228,690.489336268572,745.440754004765,803.351271199726,865.845824512943,935.436473203145,1016.55287347289,1118.61582733703,1269.88849968439,1401.09498305023,1553.65087512301
585,524.582368562653,463.19140661741,399.738974972724,332.869669589883,260.70717523334,180.350815724602,86.6856646617463,0,0,0,0,645.417631437347,706.80859338259,770.261025027276,837.130330410117,909.29282476666,989.649184275398,1083.31433533825,1201.16648311375,1375.84111931532,1527.34531629671,1703.50168700607
