"means","lower.10.","lower.20.","lower.30.","lower.40.","lower.50.","lower.60.","lower.70.","lower.80.","lower.90.","lower.95.","lower.98.","upper.10.","upper.20.","upper.30.","upper.40.","upper.50.","upper.60.","upper.70.","upper.80.","upper.90.","upper.95.","upper.98."
0,0,0,0,0,0,0,0,0,0,0,0,0.941297127180099,1.89775858949023,2.88633742316517,3.9281506084217,5.05243083940698,6.30437019149271,7.76365840777746,9.59977620144042,12.3211793636658,14.6815907532151,17.4260791043539
