"means","lower.10.","lower.20.","lower.30.","lower.40.","lower.50.","lower.60.","lower.70.","lower.80.","lower.90.","lower.95.","lower.98.","upper.10.","upper.20.","upper.30.","upper.40.","upper.50.","upper.60.","upper.70.","upper.80.","upper.90.","upper.95.","upper.98."
25,22.7906267523406,20.5456604115043,18.2253095198927,15.7800091847476,13.1411456490088,10.2026459634987,6.77746569619786,2.46780680557401,0,0,0,27.2093732476594,29.4543395884957,31.7746904801073,34.2199908152524,36.8588543509913,39.7973540365013,43.2225343038021,47.532193194426,53.9197568755442,59.4600157661284,65.9017640371383
