"means","lower.10.","lower.20.","lower.30.","lower.40.","lower.50.","lower.60.","lower.70.","lower.80.","lower.90.","lower.95.","lower.98.","upper.10.","upper.20.","upper.30.","upper.40.","upper.50.","upper.60.","upper.70.","upper.80.","upper.90.","upper.95.","upper.98."
4388.87499999941,4349.42937543252,4309.34828024422,4267.9212872131,4224.26347653054,4177.14983449461,4124.6865598952,4063.53420592288,3986.59058094192,3872.54853796462,3773.63407322543,3658.6246314655,4428.32062456629,4468.40171975459,4509.82871278572,4553.48652346827,4600.60016550421,4653.06344010361,4714.21579407594,4791.1594190569,4905.20146203419,5004.11592677339,5119.12536853332
