"means","lower.10.","lower.20.","lower.30.","lower.40.","lower.50.","lower.60.","lower.70.","lower.80.","lower.90.","lower.95.","lower.98.","upper.10.","upper.20.","upper.30.","upper.40.","upper.50.","upper.60.","upper.70.","upper.80.","upper.90.","upper.95.","upper.98."
630,602.819999595579,575.202128275519,546.656866292642,516.574459814432,484.110813373264,447.961003591161,405.823985253914,352.805994511896,274.225345624264,206.068351759058,126.821116916911,657.180000404421,684.797871724481,713.343133707358,743.425540185568,775.889186626737,812.038996408839,854.176014746086,907.194005488104,985.774654375736,1053.93164824094,1133.17888308309
