"means","lower.10.","lower.20.","lower.30.","lower.40.","lower.50.","lower.60.","lower.70.","lower.80.","lower.90.","lower.95.","lower.98.","upper.10.","upper.20.","upper.30.","upper.40.","upper.50.","upper.60.","upper.70.","upper.80.","upper.90.","upper.95.","upper.98."
65,58.1769895194498,51.2440600616338,44.0783272146413,36.5267241378578,28.3773570808601,19.3026504089255,8.72497147381359,0,0,0,0,71.8230104805502,78.7559399383662,85.9216727853587,93.4732758621422,101.62264291914,110.697349591074,121.275028526186,134.584163960624,154.310307557059,171.419795288687,191.313272324643
