"means","lower.10.","lower.20.","lower.30.","lower.40.","lower.50.","lower.60.","lower.70.","lower.80.","lower.90.","lower.95.","lower.98.","upper.10.","upper.20.","upper.30.","upper.40.","upper.50.","upper.60.","upper.70.","upper.80.","upper.90.","upper.95.","upper.98."
12,2.70737561786611,0,0,0,0,0,0,0,0,0,0,21.2926243821339,30.7349533222646,40.494349700101,50.7792834658566,61.8783440973314,74.2376744428906,88.6439834261473,106.770409700258,133.636503995766,156.938834149586,184.032828842502
