"means","lower.10.","lower.20.","lower.30.","lower.40.","lower.50.","lower.60.","lower.70.","lower.80.","lower.90.","lower.95.","lower.98.","upper.10.","upper.20.","upper.30.","upper.40.","upper.50.","upper.60.","upper.70.","upper.80.","upper.90.","upper.95.","upper.98."
75,71.155702142544,67.2494724897315,63.2120741141432,58.9572643624665,54.365655657461,49.2526816241649,43.2928859323622,35.7941020771929,24.6797747901669,15.0397533925205,3.83114520341134,78.844297857456,82.7505275102685,86.7879258858568,91.0427356375335,95.634344342539,100.747318375835,106.707114067638,114.205897922807,125.320225209833,134.960246607479,146.168854796589
