"means","lower.10.","lower.20.","lower.30.","lower.40.","lower.50.","lower.60.","lower.70.","lower.80.","lower.90.","lower.95.","lower.98.","upper.10.","upper.20.","upper.30.","upper.40.","upper.50.","upper.60.","upper.70.","upper.80.","upper.90.","upper.95.","upper.98."
2874.89999999312,2830.90710228463,2786.20547719887,2740.00279979676,2691.31213712827,2638.76725648514,2580.25604013996,2512.05407141778,2426.24042135457,2299.05166502852,2188.73438708094,2060.46671069328,2918.8928977016,2963.59452278737,3009.79720018948,3058.48786285796,3111.0327435011,3169.54395984628,3237.74592856845,3323.55957863167,3450.74833495772,3561.06561290529,3689.33328929296
3128.79999998623,3066.5846473988,3003.36700294239,2938.02654994238,2869.16755443568,2794.85787159688,2712.11051589058,2615.65836674313,2494.299538987,2314.42747480933,2158.41528417179,1977.01739661027,3191.01535257366,3254.23299703007,3319.57345003008,3388.43244553679,3462.74212837559,3545.48948408189,3641.94163322933,3763.30046098547,3943.17252516314,4099.18471580068,4280.5826033622
3382.69999997935,3306.50206597608,3229.07658014663,3149.05119544047,3064.71649384445,2973.7060908929,2872.36169137039,2754.23241636736,2605.59881447494,2385.30142636672,2194.22629600882,1972.06016353659,3458.89793398262,3536.32341981207,3616.34880451824,3700.68350611425,3791.6939090658,3893.03830858831,4011.16758359134,4159.80118548376,4380.09857359198,4571.17370394988,4793.33983642211
