"means","lower.10.","lower.20.","lower.30.","lower.40.","lower.50.","lower.60.","lower.70.","lower.80.","lower.90.","lower.95.","lower.98.","upper.10.","upper.20.","upper.30.","upper.40.","upper.50.","upper.60.","upper.70.","upper.80.","upper.90.","upper.95.","upper.98."
1179.35031526218,1170.89218837289,1162.29780071427,1153.41481895022,1144.05349417679,1133.95115286689,1122.70171675169,1109.58912504714,1093.09049052032,1068.63702880418,1047.42729760746,1022.76640143576,1187.80844215147,1196.4028298101,1205.28581157414,1214.64713634758,1224.74947765747,1235.99891377267,1249.11150547722,1265.61014000404,1290.06360172019,1311.2733329169,1335.93422908861
1615.70063052436,1590.75134732538,1565.40013015598,1539.19763513747,1511.58415215866,1481.78486236172,1448.60194005035,1409.92319141113,1361.25649361932,1289.12511636083,1226.56190382838,1153.81864866305,1640.64991372334,1666.00113089275,1692.20362591125,1719.81710889007,1749.616398687,1782.79932099837,1821.47806963759,1870.14476742941,1942.27614468789,2004.83935722034,2077.58261238568
