"means","lower.10.","lower.20.","lower.30.","lower.40.","lower.50.","lower.60.","lower.70.","lower.80.","lower.90.","lower.95.","lower.98.","upper.10.","upper.20.","upper.30.","upper.40.","upper.50.","upper.60.","upper.70.","upper.80.","upper.90.","upper.95.","upper.98."
4161.19851519462,4109.08052580858,4056.12291348676,4001.38701801549,3943.70362882455,3881.45418233896,3812.13647172462,3731.33821411668,3629.67555636659,3478.99618316068,3348.30429831899,3196.34673824093,4213.31650458067,4266.27411690249,4321.01001237376,4378.6934015647,4440.94284805029,4510.26055866463,4591.05881627257,4692.72147402266,4843.40084722857,4974.09273207026,5126.05029214832
4866.59051895179,4774.02870412458,4679.97571468337,4582.76448530372,4480.31849205274,4369.76315777046,4246.6545503642,4103.15643297387,3922.60303457233,3654.9956996528,3422.88624595668,3153.00884463649,4959.152333779,5053.20532322021,5150.41655259986,5252.86254585084,5363.41788013312,5486.52648753938,5630.02460492971,5810.57800333125,6078.18533825078,6310.2947919469,6580.17219326709
5645.48846009719,5531.04307223194,5414.75396449804,5294.55994202795,5167.89354666031,5031.20059032481,4878.98650128105,4701.56239034147,4478.32234530747,4147.44696978003,3860.46192627116,3526.77979257687,5759.93384796245,5876.22295569635,5996.41697816644,6123.08337353408,6259.77632986957,6411.99041891334,6589.41452985292,6812.65457488692,7143.52995041436,7430.51499392322,7764.19712761751
