"means","lower.10.","lower.20.","lower.30.","lower.40.","lower.50.","lower.60.","lower.70.","lower.80.","lower.90.","lower.95.","lower.98.","upper.10.","upper.20.","upper.30.","upper.40.","upper.50.","upper.60.","upper.70.","upper.80.","upper.90.","upper.95.","upper.98."
2,1.31941459813366,0.627864937670848,0,0,0,0,0,0,0,0,0,2.68058540186634,3.37213506232915,4.08690652329048,4.84016798015011,5.65305552726052,6.55824435919088,7.61335249501859,8.94091945596073,10.908573676209,12.6152202681718,14.5995657563738
2,1.03750689432747,0.0595079854464615,0,0,0,0,0,0,0,0,0,2.96249310567253,3.94049201455354,4.95133150864227,6.01660407694609,7.16620067075383,8.4463309933784,9.93847922883615,11.815942429959,14.5986257142947,17.0121884708264,19.8184767726754
2,0.82119150507781,0,0,0,0,0,0,0,0,0,0,3.17880849492219,4.37660764280078,5.61462812898603,6.91931524365027,8.32727777608554,9.89511082343284,11.7226117221657,14.0220251489673,17.4301022301646,20.3861008380085,23.8230880433444
