"means","lower.10.","lower.20.","lower.30.","lower.40.","lower.50.","lower.60.","lower.70.","lower.80.","lower.90.","lower.95.","lower.98.","upper.10.","upper.20.","upper.30.","upper.40.","upper.50.","upper.60.","upper.70.","upper.80.","upper.90.","upper.95.","upper.98."
0,0,0,0,0,0,0,0,0,0,0,0,0.592077201268716,1.19369279041055,1.81551025077953,2.4708121922817,3.177986020165,3.96545761264896,4.88335192890026,6.0382725730633,7.75003894447594,9.23474098914687,10.9610279764713
