"means","lower.10.","lower.20.","lower.30.","lower.40.","lower.50.","lower.60.","lower.70.","lower.80.","lower.90.","lower.95.","lower.98.","upper.10.","upper.20.","upper.30.","upper.40.","upper.50.","upper.60.","upper.70.","upper.80.","upper.90.","upper.95.","upper.98."
4254,4211.16373205084,4167.63737007701,4122.64942037931,4075.23889774199,4024.07548946866,3967.10260811854,3900.69375671251,3817.13625767797,3693.29145704205,3585.87456195825,3460.97920745428,4296.83626794916,4340.36262992299,4385.35057962069,4432.76110225801,4483.92451053134,4540.89739188146,4607.30624328749,4690.86374232203,4814.70854295795,4922.12543804175,5047.02079254572
4581,4485.21519296328,4387.88728877655,4287.29117508415,4181.2780236183,4066.87316475856,3939.47792918565,3790.98322313409,3604.14297526298,3327.21758238117,3087.02610304183,2807.75160029701,4676.78480703672,4774.11271122345,4874.70882491585,4980.7219763817,5095.12683524144,5222.52207081435,5371.01677686591,5557.85702473702,5834.78241761883,6074.97389695817,6354.24839970299
