"means","lower.10.","lower.20.","lower.30.","lower.40.","lower.50.","lower.60.","lower.70.","lower.80.","lower.90.","lower.95.","lower.98.","upper.10.","upper.20.","upper.30.","upper.40.","upper.50.","upper.60.","upper.70.","upper.80.","upper.90.","upper.95.","upper.98."
60,42.113513096933,23.9388741599704,5.15394233493916,0,0,0,0,0,0,0,0,77.886486903067,96.0611258400296,114.846057665061,134.642546314036,156.00607016451,179.795367059104,207.524698016026,242.414528145676,294.126512187241,338.978946329374,391.129594122514
60,34.704687638474,9.00186676258728,0,0,0,0,0,0,0,0,0,85.295312361526,110.998133237413,137.564038592626,165.560501327371,195.773086496793,229.416232804448,268.63142871926,317.973099677503,391.104888846306,454.535809515557,528.287962911158
60,29.0196959149727,0,0,0,0,0,0,0,0,0,0,90.9803040850273,122.459702133066,154.996158470738,189.284682622223,226.287391359954,267.491662257731,315.520272335013,375.951230787014,465.519014507196,543.205709284507,633.533280909855
