"means","lower.10.","lower.20.","lower.30.","lower.40.","lower.50.","lower.60.","lower.70.","lower.80.","lower.90.","lower.95.","lower.98.","upper.10.","upper.20.","upper.30.","upper.40.","upper.50.","upper.60.","upper.70.","upper.80.","upper.90.","upper.95.","upper.98."
349,317.40848463499,285.308028668305,252.129659679625,217.164656282558,179.431920076136,137.414728973087,88.4385611132672,26.8153586030844,0,0,0,380.59151536501,412.691971331695,445.870340320375,480.835343717442,518.568079923864,560.585271026913,609.561438886733,671.184641396916,762.519510410471,841.738888147322,933.848534942733
349,304.322850514884,258.925950328439,212.004650927229,162.556668914674,109.194521626107,49.7732401153524,0,0,0,0,0,393.677149485116,439.074049671561,485.995349072771,535.443331085326,588.805478373893,648.226759884648,717.489520705066,804.63788945183,933.80489992837,1045.83801832658,1176.10073005005
349,294.281890299709,238.682269619285,181.215648818623,120.654486448084,55.2994702299676,0,0,0,0,0,0,403.718109700291,459.317730380715,516.784351181377,577.345513551916,642.700529770032,715.476439551845,800.305650645074,907.040168317817,1065.23680195194,1202.44878913616,1361.98737725303
