"means","lower.10.","lower.20.","lower.30.","lower.40.","lower.50.","lower.60.","lower.70.","lower.80.","lower.90.","lower.95.","lower.98.","upper.10.","upper.20.","upper.30.","upper.40.","upper.50.","upper.60.","upper.70.","upper.80.","upper.90.","upper.95.","upper.98."
36,27.6460575160205,19.1575326777279,10.3839685406095,1.1379534648413,0,0,0,0,0,0,0,44.3539424839795,52.8424673222721,61.6160314593905,70.8620465351587,80.8399505511445,91.9508198385992,104.901894982016,121.197304793818,145.34955686863,166.298033622084,190.655165043541
36,24.1857412398715,12.1811542890171,0,0,0,0,0,0,0,0,0,47.8142587601285,59.8188457109829,72.2265391040459,85.3023790221034,99.4132662055675,115.126408241641,133.441994356774,156.487183917052,190.643626363105,220.269246298897,254.715431895624
36,21.5305471742394,6.8279908730062,0,0,0,0,0,0,0,0,0,50.4694528257606,65.1720091269938,80.3682679759471,96.3828358547254,113.665072563458,132.909662685586,155.341582846627,183.566060570824,225.39898828161,261.682814359767,303.870603508362
