"means","lower.10.","lower.20.","lower.30.","lower.40.","lower.50.","lower.60.","lower.70.","lower.80.","lower.90.","lower.95.","lower.98.","upper.10.","upper.20.","upper.30.","upper.40.","upper.50.","upper.60.","upper.70.","upper.80.","upper.90.","upper.95.","upper.98."
1032,976.927600656934,920.967982713132,863.129276168528,802.175991469571,736.397813605771,663.150693264595,577.7722287147,470.346624775543,311.125697189644,173.025287759296,12.4537167835041,1087.07239934307,1143.03201728687,1200.87072383147,1261.82400853043,1327.60218639423,1400.8493067354,1486.2277712853,1593.65337522446,1752.87430281036,1890.9747122407,2051.5462832165
