"means","lower.10.","lower.20.","lower.30.","lower.40.","lower.50.","lower.60.","lower.70.","lower.80.","lower.90.","lower.95.","lower.98.","upper.10.","upper.20.","upper.30.","upper.40.","upper.50.","upper.60.","upper.70.","upper.80.","upper.90.","upper.95.","upper.98."
135,122.637677808602,110.076198102237,97.092911846921,83.4104837511607,68.6449925502089,52.2029178984587,33.0376717940048,8.92341595364185,0,0,0,147.362322191398,159.923801897763,172.907088153079,186.589516248839,201.355007449791,217.797082101541,236.962328205995,261.076584046358,296.817543763195,327.817496126026,363.861640177497
135,117.5170362945,99.7524213302829,81.3912818238432,62.0414064446244,41.1598485331377,17.9072435670816,0,0,0,0,0,152.4829637055,170.247578669717,188.608718176157,207.958593555376,228.840151466862,252.092756432918,279.196507400055,313.299215056031,363.844565019812,407.685118084248,458.659235445968
135,113.587829864963,91.8307087952924,69.3429973518749,45.6443367191102,20.0697557603505,0,0,0,0,0,0,156.412170135037,178.169291204708,200.657002648125,224.35566328089,249.930244239649,278.408752918321,311.603932910797,353.37104921302,415.276207353854,468.969699878493,531.399988690972
