"means","lower.10.","lower.20.","lower.30.","lower.40.","lower.50.","lower.60.","lower.70.","lower.80.","lower.90.","lower.95.","lower.98.","upper.10.","upper.20.","upper.30.","upper.40.","upper.50.","upper.60.","upper.70.","upper.80.","upper.90.","upper.95.","upper.98."
336.777777777778,308.847456621631,280.467176851916,251.133905225531,220.221055277614,186.86122976216,149.713482082821,106.413245246535,51.93166002046,0,0,0,364.708098933925,393.08837870364,422.421650330025,453.334500277942,486.694325793395,523.842073472734,567.14231030902,621.623895535096,702.373811923362,772.412321833874,853.847225694941
