"means","lower.10.","lower.20.","lower.30.","lower.40.","lower.50.","lower.60.","lower.70.","lower.80.","lower.90.","lower.95.","lower.98.","upper.10.","upper.20.","upper.30.","upper.40.","upper.50.","upper.60.","upper.70.","upper.80.","upper.90.","upper.95.","upper.98."
1397,1360.23673467475,1322.88121164493,1284.27131376264,1243.58229703987,1199.67245046946,1150.77675404922,1093.78284815895,1022.0715004158,915.78448049301,823.59634171615,716.407707520243,1433.76326532525,1471.11878835507,1509.72868623736,1550.41770296013,1594.32754953054,1643.22324595078,1700.21715184105,1771.9284995842,1878.21551950699,1970.40365828385,2077.59229247976
875,792.794839657886,709.265350828144,622.930994559022,531.947587229281,433.762185416266,324.428084413407,196.985836539539,36.6343882277311,0,0,0,957.205160342114,1040.73464917186,1127.06900544098,1218.05241277072,1316.23781458373,1425.57191558659,1553.01416346046,1713.36561177227,1951.03061344551,2157.16955846975,2396.85063094716
353,215.444456733857,75.6728880525189,0,0,0,0,0,0,0,0,0,490.555543266143,630.327111947481,774.792121561334,927.036481542657,1091.33208331493,1274.28302700719,1487.53469598262,1755.85398998129,2153.54360319359,2498.48003362097,2899.5431785383
0,0,0,0,0,0,0,0,0,0,0,0,32.3606970618555,236.965323170229,448.440443301234,671.303366318898,911.807500950923,1179.62025989385,1491.78873885812,1884.56796673832,2466.72595055546,2971.66118198049,3558.75751055317
