"means","lower.10.","lower.20.","lower.30.","lower.40.","lower.50.","lower.60.","lower.70.","lower.80.","lower.90.","lower.95.","lower.98.","upper.10.","upper.20.","upper.30.","upper.40.","upper.50.","upper.60.","upper.70.","upper.80.","upper.90.","upper.95.","upper.98."
18.3,14.8443510408913,11.3330314360379,7.70380393821292,3.8791448106507,0,0,0,0,0,0,0,21.7556489591087,25.2669685639621,28.8961960617871,32.7208551893493,36.8482637384327,41.4443288851125,46.8016041386247,53.5422797013776,63.5329762979262,72.1984156430989,82.2738615783378
18.3,14.8443510408913,11.3330314360379,7.70380393821292,3.8791448106507,0,0,0,0,0,0,0,21.7556489591087,25.2669685639621,28.8961960617871,32.7208551893493,36.8482637384327,41.4443288851125,46.8016041386247,53.5422797013776,63.5329762979262,72.1984156430989,82.2738615783378
18.3,14.8443510408913,11.3330314360379,7.70380393821292,3.8791448106507,0,0,0,0,0,0,0,21.7556489591087,25.2669685639621,28.8961960617871,32.7208551893493,36.8482637384327,41.4443288851125,46.8016041386247,53.5422797013776,63.5329762979262,72.1984156430989,82.2738615783378
18.3,14.8443510408913,11.3330314360379,7.70380393821292,3.8791448106507,0,0,0,0,0,0,0,21.7556489591087,25.2669685639621,28.8961960617871,32.7208551893493,36.8482637384327,41.4443288851125,46.8016041386247,53.5422797013776,63.5329762979262,72.1984156430989,82.2738615783378
