"means","lower.10.","lower.20.","lower.30.","lower.40.","lower.50.","lower.60.","lower.70.","lower.80.","lower.90.","lower.95.","lower.98.","upper.10.","upper.20.","upper.30.","upper.40.","upper.50.","upper.60.","upper.70.","upper.80.","upper.90.","upper.95.","upper.98."
7372.99999999683,7309.62522441272,7245.22947860784,7178.67136436071,7108.52913731069,7032.8346458744,6948.5452401253,6850.29564331984,6726.67521597616,6543.45112052334,6384.53154265636,6199.75318912236,7436.37477558094,7500.77052138582,7567.32863563295,7637.47086268297,7713.16535411927,7797.45475986837,7895.70435667383,8019.3247840175,8202.54887947033,8361.46845733731,8546.2468108713
8032.99999999366,7943.37453285027,7852.30519577388,7758.17780791961,7658.98171913041,7551.93354274427,7432.73032196952,7293.78440966956,7118.95872473377,6859.84072399085,6635.09450164475,6373.778448044,8122.62546713706,8213.69480421345,8307.82219206772,8407.01828085692,8514.06645724306,8633.2696780178,8772.21559031777,8947.04127525356,9206.15927599648,9430.90549834257,9692.22155194332
