"means","lower.10.","lower.20.","lower.30.","lower.40.","lower.50.","lower.60.","lower.70.","lower.80.","lower.90.","lower.95.","lower.98.","upper.10.","upper.20.","upper.30.","upper.40.","upper.50.","upper.60.","upper.70.","upper.80.","upper.90.","upper.95.","upper.98."
585,556.4118363609,527.363116238987,497.33895845587,465.69801856401,431.552469521595,393.529781434916,349.209694695952,293.444905417192,210.793087321525,139.104961318011,55.7520222487004,613.5881636391,642.636883761013,672.66104154413,704.30198143599,738.447530478405,776.470218565084,820.790305304048,876.555094582808,959.206912678475,1030.89503868199,1114.2479777513
