"means","lower.10.","lower.20.","lower.30.","lower.40.","lower.50.","lower.60.","lower.70.","lower.80.","lower.90.","lower.95.","lower.98.","upper.10.","upper.20.","upper.30.","upper.40.","upper.50.","upper.60.","upper.70.","upper.80.","upper.90.","upper.95.","upper.98."
0,0,0,0,0,0,0,0,0,0,0,0,42.7310049437341,86.1504081208201,131.027807412991,178.321826574622,229.359509279865,286.192389247845,352.438051944387,435.790222319468,559.330694951438,666.483630877461,791.072075816052
