"means","lower.10.","lower.20.","lower.30.","lower.40.","lower.50.","lower.60.","lower.70.","lower.80.","lower.90.","lower.95.","lower.98.","upper.10.","upper.20.","upper.30.","upper.40.","upper.50.","upper.60.","upper.70.","upper.80.","upper.90.","upper.95.","upper.98."
0,0,0,0,0,0,0,0,0,0,0,0,4.82550819321529,9.72875552033602,14.7966507935624,20.1374490559725,25.9010101138312,32.3190086675891,39.7999698227986,49.212727177718,63.1638515115415,75.2643712844545,89.3338405754941
