"means","lower.10.","lower.20.","lower.30.","lower.40.","lower.50.","lower.60.","lower.70.","lower.80.","lower.90.","lower.95.","lower.98.","upper.10.","upper.20.","upper.30.","upper.40.","upper.50.","upper.60.","upper.70.","upper.80.","upper.90.","upper.95.","upper.98."
237,233.062833941985,229.062239978113,224.927308597543,220.569713749599,215.86718376484,210.630693626501,204.526924829044,196.846989931778,185.464169511847,175.591270362854,164.111891460369,240.937166058015,244.937760021887,249.072691402457,253.430286250401,258.13281623516,263.369306373499,269.473075170956,277.153010068222,288.535830488153,298.408729637146,309.888108539631
266,257.196229055574,248.25062900198,239.00464135273,229.260763054324,218.745586342171,207.036438429338,193.387996479283,176.215139986222,150.762379751583,128.685906119436,103.017234554002,274.803770944426,283.74937099802,292.99535864727,302.739236945676,313.254413657829,324.963561570662,338.612003520717,355.784860013778,381.237620248417,403.314093880564,428.982765445998
