"means","lower.10.","lower.20.","lower.30.","lower.40.","lower.50.","lower.60.","lower.70.","lower.80.","lower.90.","lower.95.","lower.98.","upper.10.","upper.20.","upper.30.","upper.40.","upper.50.","upper.60.","upper.70.","upper.80.","upper.90.","upper.95.","upper.98."
31,28.4165889586446,25.7915590599928,23.0783823165165,20.2191027031981,17.1334904364252,13.6975148534819,9.69246567016649,4.65319927445555,0,0,0,33.5834110413554,36.2084409400072,38.9216176834835,41.7808972968019,44.8665095635748,48.3024851465181,52.3075343298335,57.3468007255445,64.8157526369712,71.2939545456189,78.8262642749001
