"means","lower.10.","lower.20.","lower.30.","lower.40.","lower.50.","lower.60.","lower.70.","lower.80.","lower.90.","lower.95.","lower.98.","upper.10.","upper.20.","upper.30.","upper.40.","upper.50.","upper.60.","upper.70.","upper.80.","upper.90.","upper.95.","upper.98."
342,318.153186473534,293.922199808048,268.877551925736,242.484265426867,214.001759483057,182.28513843581,145.315543001728,98.7993502143581,29.8553453236402,0,0,365.846813526466,390.077800191952,415.122448074264,441.515734573133,469.998240516943,501.71486156419,538.684456998272,585.200649785642,654.14465467636,713.943297025303,783.472141898366
