"means","lower.10.","lower.20.","lower.30.","lower.40.","lower.50.","lower.60.","lower.70.","lower.80.","lower.90.","lower.95.","lower.98.","upper.10.","upper.20.","upper.30.","upper.40.","upper.50.","upper.60.","upper.70.","upper.80.","upper.90.","upper.95.","upper.98."
109,104.518626502242,99.9650578945658,95.2585833311652,90.2986680576429,84.9461396309557,78.9858454037285,72.0383945412789,63.2969149577463,50.3407254021209,39.1031631707128,26.0370685162614,113.481373497758,118.034942105434,122.741416668835,127.701331942357,133.053860369044,139.014154596271,145.961605458721,154.703085042254,167.659274597879,178.896836829287,191.962931483739
