"means","lower.10.","lower.20.","lower.30.","lower.40.","lower.50.","lower.60.","lower.70.","lower.80.","lower.90.","lower.95.","lower.98.","upper.10.","upper.20.","upper.30.","upper.40.","upper.50.","upper.60.","upper.70.","upper.80.","upper.90.","upper.95.","upper.98."
2.11111111111111,1.78195726321398,1.44750073339557,1.10181336470194,0.737510947521035,0.344371360181494,0,0,0,0,0,0,2.44026495900824,2.77472148882665,3.12040885752028,3.48471127470119,3.87785086204073,4.31563043575233,4.82591599565839,5.46797174992069,6.41959509674782,7.24498643074444,8.20468223263478
2.11111111111111,1.78195726321398,1.44750073339557,1.10181336470194,0.737510947521035,0.344371360181494,0,0,0,0,0,0,2.44026495900824,2.77472148882665,3.12040885752028,3.48471127470119,3.87785086204073,4.31563043575233,4.82591599565839,5.46797174992069,6.41959509674782,7.24498643074444,8.20468223263478
2.11111111111111,1.78195726321398,1.44750073339557,1.10181336470194,0.737510947521035,0.344371360181494,0,0,0,0,0,0,2.44026495900824,2.77472148882665,3.12040885752028,3.48471127470119,3.87785086204073,4.31563043575233,4.82591599565839,5.46797174992069,6.41959509674782,7.24498643074444,8.20468223263478
2.11111111111111,1.78195726321398,1.44750073339557,1.10181336470194,0.737510947521035,0.344371360181494,0,0,0,0,0,0,2.44026495900824,2.77472148882665,3.12040885752028,3.48471127470119,3.87785086204073,4.31563043575233,4.82591599565839,5.46797174992069,6.41959509674782,7.24498643074444,8.20468223263478
