"means","lower.10.","lower.20.","lower.30.","lower.40.","lower.50.","lower.60.","lower.70.","lower.80.","lower.90.","lower.95.","lower.98.","upper.10.","upper.20.","upper.30.","upper.40.","upper.50.","upper.60.","upper.70.","upper.80.","upper.90.","upper.95.","upper.98."
269.100000001415,251.016661959161,232.642000603127,213.650329732618,193.635969269935,172.037327476524,147.986215602861,119.951707311937,84.6778944111446,32.396790059742,0,0,287.183338043668,305.557999399702,324.549670270211,344.564030732895,366.162672526305,390.213784399968,418.248292690893,453.522105591685,505.803209943087,551.149271078827,603.873866930243
