"means","lower.10.","lower.20.","lower.30.","lower.40.","lower.50.","lower.60.","lower.70.","lower.80.","lower.90.","lower.95.","lower.98.","upper.10.","upper.20.","upper.30.","upper.40.","upper.50.","upper.60.","upper.70.","upper.80.","upper.90.","upper.95.","upper.98."
457.599999999602,451.668807837163,445.642063926955,439.412945765497,432.848393488969,425.764209439261,417.875634558357,408.680537089933,397.111004842752,379.963215222929,365.090065045824,347.796813714073,463.531192162042,469.55793607225,475.787054233708,482.351606510236,489.435790559944,497.324365440848,506.519462909272,518.088995156452,535.236784776276,550.109934953381,567.403186285131
