"means","lower.10.","lower.20.","lower.30.","lower.40.","lower.50.","lower.60.","lower.70.","lower.80.","lower.90.","lower.95.","lower.98.","upper.10.","upper.20.","upper.30.","upper.40.","upper.50.","upper.60.","upper.70.","upper.80.","upper.90.","upper.95.","upper.98."
6874.11111109897,6800.4702156081,6725.64296228584,6648.30305709222,6566.79844640004,6478.84215650838,6380.89865670823,6266.73354568913,6123.08776727576,5910.18308492714,5725.52002431207,5510.80930863447,6947.75200658983,7022.57925991209,7099.91916510572,7181.4237757979,7269.38006568955,7367.3235654897,7481.4886765088,7625.13445492217,7838.03913727079,8022.70219788587,8237.41291356347
7418.22222219793,7314.07826904945,7208.25655256598,7098.88140972851,6983.61648389169,6859.2275058309,6720.71448006723,6559.26063171419,6356.11482370436,6055.02213443421,5793.86912964305,5490.22232354495,7522.36617534641,7628.18789182988,7737.56303466735,7852.82796050417,7977.21693856497,8115.72996432863,8277.18381268167,8480.3296206915,8781.42230996166,9042.57531475282,9346.22212085092
7962.3333332969,7834.78356079185,7705.17895624687,7571.22231099895,7430.05218422897,7277.70742129137,7108.0643033664,6910.32453062957,6661.52274412484,6292.76101712771,5972.91521386124,5601.02534537815,8089.88310580195,8219.48771034693,8353.44435559484,8494.61448236482,8646.95924530243,8816.6023632274,9014.34213596423,9263.14392246896,9631.90564946609,9951.75145273256,10323.6413212156
8506.44444439587,8359.16265341413,8209.50814676961,8054.82833638237,7891.81911499801,7715.9065352147,7520.0195356144,7291.68931357619,7004.39775674945,6578.58839205221,6209.26227082207,5779.84083946686,8653.7262353776,8803.38074202212,8958.06055240936,9121.06977379372,9296.98235357703,9492.86935317734,9721.19957521554,10008.4911320423,10434.3004967395,10803.6266179697,11233.0480493249
