"means","lower.10.","lower.20.","lower.30.","lower.40.","lower.50.","lower.60.","lower.70.","lower.80.","lower.90.","lower.95.","lower.98.","upper.10.","upper.20.","upper.30.","upper.40.","upper.50.","upper.60.","upper.70.","upper.80.","upper.90.","upper.95.","upper.98."
2936.62499999574,2887.92696123914,2838.44439509097,2787.30023564741,2733.40199522173,2675.23731939209,2610.46819460847,2534.97186931257,2439.98025306771,2299.18836829546,2177.07240510948,2035.0862073069,2985.32303875234,3034.80560490051,3085.94976434407,3139.84800476975,3198.01268059939,3262.78180538301,3338.27813067891,3433.26974692377,3574.06163169602,3696.177594882,3838.16379268458
3260.24999999148,3191.38057312093,3121.40165697316,3049.07289305191,2972.84927045386,2890.59199704455,2798.99462235253,2692.22669520973,2557.88826320451,2358.77847028753,2186.08041896766,1985.28161236545,3329.11942686204,3399.09834300981,3471.42710693105,3547.6507295291,3629.90800293841,3721.50537763044,3828.27330477323,3962.61173677846,4161.72152969544,4334.41958101531,4535.21838761751
3583.87499998722,3499.52752263183,3413.82120397431,3325.23692130767,3231.88243045182,3131.13825670911,3018.95484182212,2888.19137062487,2723.66106499569,2479.80236727677,2268.29131462344,2022.36400605584,3668.22247734261,3753.92879600014,3842.51307866677,3935.86756952263,4036.61174326533,4148.79515815232,4279.55862934957,4444.08893497876,4687.94763269767,4899.458685351,5145.3859939186
3907.49999998296,3810.10392246976,3711.13879017342,3608.85047128631,3501.05399043494,3384.72463877566,3255.18638920843,3104.19373861663,2914.2105061269,2632.62673658241,2388.39481021045,2104.42241460528,4004.89607749617,4103.86120979251,4206.14952867962,4313.94600953099,4430.27536119027,4559.8136107575,4710.8062613493,4900.78949383902,5182.37326338352,5426.60518975548,5710.57758536065
