"means","lower.10.","lower.20.","lower.30.","lower.40.","lower.50.","lower.60.","lower.70.","lower.80.","lower.90.","lower.95.","lower.98.","upper.10.","upper.20.","upper.30.","upper.40.","upper.50.","upper.60.","upper.70.","upper.80.","upper.90.","upper.95.","upper.98."
0,0,0,0,0,0,0,0,0,0,0,0,26.3041991173131,53.0321599557918,80.6576288255925,109.770711907155,141.188305996802,176.173286880274,216.952554873683,268.262185650991,344.310787724293,410.271608592282,486.965317708095
0,0,0,0,0,0,0,0,0,0,0,0,37.1997551390666,74.9987998514202,114.067112594008,155.239229530448,199.67041718916,249.14665163393,306.817245493855,379.380021219481,486.928985671058,580.211673127831,688.672956708111
0,0,0,0,0,0,0,0,0,0,0,0,45.5602093235947,91.8543954785511,139.703111143958,190.128450206198,244.545319421043,305.141083813042,375.772847873093,464.643735296991,596.363777932537,710.611270984844,843.44867179434
