"means","lower.10.","lower.20.","lower.30.","lower.40.","lower.50.","lower.60.","lower.70.","lower.80.","lower.90.","lower.95.","lower.98.","upper.10.","upper.20.","upper.30.","upper.40.","upper.50.","upper.60.","upper.70.","upper.80.","upper.90.","upper.95.","upper.98."
12.3636363636364,9.49851757225683,6.58724160023233,3.5782068211639,0.407137402172305,0,0,0,0,0,0,0,15.2287551550159,18.1400311270404,21.1490659061088,24.3201353251004,27.7422178148477,31.5528689469445,35.9946482425444,41.5834208435719,49.866823728663,57.0514403946502,65.4051099433149
12.3636363636364,9.49851757225683,6.58724160023233,3.5782068211639,0.407137402172305,0,0,0,0,0,0,0,15.2287551550159,18.1400311270404,21.1490659061088,24.3201353251004,27.7422178148477,31.5528689469445,35.9946482425444,41.5834208435719,49.866823728663,57.0514403946502,65.4051099433149
12.3636363636364,9.49851757225683,6.58724160023233,3.5782068211639,0.407137402172305,0,0,0,0,0,0,0,15.2287551550159,18.1400311270404,21.1490659061088,24.3201353251004,27.7422178148477,31.5528689469445,35.9946482425444,41.5834208435719,49.866823728663,57.0514403946502,65.4051099433149
12.3636363636364,9.49851757225683,6.58724160023233,3.5782068211639,0.407137402172305,0,0,0,0,0,0,0,15.2287551550159,18.1400311270404,21.1490659061088,24.3201353251004,27.7422178148477,31.5528689469445,35.9946482425444,41.5834208435719,49.866823728663,57.0514403946502,65.4051099433149
