"means","lower.10.","lower.20.","lower.30.","lower.40.","lower.50.","lower.60.","lower.70.","lower.80.","lower.90.","lower.95.","lower.98.","upper.10.","upper.20.","upper.30.","upper.40.","upper.50.","upper.60.","upper.70.","upper.80.","upper.90.","upper.95.","upper.98."
630,601.456550285306,572.453264430946,542.47606656937,510.88461536144,476.792472390081,438.829254496112,394.578487529944,338.900918354015,256.378373589543,184.802372921795,101.579803786826,658.543449714694,687.546735569054,717.52393343063,749.11538463856,783.207527609919,821.170745503888,865.421512470056,921.099081645985,1003.62162641046,1075.19762707821,1158.42019621317
