"means","lower.10.","lower.20.","lower.30.","lower.40.","lower.50.","lower.60.","lower.70.","lower.80.","lower.90.","lower.95.","lower.98.","upper.10.","upper.20.","upper.30.","upper.40.","upper.50.","upper.60.","upper.70.","upper.80.","upper.90.","upper.95.","upper.98."
6.45454545454546,4.97050289162538,3.46255234245789,1.90396576696227,0.261450279675322,0,0,0,0,0,0,0,7.93858801746553,9.44653856663303,11.0051251421286,12.6476406294156,14.420173092603,16.3939720462402,18.6946757900433,21.5894864482823,25.8800319168599,29.6014402447346,33.9283816630409
6.45454545454546,4.97050289162538,3.46255234245789,1.90396576696227,0.261450279675322,0,0,0,0,0,0,0,7.93858801746553,9.44653856663303,11.0051251421286,12.6476406294156,14.420173092603,16.3939720462402,18.6946757900433,21.5894864482823,25.8800319168599,29.6014402447346,33.9283816630409
6.45454545454546,4.97050289162538,3.46255234245789,1.90396576696227,0.261450279675322,0,0,0,0,0,0,0,7.93858801746553,9.44653856663303,11.0051251421286,12.6476406294156,14.420173092603,16.3939720462402,18.6946757900433,21.5894864482823,25.8800319168599,29.6014402447346,33.9283816630409
6.45454545454546,4.97050289162538,3.46255234245789,1.90396576696227,0.261450279675322,0,0,0,0,0,0,0,7.93858801746553,9.44653856663303,11.0051251421286,12.6476406294156,14.420173092603,16.3939720462402,18.6946757900433,21.5894864482823,25.8800319168599,29.6014402447346,33.9283816630409
