"means","lower.10.","lower.20.","lower.30.","lower.40.","lower.50.","lower.60.","lower.70.","lower.80.","lower.90.","lower.95.","lower.98.","upper.10.","upper.20.","upper.30.","upper.40.","upper.50.","upper.60.","upper.70.","upper.80.","upper.90.","upper.95.","upper.98."
0,0,0,0,0,0,0,0,0,0,0,0,2.76550304595105,5.57555845882323,8.47997375634031,11.5407900001656,14.8438919788222,18.5220526696033,22.8093981745724,28.2038578031827,36.1992595919263,43.1340782575816,51.1973036467729
0,0,0,0,0,0,0,0,0,0,0,0,3.91101191436807,7.88503039027184,11.9924938947844,16.3211417387339,20.9924333548515,26.1941380883418,32.2573602480485,39.8862782165032,51.1934838627665,61.0007984723343,72.4039211741998
0,0,0,0,0,0,0,0,0,0,0,0,4.7899917840737,9.65715053125226,14.6877453928321,19.9892346397696,25.7103750893841,32.0811362842197,39.5070365284283,48.8505146845603,62.6989568095914,74.7104150797833,88.6763311267421
0,0,0,0,0,0,0,0,0,0,0,0,5.53100609190209,11.1511169176465,16.9599475126806,23.0815800003311,29.6877839576443,37.0441053392066,45.6187963491449,56.4077156063653,72.3985191838526,86.2681565151631,102.394607293546
