"means","lower.10.","lower.20.","lower.30.","lower.40.","lower.50.","lower.60.","lower.70.","lower.80.","lower.90.","lower.95.","lower.98.","upper.10.","upper.20.","upper.30.","upper.40.","upper.50.","upper.60.","upper.70.","upper.80.","upper.90.","upper.95.","upper.98."
295,286.765343814582,278.398026981988,269.74974093879,260.635750103905,250.80032100198,239.848104287683,227.081958094785,211.019231129881,187.211850085418,166.562497518803,142.553162608564,303.234656185418,311.601973018012,320.25025906121,329.364249896095,339.19967899802,350.151895712317,362.918041905215,378.980768870119,402.788149914582,423.437502481197,447.446837391436
295,283.354437541102,271.521264595776,259.290741182203,246.401611736165,232.492214508462,217.003441093055,198.94938400782,176.233257685357,142.564536527693,113.361942073763,79.4076150201458,306.645562458898,318.478735404224,330.709258817797,343.598388263835,357.507785491538,372.996558906945,391.05061599218,413.766742314643,447.435463472307,476.638057926237,510.592384979854
