"means","lower.10.","lower.20.","lower.30.","lower.40.","lower.50.","lower.60.","lower.70.","lower.80.","lower.90.","lower.95.","lower.98.","upper.10.","upper.20.","upper.30.","upper.40.","upper.50.","upper.60.","upper.70.","upper.80.","upper.90.","upper.95.","upper.98."
509.243356096338,466.305042588648,422.674991098182,377.579870055409,330.056404963148,278.771114023014,221.662510543567,155.09545841984,71.3389067584826,0,0,0,552.181669604027,595.811721094494,640.906842137266,688.430307229528,739.715598169662,796.824201649109,863.391253772835,947.147805434193,1071.28763204825,1178.96041816969,1304.15330130579
