"means","lower.10.","lower.20.","lower.30.","lower.40.","lower.50.","lower.60.","lower.70.","lower.80.","lower.90.","lower.95.","lower.98.","upper.10.","upper.20.","upper.30.","upper.40.","upper.50.","upper.60.","upper.70.","upper.80.","upper.90.","upper.95.","upper.98."
3255.8749999971,3197.8727368197,3138.93605481564,3078.02031628131,3013.82430334547,2944.5467118605,2867.40282850525,2777.48221074432,2664.34154089889,2496.65002472474,2351.20264294667,2182.08862885536,3313.8772631745,3372.81394517856,3433.72968371289,3497.92569664874,3567.2032881337,3644.34717148895,3734.26778924988,3847.40845909532,4015.09997526946,4160.54735704753,4329.66137113885
3595.7499999942,3513.72241276039,3430.37335774898,3344.22549415176,3253.4386220076,3155.46531256102,3046.3673864659,2919.20042929143,2759.19535954004,2522.04374307166,2316.35008314945,2077.18675083416,3677.77758722801,3761.12664223942,3847.27450583664,3938.0613779808,4036.03468742738,4145.13261352251,4272.29957069698,4432.30464044837,4669.45625691675,4875.14991683895,5114.31324915425
