"means","lower.10.","lower.20.","lower.30.","lower.40.","lower.50.","lower.60.","lower.70.","lower.80.","lower.90.","lower.95.","lower.98.","upper.10.","upper.20.","upper.30.","upper.40.","upper.50.","upper.60.","upper.70.","upper.80.","upper.90.","upper.95.","upper.98."
8.6,7.32646635205784,6.03241602507871,4.6949123060351,3.28538484867557,1.76428310244449,0.0704641753215753,0,0,0,0,0,9.87353364794216,11.1675839749213,12.5050876939649,13.9146151513244,15.4357168975555,17.1295358246784,19.1038886531542,21.5880753401148,25.2700142270345,28.4635471092419,32.176719242287
8.6,7.32646635205784,6.03241602507871,4.6949123060351,3.28538484867557,1.76428310244449,0.0704641753215753,0,0,0,0,0,9.87353364794216,11.1675839749213,12.5050876939649,13.9146151513244,15.4357168975555,17.1295358246784,19.1038886531542,21.5880753401148,25.2700142270345,28.4635471092419,32.176719242287
