"means","lower.10.","lower.20.","lower.30.","lower.40.","lower.50.","lower.60.","lower.70.","lower.80.","lower.90.","lower.95.","lower.98.","upper.10.","upper.20.","upper.30.","upper.40.","upper.50.","upper.60.","upper.70.","upper.80.","upper.90.","upper.95.","upper.98."
487,464.550713701364,441.739768484378,418.162846144857,393.316321290816,366.503014358821,336.645125566897,301.842109586446,258.051968473998,193.148382816799,136.854201589137,71.4000501220452,509.449286298636,532.260231515622,555.837153855143,580.683678709184,607.496985641179,637.354874433103,672.157890413554,715.948031526002,780.851617183201,837.145798410863,902.599949877955
