"means","lower.10.","lower.20.","lower.30.","lower.40.","lower.50.","lower.60.","lower.70.","lower.80.","lower.90.","lower.95.","lower.98.","upper.10.","upper.20.","upper.30.","upper.40.","upper.50.","upper.60.","upper.70.","upper.80.","upper.90.","upper.95.","upper.98."
1289,1237.31926963902,1184.805960603,1130.52928784104,1073.32985021494,1011.60266355944,942.866514032166,862.746136898216,761.936407573351,612.521202778419,482.925795502782,332.24312755608,1340.68073036098,1393.194039397,1447.47071215896,1504.67014978506,1566.39733644056,1635.13348596783,1715.25386310178,1816.06359242665,1965.47879722158,2095.07420449722,2245.75687244392
1289,1215.91241021015,1141.64737636633,1064.88856962587,983.996349174938,896.70092463959,799.493329752812,686.186005787533,543.619519357148,332.314510311402,149.03892772093,0,1362.08758978985,1436.35262363367,1513.11143037413,1594.00365082506,1681.29907536041,1778.50667024719,1891.81399421247,2034.38048064285,2245.6854896886,2428.96107227907,2642.05854490386
1289,1199.48634924251,1108.53062991857,1014.52067502906,915.448342896294,808.533719400676,689.479216102782,550.706652185202,376.09907909727,117.304352969139,0,0,1378.51365075749,1469.46937008143,1563.47932497094,1662.55165710371,1769.46628059932,1888.52078389722,2027.2933478148,2201.90092090273,2460.69564703086,2685.16147685985,2946.15151356357
1289,1185.63853927803,1080.611921206,972.058575682078,857.659700429889,734.205327118884,596.733028064332,436.492273796433,234.872815146703,0,0,0,1392.36146072197,1497.388078794,1605.94142431792,1720.34029957011,1843.79467288112,1981.26697193567,2141.50772620357,2343.1271848533,2641.95759444316,2901.14840899444,3202.51374488784
