"means","lower.10.","lower.20.","lower.30.","lower.40.","lower.50.","lower.60.","lower.70.","lower.80.","lower.90.","lower.95.","lower.98.","upper.10.","upper.20.","upper.30.","upper.40.","upper.50.","upper.60.","upper.70.","upper.80.","upper.90.","upper.95.","upper.98."
564,511.328324400595,457.808105957931,402.490712407869,344.194511830477,281.283745506689,211.229623891834,129.572989323695,26.830297353696,0,0,0,616.671675599405,670.191894042069,725.509287592131,783.805488169523,846.716254493311,916.770376108166,998.427010676305,1101.1697026463,1253.44984926201,1385.53016630699,1539.10207887682
564,489.511002014406,413.821983231619,335.591375037992,253.148097546622,164.178838592235,65.1073497043738,0,0,0,0,0,638.488997985594,714.178016768381,792.408624962008,874.851902453378,963.821161407765,1062.89265029563,1178.37257035963,1323.67267877833,1539.02932740242,1725.81910308998,1943.00258464579
564,472.769981742045,380.070244167165,284.257707996176,183.285726707906,74.3210830920117,0,0,0,0,0,0,655.230018257955,747.929755832835,843.742292003824,944.714273292094,1053.67891690799,1175.01621482453,1316.44965467163,1494.40521727006,1758.1621681925,1986.93198799422,2252.92634318068
