"means","lower.10.","lower.20.","lower.30.","lower.40.","lower.50.","lower.60.","lower.70.","lower.80.","lower.90.","lower.95.","lower.98.","upper.10.","upper.20.","upper.30.","upper.40.","upper.50.","upper.60.","upper.70.","upper.80.","upper.90.","upper.95.","upper.98."
1.77777777777778,1.44663105285572,1.11014954068218,0.762369192005852,0.395861089179877,0.000341220229761463,0,0,0,0,0,0,2.10892450269984,2.44540601487337,2.7931863635497,3.15969446637568,3.5552143353258,3.99564446548693,4.50901957265178,5.1549626828407,6.11234767674075,6.94273638031579,7.90824270432741
1.77777777777778,1.44663105285572,1.11014954068218,0.762369192005852,0.395861089179877,0.000341220229761463,0,0,0,0,0,0,2.10892450269984,2.44540601487337,2.7931863635497,3.15969446637568,3.5552143353258,3.99564446548693,4.50901957265178,5.1549626828407,6.11234767674075,6.94273638031579,7.90824270432741
