"means","lower.10.","lower.20.","lower.30.","lower.40.","lower.50.","lower.60.","lower.70.","lower.80.","lower.90.","lower.95.","lower.98.","upper.10.","upper.20.","upper.30.","upper.40.","upper.50.","upper.60.","upper.70.","upper.80.","upper.90.","upper.95.","upper.98."
144.555555555556,126.871303469038,108.902157359772,90.3296186817081,70.7569604177579,49.6349847455345,26.1146632019638,0,0,0,0,0,162.239807642073,180.208953751339,198.781492429403,218.354150693353,239.476126365577,262.996447909147,290.412255244047,324.907601066412,376.03489993963,420.380206894647,471.941209737018
