"means","lower.10.","lower.20.","lower.30.","lower.40.","lower.50.","lower.60.","lower.70.","lower.80.","lower.90.","lower.95.","lower.98.","upper.10.","upper.20.","upper.30.","upper.40.","upper.50.","upper.60.","upper.70.","upper.80.","upper.90.","upper.95.","upper.98."
96,91.3628236905757,86.650942281579,81.7808388730528,76.648483443487,71.1098649756952,64.9423506630575,57.7533594829293,48.7079670258277,35.3013328102647,23.6730770129651,10.1527166550005,100.637176309424,105.349057718421,110.219161126947,115.351516556513,120.890135024305,127.057649336942,134.246640517071,143.292032974172,156.698667189735,168.326922987035,181.847283345
