"means","lower.10.","lower.20.","lower.30.","lower.40.","lower.50.","lower.60.","lower.70.","lower.80.","lower.90.","lower.95.","lower.98.","upper.10.","upper.20.","upper.30.","upper.40.","upper.50.","upper.60.","upper.70.","upper.80.","upper.90.","upper.95.","upper.98."
4533.67435723577,4475.93162523853,4417.25865547254,4356.61548446655,4292.70671664988,4223.739107812,4146.94040483408,4057.42213696038,3944.78771514668,3777.84653481655,3633.0499574826,3464.69264420354,4591.417089233,4650.09005899899,4710.73323000498,4774.64199782165,4843.60960665953,4920.40830963745,5009.92657751115,5122.56099932485,5289.50217965498,5434.29875698894,5602.65607026799
