"means","lower.10.","lower.20.","lower.30.","lower.40.","lower.50.","lower.60.","lower.70.","lower.80.","lower.90.","lower.95.","lower.98.","upper.10.","upper.20.","upper.30.","upper.40.","upper.50.","upper.60.","upper.70.","upper.80.","upper.90.","upper.95.","upper.98."
630,602.819999595579,575.202128275519,546.656866292642,516.574459814432,484.110813373264,447.961003591161,405.823985253914,352.805994511896,274.225345624264,206.068351759058,126.821116916911,657.180000404421,684.797871724481,713.343133707358,743.425540185568,775.889186626737,812.038996408839,854.176014746086,907.194005488104,985.774654375736,1053.93164824094,1133.17888308309
630,591.561674802762,552.504106618059,512.13500998038,469.592062750075,423.68153366889,372.557982397833,312.967239587335,237.988478030201,126.858658633233,30.4701135384799,0,668.438325197238,707.495893381941,747.86499001962,790.407937249925,836.31846633111,887.442017602167,947.032760412665,1022.0115219698,1133.14134136677,1229.52988646152,1341.60240075585
630,582.922858349801,535.087302026558,485.645457956849,433.54120152265,377.312516487594,314.699209261043,241.71575262147,149.885898941078,13.7802225759679,0,0,677.077141650199,724.912697973442,774.354542043151,826.45879847735,882.687483512406,945.300790738957,1018.28424737853,1110.11410105892,1246.21977742403,1364.27115368973,1501.53139079567
630,575.639999191159,520.404256551039,463.313732585283,403.148919628863,338.221626746527,265.922007182322,181.647970507829,75.6119890237919,0,0,0,684.360000808841,739.595743448961,796.686267414717,856.851080371137,921.778373253473,994.077992817678,1078.35202949217,1184.38801097621,1341.54930875147,1477.86329648188,1636.35776616618
