"means","lower.10.","lower.20.","lower.30.","lower.40.","lower.50.","lower.60.","lower.70.","lower.80.","lower.90.","lower.95.","lower.98.","upper.10.","upper.20.","upper.30.","upper.40.","upper.50.","upper.60.","upper.70.","upper.80.","upper.90.","upper.95.","upper.98."
3,1.53118471825804,0.0387067623898179,0,0,0,0,0,0,0,0,0,4.46881528174196,5.96129323761018,7.50388765990312,9.12954982654466,10.8838949069112,12.8374413473072,15.1145383134545,17.9796462549711,22.2261678229613,25.9093919825358,30.1919360531757
3,0.922781507939665,0,0,0,0,0,0,0,0,0,0,5.07721849206034,7.18790105879205,9.36945901203981,11.6684924959411,14.149511101678,16.9122429724117,20.1325443847759,24.1844188933315,30.1899072876931,35.3987728474236,41.4552047535829
3,0.455937305089334,0,0,0,0,0,0,0,0,0,0,5.54406269491067,8.12911034365097,10.8009622585347,13.6166917271003,16.6553065403037,20.0389482300148,23.982995869143,28.9455083930189,36.3006995042149,42.6802308842631,50.0978148002642
3,0.0623694365160845,0,0,0,0,0,0,0,0,0,0,5.93763056348392,8.92258647522036,12.0077753198062,15.2590996530893,18.7677898138224,22.6748826946143,27.229076626909,32.9592925099423,41.4523356459226,48.8187839650717,57.3838721063513
