"means","lower.10.","lower.20.","lower.30.","lower.40.","lower.50.","lower.60.","lower.70.","lower.80.","lower.90.","lower.95.","lower.98.","upper.10.","upper.20.","upper.30.","upper.40.","upper.50.","upper.60.","upper.70.","upper.80.","upper.90.","upper.95.","upper.98."
27,0,0,0,0,0,0,0,0,0,0,0,59.2460180717713,92.0115208105302,125.877268421543,161.566665349623,200.081136072267,242.968825630033,292.959665754246,355.859557665877,449.086672692336,529.947291647204,623.965236048786
27,0,0,0,0,0,0,0,0,0,0,0,72.6027560896269,118.940174440753,166.833574012151,217.306003180758,271.773690024342,332.426042255783,403.12376635387,492.0776465671,623.920697018434,738.274881006293,871.236333085449
27,0,0,0,0,0,0,0,0,0,0,0,82.8517416420921,139.60325712116,198.260452619738,260.076301390665,326.785321508908,401.068978842201,487.655653850391,596.601462431926,758.07556230082,898.13026266212,1060.97411918885
