"means","lower.10.","lower.20.","lower.30.","lower.40.","lower.50.","lower.60.","lower.70.","lower.80.","lower.90.","lower.95.","lower.98.","upper.10.","upper.20.","upper.30.","upper.40.","upper.50.","upper.60.","upper.70.","upper.80.","upper.90.","upper.95.","upper.98."
32,22.1838175602128,12.2094960207553,1.90024306835732,0,0,0,0,0,0,0,0,41.8161824397872,51.7905039792447,62.0997569316427,72.9641567044226,84.6885522668093,97.7442227121639,112.962201126903,132.109892884478,160.489656469485,185.104868992422,213.725373167714
32,18.1178216629243,4.01200086635347,0,0,0,0,0,0,0,0,0,45.8821783370757,59.9879991336465,74.5674844768627,89.9320659825713,106.512865197525,124.976371407219,146.497842873245,173.576768244946,213.711814803806,248.522982194439,288.998487361094
32,14.9978732779232,0,0,0,0,0,0,0,0,0,0,49.0021267220768,66.2781583994458,84.1343083010786,102.952000701273,123.259249503362,145.872334041592,172.230645844406,205.395420816194,254.550613252219,297.185411981051,346.757579350895
32,12.3676351204256,0,0,0,0,0,0,0,0,0,0,51.6323648795744,71.5810079584894,92.1995138632853,113.928313408845,137.377104533619,163.488445424328,193.924402253806,232.219785768956,288.97931293897,338.209737984843,395.450746335429
