"means","lower.10.","lower.20.","lower.30.","lower.40.","lower.50.","lower.60.","lower.70.","lower.80.","lower.90.","lower.95.","lower.98.","upper.10.","upper.20.","upper.30.","upper.40.","upper.50.","upper.60.","upper.70.","upper.80.","upper.90.","upper.95.","upper.98."
12,9.0958206440936,6.14485484025377,3.09479746990395,0,0,0,0,0,0,0,0,14.9041793559064,17.8551451597462,20.905202530096,24.1195035812393,27.5882397993797,31.4508420704249,35.9531767633479,41.6181418815811,50.0144735547798,57.297039102931,65.764595394939
12,7.89287016731321,3.7195743054237,0,0,0,0,0,0,0,0,0,16.1071298326868,20.2804256945763,24.593858193741,29.1395663338179,34.0451001378068,39.5076446555721,45.8749074406466,53.8863779412225,65.760584067643,76.0596870347095,88.0346199830248
12,6.96981380127746,1.85859109762854,0,0,0,0,0,0,0,0,0,17.0301861987225,22.1414089023715,27.4242632338173,32.9915959652194,38.9996233330929,45.6898467159742,53.4881191567967,63.3001265646821,77.8429996198621,90.4567731587107,105.123010872418
