"means","lower.10.","lower.20.","lower.30.","lower.40.","lower.50.","lower.60.","lower.70.","lower.80.","lower.90.","lower.95.","lower.98.","upper.10.","upper.20.","upper.30.","upper.40.","upper.50.","upper.60.","upper.70.","upper.80.","upper.90.","upper.95.","upper.98."
2.18181818180783,1.79320883898408,1.3983389837896,0.990209648438533,0.560102803769289,0.0959498927519258,0,0,0,0,0,0,2.57042752463158,2.96529737982606,3.37342671517713,3.80353355984637,4.26768647086373,4.78454274803809,5.38700186359891,6.14503299801863,7.26854932872185,8.24303219114639,9.37607911514855
2.18181818180783,1.79320883898408,1.3983389837896,0.990209648438533,0.560102803769289,0.0959498927519258,0,0,0,0,0,0,2.57042752463158,2.96529737982606,3.37342671517713,3.80353355984637,4.26768647086373,4.78454274803809,5.38700186359891,6.14503299801863,7.26854932872185,8.24303219114639,9.37607911514855
2.18181818180783,1.79320883898408,1.3983389837896,0.990209648438533,0.560102803769289,0.0959498927519258,0,0,0,0,0,0,2.57042752463158,2.96529737982606,3.37342671517713,3.80353355984637,4.26768647086373,4.78454274803809,5.38700186359891,6.14503299801863,7.26854932872185,8.24303219114639,9.37607911514855
2.18181818180783,1.79320883898408,1.3983389837896,0.990209648438533,0.560102803769289,0.0959498927519258,0,0,0,0,0,0,2.57042752463158,2.96529737982606,3.37342671517713,3.80353355984637,4.26768647086373,4.78454274803809,5.38700186359891,6.14503299801863,7.26854932872185,8.24303219114639,9.37607911514855
