"means","lower.10.","lower.20.","lower.30.","lower.40.","lower.50.","lower.60.","lower.70.","lower.80.","lower.90.","lower.95.","lower.98.","upper.10.","upper.20.","upper.30.","upper.40.","upper.50.","upper.60.","upper.70.","upper.80.","upper.90.","upper.95.","upper.98."
136,114.705798011878,93.0685455607825,70.7047278483881,47.1366325465347,21.7029521085909,0,0,0,0,0,0,157.294201988122,178.931454439217,201.295272151612,224.863367453465,250.297047891409,278.61865715846,311.630951724306,353.167956399306,414.732054444676,468.12972820015,530.216063763793
