"means","lower.10.","lower.20.","lower.30.","lower.40.","lower.50.","lower.60.","lower.70.","lower.80.","lower.90.","lower.95.","lower.98.","upper.10.","upper.20.","upper.30.","upper.40.","upper.50.","upper.60.","upper.70.","upper.80.","upper.90.","upper.95.","upper.98."
17,14.5470544776752,12.0545919028893,9.47843401022428,6.76355162709239,3.83376667524057,0.571312197003031,0,0,0,0,0,19.4529455223247,21.9454080971106,24.5215659897757,27.2364483729076,30.1662333247594,33.4286878029969,37.2314769463575,42.0162540272342,49.1080144379125,55.2590589717302,62.4109775504749
