"means","lower.10.","lower.20.","lower.30.","lower.40.","lower.50.","lower.60.","lower.70.","lower.80.","lower.90.","lower.95.","lower.98.","upper.10.","upper.20.","upper.30.","upper.40.","upper.50.","upper.60.","upper.70.","upper.80.","upper.90.","upper.95.","upper.98."
836,811.978787355088,787.570591994242,762.342784860585,735.756476099301,707.065668785489,675.117094284815,637.877128771902,591.020748688373,521.572534979076,461.336566674683,391.299235867474,860.021212644912,884.429408005758,909.657215139415,936.243523900699,964.934331214511,996.882905715185,1034.1228712281,1080.97925131163,1150.42746502092,1210.66343332532,1280.70076413253
