"means","lower.10.","lower.20.","lower.30.","lower.40.","lower.50.","lower.60.","lower.70.","lower.80.","lower.90.","lower.95.","lower.98.","upper.10.","upper.20.","upper.30.","upper.40.","upper.50.","upper.60.","upper.70.","upper.80.","upper.90.","upper.95.","upper.98."
383.899999999758,376.685571912487,369.354919094334,361.778107587949,353.7932895232,345.176415379876,335.5811173975,324.39662570939,310.323981270515,289.466202314828,271.375189674331,250.340477813519,391.114428087029,398.445080905182,406.021892411568,414.006710476316,422.623584619641,432.218882602016,443.403374290126,457.476018729001,478.333797684688,496.424810325185,517.459522185997
418.799999999516,408.597257953733,398.230149317252,387.514919725377,376.222681725127,364.036581446376,350.46678090469,334.649521071115,314.747796447204,285.250442567091,259.665887133837,229.918312339667,429.0027420453,439.369850681781,450.085080273656,461.377318273905,473.563418552656,487.133219094343,502.950478927918,522.852203551828,552.349557431942,577.934112865195,607.681687659365
453.699999999274,441.204244004569,428.50718087088,415.383758382448,401.553647805109,386.628783986445,370.009240367208,350.637132506569,326.262597341586,290.135864457295,258.801311403584,222.368121738086,466.195755993979,478.892819127669,492.016241616101,505.84635219344,520.771216012104,537.390759631341,556.76286749198,581.137402656962,617.264135541254,648.598688594965,685.031878260463
488.599999999032,474.171143824491,459.509838188184,444.356215175413,428.386579045916,411.152830759267,391.962234794517,369.593251418296,341.447962540547,299.732404629172,263.550379348178,221.480955626555,503.028856173574,517.69016180988,532.843784822652,548.813420952149,566.047169238797,585.237765203548,607.606748579769,635.752037457518,677.467595368893,713.649620649887,755.71904437151
