"means","lower.10.","lower.20.","lower.30.","lower.40.","lower.50.","lower.60.","lower.70.","lower.80.","lower.90.","lower.95.","lower.98.","upper.10.","upper.20.","upper.30.","upper.40.","upper.50.","upper.60.","upper.70.","upper.80.","upper.90.","upper.95.","upper.98."
0,0,0,0,0,0,0,0,0,0,0,0,2.04519006474786,4.12332822489613,6.27124895095733,8.53483386403686,10.9775978882849,13.6977314684468,16.8683793705499,20.8577784251884,26.7706687855685,31.8992193603334,37.862267739521
0,0,0,0,0,0,0,0,0,0,0,0,2.89233552719713,5.83126669776388,8.8688853194619,12.0700778031221,15.5246678158907,19.3715176164223,23.8554908810862,29.4973531298744,37.8594428703491,45.1123086484978,53.5453325394319
0,0,0,0,0,0,0,0,0,0,0,0,3.54237310327838,7.14181398180288,10.8621218099711,14.7827658866712,19.0137572875702,23.725166851785,29.2168901111391,36.1267319654403,46.3681584892029,55.2510686538822,65.5793714146264
0,0,0,0,0,0,0,0,0,0,0,0,4.09038012949572,8.24665644979225,12.5424979019147,17.0696677280737,21.9551957765697,27.3954629368937,33.7367587410998,41.7155568503768,53.541337571137,63.7984387206667,75.724535479042
