"means","lower.10.","lower.20.","lower.30.","lower.40.","lower.50.","lower.60.","lower.70.","lower.80.","lower.90.","lower.95.","lower.98.","upper.10.","upper.20.","upper.30.","upper.40.","upper.50.","upper.60.","upper.70.","upper.80.","upper.90.","upper.95.","upper.98."
2.00000000000438,1.68654552887621,1.36804129342715,1.03884188706501,0.691915298669657,0.317526962588059,0,0,0,0,0,0,2.31345447113255,2.63195870658161,2.96115811294375,3.3080847013391,3.6824730374207,4.09937220364697,4.58531909847011,5.19675125450549,6.1029858156343,6.88900914704783,7.80293113807822
2.00000000000438,1.68654552887621,1.36804129342715,1.03884188706501,0.691915298669657,0.317526962588059,0,0,0,0,0,0,2.31345447113255,2.63195870658161,2.96115811294375,3.3080847013391,3.6824730374207,4.09937220364697,4.58531909847011,5.19675125450549,6.1029858156343,6.88900914704783,7.80293113807822
