"means","lower.10.","lower.20.","lower.30.","lower.40.","lower.50.","lower.60.","lower.70.","lower.80.","lower.90.","lower.95.","lower.98.","upper.10.","upper.20.","upper.30.","upper.40.","upper.50.","upper.60.","upper.70.","upper.80.","upper.90.","upper.95.","upper.98."
6,2.7921432177579,0,0,0,0,0,0,0,0,0,0,9.2078567822421,12.4673922681479,15.8363808954535,19.3867874521655,23.2182343566208,27.4847321771072,32.4578564613369,38.7151823867247,47.989482009111,56.033553818329,65.3865257086814
6,1.46340543240271,0,0,0,0,0,0,0,0,0,0,10.5365945675973,15.1462738588017,19.9107432670179,24.9317763714584,30.3502605472515,36.3839996288186,43.4170594389432,52.2662546268155,65.3820949343058,76.758130383605,89.9852300794358
6,0.443829069752276,0,0,0,0,0,0,0,0,0,0,11.5561709302477,17.2018520009104,23.0371114735253,29.1865960172761,35.8228567222952,43.2126477177595,51.8263516504,62.6643580726896,78.7279162232795,92.6606572965776,108.860479812432
