"means","lower.10.","lower.20.","lower.30.","lower.40.","lower.50.","lower.60.","lower.70.","lower.80.","lower.90.","lower.95.","lower.98.","upper.10.","upper.20.","upper.30.","upper.40.","upper.50.","upper.60.","upper.70.","upper.80.","upper.90.","upper.95.","upper.98."
2,1.76305069201531,1.52228412100989,1.27343276072866,1.01118091041718,0.728169930121414,0.413023782800013,0.0456824587754221,0,0,0,0,2.23694930798469,2.47771587899011,2.72656723927135,2.98881908958282,3.27183006987859,3.58697621719999,3.95431754122458,4.4165168064982,5.1015657431378,5.69574353159914,6.38660361902183
2,1.76305069201531,1.52228412100989,1.27343276072866,1.01118091041718,0.728169930121414,0.413023782800013,0.0456824587754221,0,0,0,0,2.23694930798469,2.47771587899011,2.72656723927135,2.98881908958282,3.27183006987859,3.58697621719999,3.95431754122458,4.4165168064982,5.1015657431378,5.69574353159914,6.38660361902183
2,1.76305069201531,1.52228412100989,1.27343276072866,1.01118091041718,0.728169930121414,0.413023782800013,0.0456824587754221,0,0,0,0,2.23694930798469,2.47771587899011,2.72656723927135,2.98881908958282,3.27183006987859,3.58697621719999,3.95431754122458,4.4165168064982,5.1015657431378,5.69574353159914,6.38660361902183
2,1.76305069201531,1.52228412100989,1.27343276072866,1.01118091041718,0.728169930121414,0.413023782800013,0.0456824587754221,0,0,0,0,2.23694930798469,2.47771587899011,2.72656723927135,2.98881908958282,3.27183006987859,3.58697621719999,3.95431754122458,4.4165168064982,5.1015657431378,5.69574353159914,6.38660361902183
