"means","lower.10.","lower.20.","lower.30.","lower.40.","lower.50.","lower.60.","lower.70.","lower.80.","lower.90.","lower.95.","lower.98.","upper.10.","upper.20.","upper.30.","upper.40.","upper.50.","upper.60.","upper.70.","upper.80.","upper.90.","upper.95.","upper.98."
409,403.961891084666,398.842618029118,393.551443020044,387.975341547731,381.957851329706,375.257090614441,367.446535625783,357.619073968092,343.053295386679,330.419654719815,315.730317176286,414.038108915334,419.157381970882,424.448556979956,430.024658452269,436.042148670294,442.742909385559,450.553464374217,460.380926031908,474.946704613321,487.580345280185,502.269682823714
515,503.734445987265,492.287403439676,480.45597643854,467.98743449701,454.531917315567,439.548560855274,422.083628958634,400.108756645765,367.538685592515,339.289006258102,306.442648966331,526.265554012735,537.712596560324,549.54402356146,562.01256550299,575.468082684433,590.451439144726,607.916371041366,629.891243354235,662.461314407485,690.710993741898,723.557351033669
621,602.149122561569,582.994556718364,563.19679266095,542.332931397667,519.817544673556,494.745593846278,465.521173078162,428.750178573426,374.250025550167,326.979270627149,272.016802300588,639.850877438431,659.005443281636,678.80320733905,699.667068602333,722.182455326444,747.254406153722,776.478826921838,813.249821426574,867.749974449833,915.020729372851,969.983197699412
727,699.405140999037,671.365727693515,642.384768611742,611.843203018503,578.884051698717,542.182473736764,499.402302197538,445.575077868196,365.795022901539,296.597723134981,216.140907860997,754.594859000963,782.634272306485,811.615231388258,842.156796981497,875.115948301283,911.817526263236,954.597697802462,1008.4249221318,1088.20497709846,1157.40227686502,1237.859092139
