"means","lower.10.","lower.20.","lower.30.","lower.40.","lower.50.","lower.60.","lower.70.","lower.80.","lower.90.","lower.95.","lower.98.","upper.10.","upper.20.","upper.30.","upper.40.","upper.50.","upper.60.","upper.70.","upper.80.","upper.90.","upper.95.","upper.98."
2.50000000000174,2.05572004753045,1.60428272689528,1.13768642636797,0.645964207033948,0.115318618979388,0,0,0,0,0,0,2.94427995247303,3.3957172731082,3.86231357363551,4.35403579296953,4.88468138102409,5.47558040725171,6.16434538979782,7.03096901218585,8.3154357683851,9.42951912175013,10.7248817856677
2.50000000000174,2.05572004753045,1.60428272689528,1.13768642636797,0.645964207033948,0.115318618979388,0,0,0,0,0,0,2.94427995247303,3.3957172731082,3.86231357363551,4.35403579296953,4.88468138102409,5.47558040725171,6.16434538979782,7.03096901218585,8.3154357683851,9.42951912175013,10.7248817856677
2.50000000000174,2.05572004753045,1.60428272689528,1.13768642636797,0.645964207033948,0.115318618979388,0,0,0,0,0,0,2.94427995247303,3.3957172731082,3.86231357363551,4.35403579296953,4.88468138102409,5.47558040725171,6.16434538979782,7.03096901218585,8.3154357683851,9.42951912175013,10.7248817856677
2.50000000000174,2.05572004753045,1.60428272689528,1.13768642636797,0.645964207033948,0.115318618979388,0,0,0,0,0,0,2.94427995247303,3.3957172731082,3.86231357363551,4.35403579296953,4.88468138102409,5.47558040725171,6.16434538979782,7.03096901218585,8.3154357683851,9.42951912175013,10.7248817856677
