"means","lower.10.","lower.20.","lower.30.","lower.40.","lower.50.","lower.60.","lower.70.","lower.80.","lower.90.","lower.95.","lower.98.","upper.10.","upper.20.","upper.30.","upper.40.","upper.50.","upper.60.","upper.70.","upper.80.","upper.90.","upper.95.","upper.98."
773.580162852886,737.788384575612,701.41999928975,663.830386612934,624.216596815499,581.46708915526,533.863485136321,478.37567074516,408.559330012647,305.080995942681,215.328973272653,110.972850522343,809.37194113016,845.740326416022,883.329939092838,922.943728890273,965.693236550513,1013.29684056945,1068.78465496061,1138.60099569313,1242.07932976309,1331.83135243312,1436.18747518343
1051.57442206468,1015.66398399709,979.175027306855,941.460794514114,901.715673885494,858.824439609282,811.063016282592,755.391244213513,685.343442716816,581.522048927176,491.472473112191,386.770380526373,1087.48486013226,1123.9738168225,1161.68804961524,1201.43317024386,1244.32440452007,1292.08582784676,1347.75759991584,1417.80540141254,1521.62679520218,1611.67637101716,1716.37846360298
