"means","lower.10.","lower.20.","lower.30.","lower.40.","lower.50.","lower.60.","lower.70.","lower.80.","lower.90.","lower.95.","lower.98.","upper.10.","upper.20.","upper.30.","upper.40.","upper.50.","upper.60.","upper.70.","upper.80.","upper.90.","upper.95.","upper.98."
655,634.976469079612,614.630358259004,593.601037896972,571.439301792725,547.523304050593,520.891706435887,489.849326854775,450.790925045959,392.900489823974,342.689170699834,284.307661001295,675.023530920388,695.369641740996,716.398962103028,738.560698207275,762.476695949407,789.108293564113,820.150673145225,859.209074954041,917.099510176026,967.310829300166,1025.6923389987
655,626.682451005791,597.908705141741,568.168755078266,536.827327313906,503.004998949299,465.342232414919,421.441678202977,366.204756640331,284.335318017719,213.325789527716,130.761866720227,683.317548994209,712.091294858259,741.831244921734,773.172672686094,806.995001050701,844.657767585081,888.558321797023,943.795243359669,1025.66468198228,1096.67421047228,1179.23813327977
655,620.318227098962,585.077729421242,548.65387810556,510.268625189069,468.844901985994,422.717621830594,368.950643208269,301.29950681296,201.030331736207,114.061775898141,12.9420348776977,689.681772901038,724.922270578758,761.34612189444,799.731374810931,841.155098014006,887.282378169406,941.049356791731,1008.70049318704,1108.96966826379,1195.93822410186,1297.0579651223
655,614.952938159225,574.260716518009,532.202075793944,487.878603585449,440.046608101185,386.783412871774,324.69865370955,246.581850091918,130.800979647948,30.3783413996678,0,695.047061840775,735.739283481991,777.797924206056,822.121396414551,869.953391898815,923.216587128226,985.30134629045,1063.41814990808,1179.19902035205,1279.62165860033,1396.38467799741
