"means","lower.10.","lower.20.","lower.30.","lower.40.","lower.50.","lower.60.","lower.70.","lower.80.","lower.90.","lower.95.","lower.98.","upper.10.","upper.20.","upper.30.","upper.40.","upper.50.","upper.60.","upper.70.","upper.80.","upper.90.","upper.95.","upper.98."
25.7,22.3027250943015,18.8507199512408,15.2827986573453,11.5227470344312,7.46506014108915,2.9466333643722,0,0,0,0,0,29.0972749056985,32.5492800487592,36.1172013426547,39.8772529655688,43.9349398589109,48.4533666356278,53.7201448868454,60.3469545563965,70.1688847465094,78.6879444029048,88.593192315684
25.7,22.3027250943015,18.8507199512408,15.2827986573453,11.5227470344312,7.46506014108915,2.9466333643722,0,0,0,0,0,29.0972749056985,32.5492800487592,36.1172013426547,39.8772529655688,43.9349398589109,48.4533666356278,53.7201448868454,60.3469545563965,70.1688847465094,78.6879444029048,88.593192315684
25.7,22.3027250943015,18.8507199512408,15.2827986573453,11.5227470344312,7.46506014108915,2.9466333643722,0,0,0,0,0,29.0972749056985,32.5492800487592,36.1172013426547,39.8772529655688,43.9349398589109,48.4533666356278,53.7201448868454,60.3469545563965,70.1688847465094,78.6879444029048,88.593192315684
