"means","lower.10.","lower.20.","lower.30.","lower.40.","lower.50.","lower.60.","lower.70.","lower.80.","lower.90.","lower.95.","lower.98.","upper.10.","upper.20.","upper.30.","upper.40.","upper.50.","upper.60.","upper.70.","upper.80.","upper.90.","upper.95.","upper.98."
294,277.584279650534,260.904101376368,243.663813258604,225.495146413958,205.888298232475,184.05514299923,158.605934055434,126.585018067148,79.1251969551094,37.9608800123658,0,310.415720349466,327.095898623632,344.336186741396,362.504853586042,382.111701767525,403.94485700077,429.394065944566,461.414981932852,508.874803044891,550.039119987634,597.90153449391
294,270.784665645662,247.195331307535,222.813882032173,197.119506970237,169.391236356592,138.51449211634,102.523875676357,57.2394620061134,0,0,0,317.215334354338,340.804668692465,365.186117967827,390.880493029763,418.608763643408,449.48550788366,485.476124323643,530.760537993887,597.878860678332,656.093995984585,723.781671707283
294,265.567138311883,236.676222061721,206.815167104628,175.346113023909,141.38605579729,103.569921643771,59.4905987406803,4.02874534407397,0,0,0,322.432861688117,351.323777938279,381.184832895372,412.653886976091,446.61394420271,484.430078356229,528.50940125932,583.971254655926,666.174076140106,737.472764543807,820.372898241598
294,261.168559301069,227.808202752737,193.327626517208,156.990292827917,117.776596464949,74.1102859984594,23.2118681108676,0,0,0,0,326.831440698931,360.191797247263,394.672373482792,431.009707172083,470.223403535051,513.889714001541,564.788131889132,628.829963865705,723.749606089781,806.078239975268,901.80306898782
