"means","lower.10.","lower.20.","lower.30.","lower.40.","lower.50.","lower.60.","lower.70.","lower.80.","lower.90.","lower.95.","lower.98.","upper.10.","upper.20.","upper.30.","upper.40.","upper.50.","upper.60.","upper.70.","upper.80.","upper.90.","upper.95.","upper.98."
237,232.82400477258,228.580734091638,224.194977063226,219.573049763259,214.585263501824,209.03112697217,202.557102510955,194.411301443563,182.33799718162,171.866206274284,159.690486275649,241.17599522742,245.419265908362,249.805022936774,254.426950236741,259.414736498176,264.96887302783,271.442897489045,279.588698556437,291.66200281838,302.133793725716,314.309513724351
266,256.662190797775,247.173949108257,237.367098259929,227.03215463014,215.879125492332,203.459698655712,188.983339872439,170.768774954559,143.772045911816,120.35640959685,93.1306720048978,275.337809202225,284.826050891743,294.632901740071,304.96784536986,316.120874507668,328.540301344288,343.016660127561,361.231225045441,388.227954088184,411.64359040315,438.869327995102
