"means","lower.10.","lower.20.","lower.30.","lower.40.","lower.50.","lower.60.","lower.70.","lower.80.","lower.90.","lower.95.","lower.98.","upper.10.","upper.20.","upper.30.","upper.40.","upper.50.","upper.60.","upper.70.","upper.80.","upper.90.","upper.95.","upper.98."
109,104.518626502242,99.9650578945658,95.2585833311652,90.2986680576429,84.9461396309557,78.9858454037285,72.0383945412789,63.2969149577463,50.3407254021209,39.1031631707128,26.0370685162614,113.481373497758,118.034942105434,122.741416668835,127.701331942357,133.053860369044,139.014154596271,145.961605458721,154.703085042254,167.659274597879,178.896836829287,191.962931483739
109,102.662380821412,96.2226623392392,89.5667021807141,82.5523227326774,74.9827044386688,66.5535755067901,56.7283962731932,44.3660772909539,26.0432583047118,10.1509453890428,0,115.337619178588,121.777337660761,128.433297819286,135.447677267323,143.017295561331,151.44642449321,161.271603726807,173.633922709046,191.956741695288,207.849054610957,226.327302878533
109,101.238033414191,93.3510212299446,85.1991681616042,76.6083429066267,67.3374917226478,57.0139592930309,44.9806214161798,29.8399346441754,7.399156061339,0,0,116.761966585809,124.648978770055,132.800831838396,141.391657093373,150.662508277352,160.986040706969,173.01937858382,188.160065355825,210.600843938661,230.064872676677,252.696012474691
