"means","lower.10.","lower.20.","lower.30.","lower.40.","lower.50.","lower.60.","lower.70.","lower.80.","lower.90.","lower.95.","lower.98.","upper.10.","upper.20.","upper.30.","upper.40.","upper.50.","upper.60.","upper.70.","upper.80.","upper.90.","upper.95.","upper.98."
307.4,294.998838552839,282.397893888714,269.373817467301,255.648402680525,240.836522081178,224.342790634466,205.117332226554,180.927315559412,145.074066884708,113.976720597026,77.8193350600207,319.801161447162,332.402106111286,345.426182532699,359.151597319475,373.963477918822,390.457209365534,409.682667773446,433.872684440588,469.725933115292,500.823279402974,536.980664939979
307.4,294.998838552839,282.397893888714,269.373817467301,255.648402680525,240.836522081178,224.342790634466,205.117332226554,180.927315559412,145.074066884708,113.976720597026,77.8193350600207,319.801161447162,332.402106111286,345.426182532699,359.151597319475,373.963477918822,390.457209365534,409.682667773446,433.872684440588,469.725933115292,500.823279402974,536.980664939979
