"means","lower.10.","lower.20.","lower.30.","lower.40.","lower.50.","lower.60.","lower.70.","lower.80.","lower.90.","lower.95.","lower.98.","upper.10.","upper.20.","upper.30.","upper.40.","upper.50.","upper.60.","upper.70.","upper.80.","upper.90.","upper.95.","upper.98."
338,309.132707523356,279.800361786937,249.483054420447,217.533179023589,183.05423999741,144.660306354007,99.9074875778461,43.5982225851601,0,0,0,366.867292476644,396.199638213063,426.516945579554,458.466820976411,492.94576000259,531.339693645993,576.092512422154,632.40177741484,715.860590538139,788.248664377744,872.415444072915
338,297.17548347054,255.693282313879,212.818135061554,167.634187959188,118.87360477213,64.5763831007771,1.28633983310533,0,0,0,0,378.82451652946,420.306717686121,463.181864938446,508.365812040812,557.12639522787,611.423616899223,674.713660166895,754.346986406812,872.375571825343,974.747767603378,1093.77756894956
338,288.000382753502,237.195269632848,184.684152925404,129.345345442552,69.6260712581397,3.12582748533811,0,0,0,0,0,387.999617246498,438.804730367152,491.315847074596,546.654654557448,606.37392874186,672.874172514662,750.388328416895,847.918836321086,992.473740990036,1117.85356274228,1263.63470148377
338,280.265415046713,221.600723573874,160.966108840893,97.0663580471783,28.108479994819,0,0,0,0,0,0,395.734584953287,454.399276426126,515.033891159107,578.933641952822,647.891520005181,724.679387291986,814.185024844308,926.80355482968,1093.72118107628,1238.49732875549,1406.83088814583
