"means","lower.10.","lower.20.","lower.30.","lower.40.","lower.50.","lower.60.","lower.70.","lower.80.","lower.90.","lower.95.","lower.98.","upper.10.","upper.20.","upper.30.","upper.40.","upper.50.","upper.60.","upper.70.","upper.80.","upper.90.","upper.95.","upper.98."
136,117.179094891199,98.0549842330768,78.2886980266115,57.4580096768534,34.9784217422068,9.94633456462489,0,0,0,0,0,154.820905108801,173.945015766923,193.711301973389,214.541990323147,237.021578257793,262.053665435375,291.231620251158,327.944149977705,382.357649392577,429.553245233317,484.428324884029
136,109.383220738996,82.3376440779563,54.3838940470248,24.9248520692297,0,0,0,0,0,0,0,162.616779261004,189.662355922044,217.616105952975,247.07514793077,278.866086064506,314.266803245548,355.530662668338,407.450020116645,484.402328965338,551.146980687592,628.752062565932
136,103.401236107123,70.2773047976869,36.0410928111411,0,0,0,0,0,0,0,0,168.598763892877,201.722695202313,235.958907188859,272.038717767273,310.974506203293,354.331353014359,404.869053216244,468.457019977005,562.703965581183,644.449135470832,739.495561495253
136,98.3581897823973,60.1099684661536,20.5773960532229,0,0,0,0,0,0,0,0,173.641810217603,211.890031533846,251.422603946777,293.083980646293,338.043156515586,388.10733087075,446.463240502316,519.888299955409,628.715298785154,723.106490466634,832.856649768057
