"means","lower.10.","lower.20.","lower.30.","lower.40.","lower.50.","lower.60.","lower.70.","lower.80.","lower.90.","lower.95.","lower.98.","upper.10.","upper.20.","upper.30.","upper.40.","upper.50.","upper.60.","upper.70.","upper.80.","upper.90.","upper.95.","upper.98."
42,32.3948349619206,22.6349303231234,12.5472942553858,1.91644529782645,0,0,0,0,0,0,0,51.6051650380794,61.3650696768766,71.4527057446142,82.0835547021736,93.5559122137858,106.330926337619,121.221765532603,139.957841451926,167.727528359007,191.813590347004,219.818842670196
