"means","lower.10.","lower.20.","lower.30.","lower.40.","lower.50.","lower.60.","lower.70.","lower.80.","lower.90.","lower.95.","lower.98.","upper.10.","upper.20.","upper.30.","upper.40.","upper.50.","upper.60.","upper.70.","upper.80.","upper.90.","upper.95.","upper.98."
32.5,29.5344336283243,26.5210918613861,23.4065639825224,20.1243207263247,16.5822641863903,12.638016260079,8.04051358442419,2.25580541301548,0,0,0,35.4655663716757,38.4789081386139,41.5934360174776,44.8756792736753,48.4177358136097,52.361983739921,56.9594864155758,62.7441945869845,71.3180035030329,78.7545040914688,87.401043134858
32.5,29.5344336283243,26.5210918613861,23.4065639825224,20.1243207263247,16.5822641863903,12.638016260079,8.04051358442419,2.25580541301548,0,0,0,35.4655663716757,38.4789081386139,41.5934360174776,44.8756792736753,48.4177358136097,52.361983739921,56.9594864155758,62.7441945869845,71.3180035030329,78.7545040914688,87.401043134858
32.5,29.5344336283243,26.5210918613861,23.4065639825224,20.1243207263247,16.5822641863903,12.638016260079,8.04051358442419,2.25580541301548,0,0,0,35.4655663716757,38.4789081386139,41.5934360174776,44.8756792736753,48.4177358136097,52.361983739921,56.9594864155758,62.7441945869845,71.3180035030329,78.7545040914688,87.401043134858
