"means","lower.10.","lower.20.","lower.30.","lower.40.","lower.50.","lower.60.","lower.70.","lower.80.","lower.90.","lower.95.","lower.98.","upper.10.","upper.20.","upper.30.","upper.40.","upper.50.","upper.60.","upper.70.","upper.80.","upper.90.","upper.95.","upper.98."
2874.89999999312,2830.90710228463,2786.20547719887,2740.00279979676,2691.31213712827,2638.76725648514,2580.25604013996,2512.05407141778,2426.24042135457,2299.05166502852,2188.73438708094,2060.46671069328,2918.8928977016,2963.59452278737,3009.79720018948,3058.48786285796,3111.0327435011,3169.54395984628,3237.74592856845,3323.55957863167,3450.74833495772,3561.06561290529,3689.33328929296
