"means","lower.10.","lower.20.","lower.30.","lower.40.","lower.50.","lower.60.","lower.70.","lower.80.","lower.90.","lower.95.","lower.98.","upper.10.","upper.20.","upper.30.","upper.40.","upper.50.","upper.60.","upper.70.","upper.80.","upper.90.","upper.95.","upper.98."
37.625,35.3902300110993,33.119457786484,30.772434465827,28.2990254080228,25.6298281410056,22.6575504072507,19.1929976993515,14.8337992880517,8.3728105746792,2.76886641878154,0,39.8597699889007,42.130542213516,44.477565534173,46.9509745919772,49.6201718589944,52.5924495927493,56.0570023006485,60.4162007119483,66.8771894253208,72.4811335812185,78.9969297362395
22.25,19.0895579729123,15.8782010958012,12.5590088845221,9.06108024967897,5.2862652740141,1.08282979179825,0,0,0,0,0,25.4104420270877,28.6217989041988,31.9409911154779,35.438919750321,39.2137347259859,43.4171702082018,48.3167876352693,54.4816251496046,63.6188430143955,71.5440168424474,80.7587441345367
6.875,3.0042648359939,0,0,0,0,0,0,0,0,0,0,10.7457351640061,14.678828029456,18.743991667383,23.0280618234009,27.6512471052986,32.7993831543679,38.8001644699497,46.3505175985944,57.5412783172847,67.2475943180781,78.5332843103365
