"means","lower.10.","lower.20.","lower.30.","lower.40.","lower.50.","lower.60.","lower.70.","lower.80.","lower.90.","lower.95.","lower.98.","upper.10.","upper.20.","upper.30.","upper.40.","upper.50.","upper.60.","upper.70.","upper.80.","upper.90.","upper.95.","upper.98."
2,0,0,0,0,0,0,0,0,0,0,0,5.04738836717417,8.14387028529717,11.3443301090731,14.7171326916438,18.3569169833608,22.4099893956636,27.1343403006565,33.0786525094193,41.8890186515119,49.5306973548208,58.4158002979908
