"means","lower.10.","lower.20.","lower.30.","lower.40.","lower.50.","lower.60.","lower.70.","lower.80.","lower.90.","lower.95.","lower.98.","upper.10.","upper.20.","upper.30.","upper.40.","upper.50.","upper.60.","upper.70.","upper.80.","upper.90.","upper.95.","upper.98."
527.008070815865,481.558339674416,435.376411509628,387.643723386746,337.340659877591,283.055745209886,222.60691846359,152.146428175345,63.491042265466,0,0,0,572.457801957314,618.639730122102,666.372418244985,716.67548175414,770.960396421845,831.40922316814,901.869713456386,990.525099366264,1121.92573629498,1235.89619253085,1368.41147817054
458.412405201276,412.321665800072,365.488402706308,317.082508239215,266.069986645479,211.019455156549,149.718077773237,78.2638355941267,0,0,0,0,504.503144602479,551.336407696244,599.742302163336,650.754823757072,705.805355246002,767.106732629314,838.560974808425,928.466727512842,1061.72059638579,1177.29845495343,1311.68269318109
