"means","lower.10.","lower.20.","lower.30.","lower.40.","lower.50.","lower.60.","lower.70.","lower.80.","lower.90.","lower.95.","lower.98.","upper.10.","upper.20.","upper.30.","upper.40.","upper.50.","upper.60.","upper.70.","upper.80.","upper.90.","upper.95.","upper.98."
74,71.6517416308396,69.2656527235274,66.7994404588555,64.2004242069847,61.3956770283739,58.2724580401,54.6319648653532,50.0513931720663,43.2622959072101,37.3737665150341,30.5270785208489,76.3482583691604,78.7343472764726,81.2005595411445,83.7995757930153,86.6043229716261,89.7275419599,93.3680351346468,97.9486068279337,104.73770409279,110.626233484966,117.472921479151
61,55.7491346578245,50.4136776607163,44.8990593899661,39.0874823761564,32.8158770250819,25.8321470586832,17.6917568483254,7.44928716632459,0,0,0,66.2508653421755,71.5863223392837,77.1009406100339,82.9125176238436,89.1841229749181,96.1678529413168,104.308243151675,114.550712833675,129.731595823752,142.898747832163,158.208407607893
48,39.2136217269771,30.2856945414333,21.057973203971,11.3333448468132,0.838941847930755,0,0,0,0,0,0,56.7863782730229,65.7143054585667,74.942026796029,84.6666551531868,95.1610581520692,106.847073550057,120.468551728848,137.607481640683,163.009957571259,185.04281706873,210.660777777109
