"means","lower.10.","lower.20.","lower.30.","lower.40.","lower.50.","lower.60.","lower.70.","lower.80.","lower.90.","lower.95.","lower.98.","upper.10.","upper.20.","upper.30.","upper.40.","upper.50.","upper.60.","upper.70.","upper.80.","upper.90.","upper.95.","upper.98."
220.964997855363,177.147121879312,132.623338133226,86.6044738705811,38.1075225640976,0,0,0,0,0,0,0,264.782873831415,309.306657577501,355.325521840146,403.822473146629,456.158308772965,514.436743578743,582.367376986748,667.83962526734,794.522372722926,904.40076343849,1032.15813857059
297.047952103014,252.648909817519,207.534597149028,160.905374376014,111.765197135314,58.7352195916642,0,0,0,0,0,0,341.44699438851,386.561307057,433.190529830015,482.330707070715,535.360684614364,594.412079362215,663.243691985586,749.849577850991,878.212546977961,989.548279415308,1119.00012924651
0,0,0,0,0,0,0,0,0,0,0,0,0,0,0,0,22.6944066798196,100.272143701504,190.698470897926,304.475438688189,473.110044268221,619.375415459227,789.440519019565
