"means","lower.10.","lower.20.","lower.30.","lower.40.","lower.50.","lower.60.","lower.70.","lower.80.","lower.90.","lower.95.","lower.98.","upper.10.","upper.20.","upper.30.","upper.40.","upper.50.","upper.60.","upper.70.","upper.80.","upper.90.","upper.95.","upper.98."
431,385.970267128621,340.215103423173,292.923510240434,243.085294357931,189.302023367289,129.411800644022,59.6024315678529,0,0,0,0,476.029732871379,521.784896576827,569.076489759566,618.914705642069,672.697976632711,732.588199355978,802.397568432147,890.233695178563,1020.42006661417,1133.33732862301,1264.62804836696
