"means","lower.10.","lower.20.","lower.30.","lower.40.","lower.50.","lower.60.","lower.70.","lower.80.","lower.90.","lower.95.","lower.98.","upper.10.","upper.20.","upper.30.","upper.40.","upper.50.","upper.60.","upper.70.","upper.80.","upper.90.","upper.95.","upper.98."
181,173.691688363021,166.265639527343,158.59022866546,150.501501731619,141.772493580973,132.052329063899,120.72229017944,106.466514132942,85.3373065478886,67.0108700506482,45.7024270786949,188.308311636979,195.734360472657,203.40977133454,211.498498268381,220.227506419027,229.947670936101,241.27770982056,255.533485867058,276.662693452111,294.989129949352,316.297572921305
97,80.6581183789624,64.0529683781528,46.8902279357417,28.8032846602409,9.28462905924594,0,0,0,0,0,0,113.341881621038,129.947031621847,147.109772064258,165.196715339759,184.715370940754,206.450319553414,231.78505668678,263.661940998761,310.908285469645,351.887443262808,399.534570242773
13,0,0,0,0,0,0,0,0,0,0,0,40.3451982213481,68.1309287019075,96.8496864497976,127.114931331399,159.775889157475,196.145414523444,238.538538207916,291.878767956489,370.937023593784,439.508270086927,519.237163133587
