"means","lower.10.","lower.20.","lower.30.","lower.40.","lower.50.","lower.60.","lower.70.","lower.80.","lower.90.","lower.95.","lower.98.","upper.10.","upper.20.","upper.30.","upper.40.","upper.50.","upper.60.","upper.70.","upper.80.","upper.90.","upper.95.","upper.98."
154,148.719531375506,143.353994185994,137.808285648991,131.963944177546,125.656980825133,118.63387804752,110.447594017026,100.147379429781,84.8809097914658,71.6395241295844,56.2435516889888,159.280468624494,164.646005814006,170.191714351009,176.036055822454,182.343019174867,189.36612195248,197.552405982974,207.852620570219,223.119090208534,236.360475870416,251.756448311011
154,146.532289655556,138.94427419273,131.101457966732,122.836310994675,113.916917884303,103.984750686262,92.4075967848987,77.8408936202645,56.2508452082015,37.5246980205563,15.7515049891436,161.467710344444,169.05572580727,176.898542033268,185.163689005325,194.083082115697,204.015249313738,215.592403215101,230.159106379736,251.749154791799,270.475301979444,292.248495010856
154,144.853960054604,135.560577032468,125.95512808241,115.832431717086,104.908450749232,92.7440799116283,78.5650200456219,60.7245250516525,34.2822239858822,11.3474712568897,0,163.146039945396,172.439422967532,182.04487191759,192.167568282914,203.091549250768,215.255920088372,229.434979954378,247.275474948348,273.717776014118,296.65252874311,323.319135242152
