"means","lower.10.","lower.20.","lower.30.","lower.40.","lower.50.","lower.60.","lower.70.","lower.80.","lower.90.","lower.95.","lower.98.","upper.10.","upper.20.","upper.30.","upper.40.","upper.50.","upper.60.","upper.70.","upper.80.","upper.90.","upper.95.","upper.98."
2.66666666666667,2.25947736427645,1.84572822560871,1.41808565237816,0.967414794180193,0.481070079289318,0,0,0,0,0,0,3.07385596905688,3.48760510772462,3.91524768095518,4.36591853915314,4.85226325404401,5.39383115719677,6.02509469090727,6.81936836063327,7.99660158822076,9.01767584767785,10.2048953396422
2.66666666666667,2.25947736427645,1.84572822560871,1.41808565237816,0.967414794180193,0.481070079289318,0,0,0,0,0,0,3.07385596905688,3.48760510772462,3.91524768095518,4.36591853915314,4.85226325404401,5.39383115719677,6.02509469090727,6.81936836063327,7.99660158822076,9.01767584767785,10.2048953396422
