"means","lower.10.","lower.20.","lower.30.","lower.40.","lower.50.","lower.60.","lower.70.","lower.80.","lower.90.","lower.95.","lower.98.","upper.10.","upper.20.","upper.30.","upper.40.","upper.50.","upper.60.","upper.70.","upper.80.","upper.90.","upper.95.","upper.98."
21.9,18.4097952073253,14.8633630730171,11.1978439891914,7.33493899643207,3.1662571454107,0,0,0,0,0,0,25.3902047926747,28.9366369269828,32.6021560108086,36.4650610035679,40.6337428545893,45.2757677802126,50.6866147692274,57.4946958079488,67.5852974738154,76.337389567381,86.5135880492358
21.9,18.4097952073253,14.8633630730171,11.1978439891914,7.33493899643207,3.1662571454107,0,0,0,0,0,0,25.3902047926747,28.9366369269828,32.6021560108086,36.4650610035679,40.6337428545893,45.2757677802126,50.6866147692274,57.4946958079488,67.5852974738154,76.337389567381,86.5135880492358
21.9,18.4097952073253,14.8633630730171,11.1978439891914,7.33493899643207,3.1662571454107,0,0,0,0,0,0,25.3902047926747,28.9366369269828,32.6021560108086,36.4650610035679,40.6337428545893,45.2757677802126,50.6866147692274,57.4946958079488,67.5852974738154,76.337389567381,86.5135880492358
