"means","lower.10.","lower.20.","lower.30.","lower.40.","lower.50.","lower.60.","lower.70.","lower.80.","lower.90.","lower.95.","lower.98.","upper.10.","upper.20.","upper.30.","upper.40.","upper.50.","upper.60.","upper.70.","upper.80.","upper.90.","upper.95.","upper.98."
444.500000000066,439.206006323384,433.82672619254,428.266813234922,422.4075024437,416.084384841625,409.043293540956,400.836041689872,390.509444796481,375.203872606237,361.928571312076,346.493164619416,449.793993676749,455.173273807593,460.733186765211,466.592497556433,472.915615158508,479.956706459176,488.16395831026,498.490555203651,513.796127393896,527.071428688056,542.506835380717
