"means","lower.10.","lower.20.","lower.30.","lower.40.","lower.50.","lower.60.","lower.70.","lower.80.","lower.90.","lower.95.","lower.98.","upper.10.","upper.20.","upper.30.","upper.40.","upper.50.","upper.60.","upper.70.","upper.80.","upper.90.","upper.95.","upper.98."
410.65845408333,366.35866715888,321.345208859352,274.820227081264,225.789904147838,172.878476674109,113.959093050918,45.2813555160771,0,0,0,0,454.958241007779,499.971699307307,546.496681085395,595.527004018821,648.43843149255,707.357815115741,776.035552650582,862.447828518388,990.523838463588,1101.61067660611,1230.7731330308
91.4908273310684,45.8437836999661,0,0,0,0,0,0,0,0,0,0,137.137870962171,183.520290328872,231.460202021506,281.981647959972,336.502231605132,397.213486933564,467.979869785128,557.020138387946,688.99122944616,803.456469565281,936.547048397479
