"means","lower.10.","lower.20.","lower.30.","lower.40.","lower.50.","lower.60.","lower.70.","lower.80.","lower.90.","lower.95.","lower.98.","upper.10.","upper.20.","upper.30.","upper.40.","upper.50.","upper.60.","upper.70.","upper.80.","upper.90.","upper.95.","upper.98."
431,387.202016588024,342.698445876032,296.700473388392,248.225538865922,195.913462811233,137.661485415194,69.761691349528,0,0,0,0,474.797983411976,519.301554123968,565.299526611608,613.774461134078,666.086537188767,724.338514584806,792.238308650472,877.671753996469,1004.29698965773,1114.12549746867,1241.82487294392
431,369.060297854191,306.122744579263,241.071788045577,172.517878208753,98.5374307763182,16.1566943077898,0,0,0,0,0,492.939702145809,555.877255420737,620.928211954423,689.482121791247,763.462569223682,845.84330569221,941.868115342216,1062.68925243079,1241.76437804163,1397.08534332307,1577.67953202673
431,355.139667461398,278.057221869995,198.386396476246,114.425346989754,23.8181734136245,0,0,0,0,0,0,506.860332538602,583.942778130005,663.613603523754,747.574653010246,838.181826586376,939.077211077668,1056.68310422287,1204.65817222779,1423.97951391347,1614.20806956151,1835.38987597944
431,343.404033176048,254.396891752065,162.400946776783,65.4510777318446,0,0,0,0,0,0,0,518.595966823952,607.603108247935,699.599053223217,796.548922268155,901.173074377535,1017.67702916961,1153.47661730094,1324.34350799294,1577.59397931545,1797.25099493735,2052.64974588783
