"means","lower.10.","lower.20.","lower.30.","lower.40.","lower.50.","lower.60.","lower.70.","lower.80.","lower.90.","lower.95.","lower.98.","upper.10.","upper.20.","upper.30.","upper.40.","upper.50.","upper.60.","upper.70.","upper.80.","upper.90.","upper.95.","upper.98."
349,316.804406820603,284.090141321293,250.277351463844,214.643764031219,176.189520529088,133.368896837418,83.4562301710056,20.6546983196144,0,0,0,381.195593179397,413.909858678707,447.722648536156,483.356235968781,521.810479470912,564.631103162582,614.543769828994,677.345301680386,770.426632280651,851.160804987209,945.031728298708
