"means","lower.10.","lower.20.","lower.30.","lower.40.","lower.50.","lower.60.","lower.70.","lower.80.","lower.90.","lower.95.","lower.98.","upper.10.","upper.20.","upper.30.","upper.40.","upper.50.","upper.60.","upper.70.","upper.80.","upper.90.","upper.95.","upper.98."
70.7777777777778,60.2147889735161,49.4816299885777,38.3880583089093,26.6971047361896,14.0807276647677,0.0317935101371347,0,0,0,0,0,81.3407665820395,92.0739255669778,103.167497246646,114.858450819366,127.474827890788,141.523762045418,157.899510622262,178.503941611944,209.042812181522,235.530728017358,266.328654505621
70.7777777777778,60.2147889735161,49.4816299885777,38.3880583089093,26.6971047361896,14.0807276647677,0.0317935101371347,0,0,0,0,0,81.3407665820395,92.0739255669778,103.167497246646,114.858450819366,127.474827890788,141.523762045418,157.899510622262,178.503941611944,209.042812181522,235.530728017358,266.328654505621
70.7777777777778,60.2147889735161,49.4816299885777,38.3880583089093,26.6971047361896,14.0807276647677,0.0317935101371347,0,0,0,0,0,81.3407665820395,92.0739255669778,103.167497246646,114.858450819366,127.474827890788,141.523762045418,157.899510622262,178.503941611944,209.042812181522,235.530728017358,266.328654505621
