"means","lower.10.","lower.20.","lower.30.","lower.40.","lower.50.","lower.60.","lower.70.","lower.80.","lower.90.","lower.95.","lower.98.","upper.10.","upper.20.","upper.30.","upper.40.","upper.50.","upper.60.","upper.70.","upper.80.","upper.90.","upper.95.","upper.98."
758.444444444444,735.789206373041,712.768991491823,688.975772345015,663.901303235966,636.842008613184,606.710200862501,571.58789888144,527.396023073647,461.897006080802,405.086376968511,339.031743225486,781.099682515848,804.119897397066,827.913116543873,852.987585652922,880.046880275704,910.178688026387,945.300990007449,989.492865815241,1054.99188280809,1111.80251192038,1177.8571456634
758.444444444444,735.789206373041,712.768991491823,688.975772345015,663.901303235966,636.842008613184,606.710200862501,571.58789888144,527.396023073647,461.897006080802,405.086376968511,339.031743225486,781.099682515848,804.119897397066,827.913116543873,852.987585652922,880.046880275704,910.178688026387,945.300990007449,989.492865815241,1054.99188280809,1111.80251192038,1177.8571456634
