"means","lower.10.","lower.20.","lower.30.","lower.40.","lower.50.","lower.60.","lower.70.","lower.80.","lower.90.","lower.95.","lower.98.","upper.10.","upper.20.","upper.30.","upper.40.","upper.50.","upper.60.","upper.70.","upper.80.","upper.90.","upper.95.","upper.98."
261,243.484439686468,225.686702981533,207.291329527257,187.905376723533,166.984885598559,143.688926653019,116.534641327901,82.3683499104401,31.7287592339077,0,0,278.515560313532,296.313297018467,314.708670472743,334.094623276467,355.015114401441,378.311073346981,405.465358672099,439.63165008956,490.271240766092,534.193533594348,585.262691096367
