"means","lower.10.","lower.20.","lower.30.","lower.40.","lower.50.","lower.60.","lower.70.","lower.80.","lower.90.","lower.95.","lower.98.","upper.10.","upper.20.","upper.30.","upper.40.","upper.50.","upper.60.","upper.70.","upper.80.","upper.90.","upper.95.","upper.98."
272.997170841227,231.449740234681,189.232978825653,145.598605251972,99.6145479659364,49.9905200895236,0,0,0,0,0,0,314.544601447773,356.761362856801,400.395736430483,446.379793716518,496.003821592931,551.262529871591,615.673303208032,696.716763784812,816.83538071262,921.020367130238,1042.15792935887
