"means","lower.10.","lower.20.","lower.30.","lower.40.","lower.50.","lower.60.","lower.70.","lower.80.","lower.90.","lower.95.","lower.98.","upper.10.","upper.20.","upper.30.","upper.40.","upper.50.","upper.60.","upper.70.","upper.80.","upper.90.","upper.95.","upper.98."
137,132.342682954308,127.610336340961,122.719080519458,117.564433632712,112.001759177742,105.807457382613,98.5872421200423,89.5025626374415,76.0376991319077,64.358938109524,50.7798545126661,141.657317045692,146.389663659039,151.280919480542,156.435566367288,161.998240822258,168.192542617387,175.412757879958,184.497437362558,197.962300868092,209.641061890476,223.220145487334
137,130.413559069712,123.721010307266,116.803729987459,109.513958450979,101.647148793694,92.8870831855909,82.6761568380099,69.8284799039032,50.7862873188748,34.2700250893055,15.0663009020311,143.586440930288,150.278989692734,157.196270012541,164.486041549021,172.352851206306,181.112916814409,191.32384316199,204.171520096097,223.213712681125,239.729974910695,258.933699097969
