"means","lower.10.","lower.20.","lower.30.","lower.40.","lower.50.","lower.60.","lower.70.","lower.80.","lower.90.","lower.95.","lower.98.","upper.10.","upper.20.","upper.30.","upper.40.","upper.50.","upper.60.","upper.70.","upper.80.","upper.90.","upper.95.","upper.98."
585,557.817356097957,530.196798693421,501.648760429047,471.56342816832,439.096624347796,402.943298674054,360.802182135699,307.779034920893,229.190743363821,161.027120622657,81.7721782796367,612.182643902043,639.803201306579,668.351239570953,698.43657183168,730.903375652204,767.056701325946,809.197817864301,862.220965079107,940.809256636179,1008.97287937734,1088.22782172036
585,546.557936332573,507.496569450773,467.12354655815,424.576461646529,378.661467356637,327.532943863939,267.936405321852,192.950351410969,81.8097236472258,0,0,623.442063667427,662.503430549227,702.87645344185,745.423538353471,791.338532643363,842.467056136061,902.063594678148,977.049648589031,1088.19027635277,1184.58819609381,1296.67161044041
585,537.91827967761,490.07807091958,440.631418189264,388.522094151094,332.287940374575,269.668543445069,196.677988512957,104.839203559709,0,0,0,632.08172032239,679.92192908042,729.368581810736,781.477905848906,837.712059625425,900.331456554931,973.322011487043,1065.16079644029,1201.27971029718,1319.34256811283,1456.61615500188
