"means","lower.10.","lower.20.","lower.30.","lower.40.","lower.50.","lower.60.","lower.70.","lower.80.","lower.90.","lower.95.","lower.98.","upper.10.","upper.20.","upper.30.","upper.40.","upper.50.","upper.60.","upper.70.","upper.80.","upper.90.","upper.95.","upper.98."
71,53.9609478271697,36.6473958285288,18.7524656969509,0,0,0,0,0,0,0,0,88.0390521728303,105.352604171471,123.247534303049,142.106095224304,162.457447586368,185.119643530079,211.53520067404,244.772003356536,294.033951710056,336.76134527638,386.441174155568
