"means","lower.10.","lower.20.","lower.30.","lower.40.","lower.50.","lower.60.","lower.70.","lower.80.","lower.90.","lower.95.","lower.98.","upper.10.","upper.20.","upper.30.","upper.40.","upper.50.","upper.60.","upper.70.","upper.80.","upper.90.","upper.95.","upper.98."
102,88.9700012630107,75.7300887146582,62.0455882713309,47.6241860423256,32.0612255628367,14.7311310523676,0,0,0,0,0,115.029998736989,128.269911285342,141.954411728669,156.375813957674,171.938774437163,189.268868947632,209.469210652761,234.88585311513,272.557145996757,305.231374501778,343.222226397981
102,83.5727990684454,64.8487351779315,45.4959290566775,25.1009864359806,3.09163665521095,0,0,0,0,0,0,120.427200931555,139.151264822068,158.504070943323,178.899013564019,200.908363344789,225.416818038702,253.984415242665,289.928975722936,343.204229028261,389.41256612014,443.139744117858
102,79.4313801649762,56.4991789434609,32.7969288994192,7.81832752239497,0,0,0,0,0,0,0,124.568619835024,147.500821056539,171.203071100581,196.181672477605,223.137510744266,253.154114936369,288.142133099904,332.16504920254,397.413642460325,454.007066329138,519.809152036185
