"means","lower.10.","lower.20.","lower.30.","lower.40.","lower.50.","lower.60.","lower.70.","lower.80.","lower.90.","lower.95.","lower.98.","upper.10.","upper.20.","upper.30.","upper.40.","upper.50.","upper.60.","upper.70.","upper.80.","upper.90.","upper.95.","upper.98."
308,277.597160124173,246.704529257308,214.774543371884,181.125147726995,144.812159137938,104.375924333168,57.2425541238078,0,0,0,0,338.402839875827,369.295470742692,401.225456628116,434.874852273005,471.187840862062,511.624075666832,558.757445876192,618.061988153003,705.960253418692,782.198889918659,870.842780855322
