"means","lower.10.","lower.20.","lower.30.","lower.40.","lower.50.","lower.60.","lower.70.","lower.80.","lower.90.","lower.95.","lower.98.","upper.10.","upper.20.","upper.30.","upper.40.","upper.50.","upper.60.","upper.70.","upper.80.","upper.90.","upper.95.","upper.98."
0,0,0,0,0,0,0,0,0,0,0,0,3.40575994997485,6.86638683172138,10.4432193768384,14.2126621162759,18.2804835009103,22.8101955142725,28.0901280870848,34.7334888968932,44.5799503701244,53.120287256177,63.0502745466753
0,0,0,0,0,0,0,0,0,0,0,0,3.40575994997485,6.86638683172138,10.4432193768384,14.2126621162759,18.2804835009103,22.8101955142725,28.0901280870848,34.7334888968932,44.5799503701244,53.120287256177,63.0502745466753
0,0,0,0,0,0,0,0,0,0,0,0,3.40575994997485,6.86638683172138,10.4432193768384,14.2126621162759,18.2804835009103,22.8101955142725,28.0901280870848,34.7334888968932,44.5799503701244,53.120287256177,63.0502745466753
0,0,0,0,0,0,0,0,0,0,0,0,3.40575994997485,6.86638683172138,10.4432193768384,14.2126621162759,18.2804835009103,22.8101955142725,28.0901280870848,34.7334888968932,44.5799503701244,53.120287256177,63.0502745466753
