"means","lower.10.","lower.20.","lower.30.","lower.40.","lower.50.","lower.60.","lower.70.","lower.80.","lower.90.","lower.95.","lower.98.","upper.10.","upper.20.","upper.30.","upper.40.","upper.50.","upper.60.","upper.70.","upper.80.","upper.90.","upper.95.","upper.98."
527,494.43871220847,461.352860741901,427.156007295278,391.117674689533,352.226647507596,308.919644475592,258.440043285705,194.925178348515,100.786580658897,19.1353864267732,0,559.561287791531,592.647139258099,626.843992704722,662.882325310467,701.773352492404,745.080355524408,795.559956714294,859.074821651485,953.213419341103,1034.86461357323,1129.8017725866
