"means","lower.10.","lower.20.","lower.30.","lower.40.","lower.50.","lower.60.","lower.70.","lower.80.","lower.90.","lower.95.","lower.98.","upper.10.","upper.20.","upper.30.","upper.40.","upper.50.","upper.60.","upper.70.","upper.80.","upper.90.","upper.95.","upper.98."
25.9,23.0867258525566,20.2281297437977,17.2735437845066,14.1598552201654,10.7996956945671,7.05799871952055,2.69659391544835,0,0,0,0,28.7132741474434,31.5718702562023,34.5264562154935,37.6401447798346,41.0003043054329,44.7420012804795,49.1034060845517,54.591049222322,62.7245630087657,69.7791732352341,77.9816822021407
25.9,23.0867258525566,20.2281297437977,17.2735437845066,14.1598552201654,10.7996956945671,7.05799871952055,2.69659391544835,0,0,0,0,28.7132741474434,31.5718702562023,34.5264562154935,37.6401447798346,41.0003043054329,44.7420012804795,49.1034060845517,54.591049222322,62.7245630087657,69.7791732352341,77.9816822021407
