"means","lower.10.","lower.20.","lower.30.","lower.40.","lower.50.","lower.60.","lower.70.","lower.80.","lower.90.","lower.95.","lower.98.","upper.10.","upper.20.","upper.30.","upper.40.","upper.50.","upper.60.","upper.70.","upper.80.","upper.90.","upper.95.","upper.98."
2,1.30034666695705,0.589421890168282,0,0,0,0,0,0,0,0,0,2.69965333304295,3.41057810983172,4.14537529127902,4.91974084114154,5.75540302279468,6.68595249029222,7.77062154420997,9.13538289012446,11.1581647918483,12.9126264260808,14.9525672342763
2,1.01054076745112,0.00514130628937859,0,0,0,0,0,0,0,0,0,2.98945923254888,3.99485869371062,5.03401883330692,6.12913709615699,7.31094188701315,8.62693756440724,10.1608912511441,12.0909552559389,14.9516008550797,17.4327842928745,20.3176962502628
2,0.788164879484701,0,0,0,0,0,0,0,0,0,0,3.2118351205153,4.44319295427301,5.71589900579815,7.05713948179103,8.50454883837812,10.11630779504,11.9950097058232,14.3588456971532,17.8624067235698,20.9012234139908,24.4345045382184
