"means","lower.10.","lower.20.","lower.30.","lower.40.","lower.50.","lower.60.","lower.70.","lower.80.","lower.90.","lower.95.","lower.98.","upper.10.","upper.20.","upper.30.","upper.40.","upper.50.","upper.60.","upper.70.","upper.80.","upper.90.","upper.95.","upper.98."
4.8,3.82519043175931,2.83467664159557,1.81090202442077,0.731997784746972,0,0,0,0,0,0,0,5.77480956824069,6.76532335840443,7.78909797557923,8.86800221525302,10.0323095257741,11.328820929061,12.8400633146793,14.7415513167108,17.5598429750791,20.0042906856655,22.8464894211805
4.8,3.82519043175931,2.83467664159557,1.81090202442077,0.731997784746972,0,0,0,0,0,0,0,5.77480956824069,6.76532335840443,7.78909797557923,8.86800221525302,10.0323095257741,11.328820929061,12.8400633146793,14.7415513167108,17.5598429750791,20.0042906856655,22.8464894211805
4.8,3.82519043175931,2.83467664159557,1.81090202442077,0.731997784746972,0,0,0,0,0,0,0,5.77480956824069,6.76532335840443,7.78909797557923,8.86800221525302,10.0323095257741,11.328820929061,12.8400633146793,14.7415513167108,17.5598429750791,20.0042906856655,22.8464894211805
4.8,3.82519043175931,2.83467664159557,1.81090202442077,0.731997784746972,0,0,0,0,0,0,0,5.77480956824069,6.76532335840443,7.78909797557923,8.86800221525302,10.0323095257741,11.328820929061,12.8400633146793,14.7415513167108,17.5598429750791,20.0042906856655,22.8464894211805
