"means","lower.10.","lower.20.","lower.30.","lower.40.","lower.50.","lower.60.","lower.70.","lower.80.","lower.90.","lower.95.","lower.98.","upper.10.","upper.20.","upper.30.","upper.40.","upper.50.","upper.60.","upper.70.","upper.80.","upper.90.","upper.95.","upper.98."
7556.75000000575,7505.6399707301,7453.70655679718,7400.02925164936,7343.46145720837,7282.41591286273,7214.43880437188,7135.20318226883,7035.50667680005,6887.7414374554,6759.57712914198,6610.55842301503,7607.8600292814,7659.79344321431,7713.47074836214,7770.03854280313,7831.08408714877,7899.06119563962,7978.29681774267,8077.99332321145,8225.75856255609,8353.92287086952,8502.94157699646
8298.5000000115,8226.21950343658,8152.77456511232,8076.86339218063,7996.86445008864,7910.53301335259,7814.39886459393,7702.34277319273,7561.35062303757,7352.37901750907,7171.12731448006,6960.38303922804,8370.78049658641,8444.22543491067,8520.13660784236,8600.13554993435,8686.4669866704,8782.60113542906,8894.65722683026,9035.64937698542,9244.62098251392,9425.87268554293,9636.61696079495
9040.25000001724,8951.72483253548,8861.77352099317,8768.80170126376,8670.82340721985,8565.0894228375,8447.34961717973,8310.10949392792,8137.43008111892,7881.49317898143,7659.50608526565,7401.39811497561,9128.775167499,9218.72647904131,9311.69829877072,9409.67659281464,9515.41057719698,9633.15038285475,9770.39050610656,9943.06991891556,10199.0068210531,10420.9939147688,10679.1018850589
9782.00000002299,9679.77994147168,9575.91311360586,9468.55850331021,9355.42291442823,9233.33182573695,9097.37760875525,8938.90636454916,8739.51335361159,8443.9828749223,8187.65425829546,7889.61684604156,9884.2200585743,9988.08688644012,10095.4414967358,10208.5770856178,10330.668174309,10466.6223912907,10625.0936354968,10824.4866464344,11120.0171251237,11376.3457417505,11674.3831540044
