"means","lower.10.","lower.20.","lower.30.","lower.40.","lower.50.","lower.60.","lower.70.","lower.80.","lower.90.","lower.95.","lower.98.","upper.10.","upper.20.","upper.30.","upper.40.","upper.50.","upper.60.","upper.70.","upper.80.","upper.90.","upper.95.","upper.98."
2837,2819.09009315378,2800.89165697742,2782.08212881673,2762.25971933482,2740.86822283007,2717.04777705845,2689.28213828108,2654.3466246227,2602.5669307098,2557.65576835213,2505.43683631661,2854.90990684622,2873.10834302258,2891.91787118327,2911.74028066518,2933.13177716993,2956.95222294155,2984.71786171892,3019.6533753773,3071.4330692902,3116.34423164787,3168.56316368339
