"means","lower.10.","lower.20.","lower.30.","lower.40.","lower.50.","lower.60.","lower.70.","lower.80.","lower.90.","lower.95.","lower.98.","upper.10.","upper.20.","upper.30.","upper.40.","upper.50.","upper.60.","upper.70.","upper.80.","upper.90.","upper.95.","upper.98."
1289,1237.31926963902,1184.805960603,1130.52928784104,1073.32985021494,1011.60266355944,942.866514032166,862.746136898216,761.936407573351,612.521202778419,482.925795502782,332.24312755608,1340.68073036098,1393.194039397,1447.47071215896,1504.67014978506,1566.39733644056,1635.13348596783,1715.25386310178,1816.06359242665,1965.47879722158,2095.07420449722,2245.75687244392
