"means","lower.10.","lower.20.","lower.30.","lower.40.","lower.50.","lower.60.","lower.70.","lower.80.","lower.90.","lower.95.","lower.98.","upper.10.","upper.20.","upper.30.","upper.40.","upper.50.","upper.60.","upper.70.","upper.80.","upper.90.","upper.95.","upper.98."
611,587.700135069651,564.024908364484,539.554682510686,513.766750307117,485.937516827679,454.948345648572,418.826681880464,373.377380747759,306.014670005368,247.587564505411,179.653427623449,634.299864930349,657.975091635516,682.445317489314,708.233249692883,736.062483172321,767.051654351428,803.173318119536,848.622619252241,915.985329994632,974.412435494589,1042.34657237655
611,578.049015014039,544.567188315335,509.96106303856,473.491419570716,434.134940153647,390.309633985452,339.225887189113,274.950869126863,179.685609996758,97.0572049885153,0.983827261933129,643.950984985961,677.432811684665,712.03893696144,748.508580429284,787.865059846353,831.690366014548,882.774112810887,947.049130873137,1042.31439000324,1124.94279501148,1221.01617273807
611,570.643450131142,529.636754597083,487.253080145619,442.587071346896,394.385425024813,340.710606058149,278.146049157866,199.425550427524,82.7499128861374,0,0,651.356549868858,692.363245402917,734.746919854381,779.412928653104,827.614574975187,881.289393941851,943.853950842134,1022.57444957248,1139.25008711386,1240.44880237897,1358.11417902687
611,564.400270139301,517.049816728968,468.109365021372,416.533500614235,360.875033655359,298.896691297143,226.653363760928,135.754761495518,1.02934001073629,0,0,657.599729860699,704.950183271032,753.890634978628,805.466499385765,861.124966344641,923.103308702857,995.346636239072,1086.24523850448,1220.97065998926,1337.82487098918,1473.6931447531
