"means","lower.10.","lower.20.","lower.30.","lower.40.","lower.50.","lower.60.","lower.70.","lower.80.","lower.90.","lower.95.","lower.98.","upper.10.","upper.20.","upper.30.","upper.40.","upper.50.","upper.60.","upper.70.","upper.80.","upper.90.","upper.95.","upper.98."
116.599999998182,100.336014562791,83.8100156583576,66.7290841561107,48.7283551810092,29.3027383656035,7.67139285272235,0,0,0,0,0,132.863985433573,149.389984338007,166.470915840254,184.471644815355,203.897261630761,225.528607143642,250.742582210999,282.467520268823,329.488657501925,370.272481602364,417.692490950785
116.599999998182,100.336014562791,83.8100156583576,66.7290841561107,48.7283551810092,29.3027383656035,7.67139285272235,0,0,0,0,0,132.863985433573,149.389984338007,166.470915840254,184.471644815355,203.897261630761,225.528607143642,250.742582210999,282.467520268823,329.488657501925,370.272481602364,417.692490950785
116.599999998182,100.336014562791,83.8100156583576,66.7290841561107,48.7283551810092,29.3027383656035,7.67139285272235,0,0,0,0,0,132.863985433573,149.389984338007,166.470915840254,184.471644815355,203.897261630761,225.528607143642,250.742582210999,282.467520268823,329.488657501925,370.272481602364,417.692490950785
116.599999998182,100.336014562791,83.8100156583576,66.7290841561107,48.7283551810092,29.3027383656035,7.67139285272235,0,0,0,0,0,132.863985433573,149.389984338007,166.470915840254,184.471644815355,203.897261630761,225.528607143642,250.742582210999,282.467520268823,329.488657501925,370.272481602364,417.692490950785
