"means","lower.10.","lower.20.","lower.30.","lower.40.","lower.50.","lower.60.","lower.70.","lower.80.","lower.90.","lower.95.","lower.98.","upper.10.","upper.20.","upper.30.","upper.40.","upper.50.","upper.60.","upper.70.","upper.80.","upper.90.","upper.95.","upper.98."
142,136.663048866287,131.240119232027,125.635091048257,119.728235604186,113.35380984625,106.255584480929,97.9817358996139,87.5713451127256,72.1415777496411,58.7585556647622,43.1979002732476,147.336951133713,152.759880767973,158.364908951743,164.271764395814,170.64619015375,177.744415519071,186.018264100386,196.428654887274,211.858422250359,225.241444335238,240.802099726752
142,134.452411324981,126.783230688415,118.856523813444,110.502968733462,101.488169374248,91.4497627938303,79.7487739171133,65.026258076692,43.2052718075561,24.2788204695817,2.27273057548769,149.547588675019,157.216769311585,165.143476186556,173.497031266538,182.511830625752,192.55023720617,204.251226082887,218.973741923308,240.794728192444,259.721179530418,281.727269424512
142,132.756129478897,123.363339826487,113.655146234342,103.424172492247,92.383343210426,80.0888562341154,65.7581301171462,47.7268043476087,21.0016633257783,0,0,151.243870521103,160.636660173513,170.344853765658,180.575827507753,191.616656789574,203.911143765885,218.241869882854,236.273195652391,262.998336674222,286.178410884048,313.130256621222
142,131.326097732574,120.480238464054,109.270182096514,97.4564712083724,84.7076196925003,70.5111689618578,53.9634717992279,33.1426902254513,2.28315549928229,0,0,152.673902267426,163.519761535946,174.729817903486,186.543528791628,199.2923803075,213.488831038142,230.036528200772,250.857309774549,281.716844500718,308.482888670476,339.604199453505
