"means","lower.10.","lower.20.","lower.30.","lower.40.","lower.50.","lower.60.","lower.70.","lower.80.","lower.90.","lower.95.","lower.98.","upper.10.","upper.20.","upper.30.","upper.40.","upper.50.","upper.60.","upper.70.","upper.80.","upper.90.","upper.95.","upper.98."
7360.9999999986,7301.54597844625,7241.13415018058,7178.69373090555,7112.8909341252,7041.8793702377,6962.8046263849,6870.6333548949,6754.6608487383,6582.77212456437,6433.68429079281,6260.33746451747,7420.45402155095,7480.86584981662,7543.30626909165,7609.109065872,7680.1206297595,7759.1953736123,7851.3666451023,7967.3391512589,8139.22787543283,8288.31570920439,8461.66253547973
