"means","lower.10.","lower.20.","lower.30.","lower.40.","lower.50.","lower.60.","lower.70.","lower.80.","lower.90.","lower.95.","lower.98.","upper.10.","upper.20.","upper.30.","upper.40.","upper.50.","upper.60.","upper.70.","upper.80.","upper.90.","upper.95.","upper.98."
3,0,0,0,0,0,0,0,0,0,0,0,7.20224367158038,11.4721856601893,15.8855096019227,20.5364882762427,25.5556255383464,31.1446728939516,37.6593901865299,45.8563921276821,58.0055837974154,68.5431957136176,80.7954468597028
3,0,0,0,0,0,0,0,0,0,0,0,8.94286999274549,14.9814798635826,21.2228624371279,27.8003395566592,34.8984715441384,42.8025781151808,52.0157796653715,63.6080909813476,80.7896426125546,95.6920762994721,113.019376039867
