"means","lower.10.","lower.20.","lower.30.","lower.40.","lower.50.","lower.60.","lower.70.","lower.80.","lower.90.","lower.95.","lower.98.","upper.10.","upper.20.","upper.30.","upper.40.","upper.50.","upper.60.","upper.70.","upper.80.","upper.90.","upper.95.","upper.98."
4361.22222222493,4322.87986546485,4283.91981177273,4243.65150410267,4201.21477326282,4155.41886836731,4104.42295656265,4044.98099313905,3970.18943002329,3859.33706691595,3763.18917377428,3651.39646938294,4399.56457898502,4438.52463267713,4478.79294034719,4521.22967118705,4567.02557608255,4618.02148788722,4677.46345131082,4752.25501442657,4863.10737753392,4959.25527067559,5071.04797506693
