"means","lower.10.","lower.20.","lower.30.","lower.40.","lower.50.","lower.60.","lower.70.","lower.80.","lower.90.","lower.95.","lower.98.","upper.10.","upper.20.","upper.30.","upper.40.","upper.50.","upper.60.","upper.70.","upper.80.","upper.90.","upper.95.","upper.98."
3149,3131.30794887022,3113.33087807479,3094.7501486046,3075.1688584795,3054.03756767191,3030.50687328337,3003.07897513081,2968.56841629898,2917.41856945405,2873.05370549624,2821.46996341165,3166.69205112978,3184.66912192521,3203.2498513954,3222.8311415205,3243.96243232809,3267.49312671663,3294.92102486919,3329.43158370102,3380.58143054595,3424.94629450376,3476.53003658835
3589,3549.43937101241,3509.2414186775,3467.69364451063,3423.90854870376,3376.65754600567,3324.04131379513,3262.71066904606,3185.54271355658,3071.16817897261,2971.96532735042,2856.62057351544,3628.56062898759,3668.7585813225,3710.30635548937,3754.09145129624,3801.34245399433,3853.95868620487,3915.28933095394,3992.45728644342,4106.83182102739,4206.03467264958,4321.37942648456
4029,3962.80240620308,3895.53836646879,3826.01564279503,3752.74916395588,3673.68311361359,3585.6393171388,3483.01351941258,3353.88683203776,3162.50162975808,2996.50350881712,2803.49481920884,4095.19759379692,4162.46163353121,4231.98435720497,4305.25083604412,4384.31688638641,4472.3606828612,4574.98648058742,4704.11316796224,4895.49837024192,5061.49649118288,5254.50518079116
