"means","lower.10.","lower.20.","lower.30.","lower.40.","lower.50.","lower.60.","lower.70.","lower.80.","lower.90.","lower.95.","lower.98.","upper.10.","upper.20.","upper.30.","upper.40.","upper.50.","upper.60.","upper.70.","upper.80.","upper.90.","upper.95.","upper.98."
7631.36215851513,7581.45108598206,7530.73594403379,7478.31781967383,7423.07701211818,7363.46349526373,7297.081017293,7219.70413181601,7122.34634145146,6978.04743019434,6852.88964454955,6707.36667076741,7681.27323104819,7731.98837299646,7784.40649735643,7839.64730491207,7899.26082176652,7965.64329973725,8043.02018521424,8140.3779755788,8284.67688683591,8409.8346724807,8555.35764626284
8511.87526405718,8433.2737004122,8353.40586236944,8270.85611280635,8183.86111088551,8089.97982560495,7985.43856246797,7863.58295248403,7710.26077030482,7483.01419992582,7285.91169030721,7056.73742686165,8590.47682770215,8670.34466574491,8752.894415308,8839.88941722884,8933.77070250941,9038.31196564638,9160.16757563033,9313.48975780953,9540.73632818853,9737.83883780714,9967.0131012527
