"means","lower.10.","lower.20.","lower.30.","lower.40.","lower.50.","lower.60.","lower.70.","lower.80.","lower.90.","lower.95.","lower.98.","upper.10.","upper.20.","upper.30.","upper.40.","upper.50.","upper.60.","upper.70.","upper.80.","upper.90.","upper.95.","upper.98."
1231,1213.2659062779,1195.24611558227,1176.62123170464,1156.99340948488,1135.81190323093,1112.22529156158,1084.73221498896,1050.13964682169,998.868249787784,954.397959168305,902.691635805658,1248.7340937221,1266.75388441773,1285.37876829536,1305.00659051512,1326.18809676907,1349.77470843842,1377.26778501104,1411.86035317831,1463.13175021222,1507.60204083169,1559.30836419434
1695,1655.34536091803,1615.05188398228,1573.40537755887,1529.51623282521,1482.15294497553,1429.41167792397,1367.93528979698,1290.58395585867,1175.93762678948,1076.49903398516,960.880180079692,1734.65463908197,1774.94811601772,1816.59462244113,1860.48376717479,1907.84705502447,1960.58832207603,2022.06471020302,2099.41604414133,2214.06237321052,2313.50096601484,2429.11981992031
2159,2092.64509722696,2025.22121426254,1955.533279924,1882.09269392916,1802.83875459105,1714.58573480945,1611.71606176637,1482.28252355582,1290.4425221137,1124.04993072534,930.582583972569,2225.35490277304,2292.77878573746,2362.466720076,2435.90730607084,2515.16124540895,2603.41426519055,2706.28393823363,2835.71747644418,3027.5574778863,3193.95006927466,3387.41741602743
