"means","lower.10.","lower.20.","lower.30.","lower.40.","lower.50.","lower.60.","lower.70.","lower.80.","lower.90.","lower.95.","lower.98.","upper.10.","upper.20.","upper.30.","upper.40.","upper.50.","upper.60.","upper.70.","upper.80.","upper.90.","upper.95.","upper.98."
1209.50000000357,1152.36058109671,1094.30064381959,1034.29109054598,971.050060380081,902.803045455662,826.806757971905,738.22380335699,626.766219194641,461.569289542156,318.285589544009,151.687323117215,1266.63941891043,1324.69935618755,1384.70890946116,1447.94993962706,1516.19695455148,1592.19324203523,1680.77619665015,1792.2337808125,1957.43071046498,2100.71441046313,2267.31267688992
