"means","lower.10.","lower.20.","lower.30.","lower.40.","lower.50.","lower.60.","lower.70.","lower.80.","lower.90.","lower.95.","lower.98.","upper.10.","upper.20.","upper.30.","upper.40.","upper.50.","upper.60.","upper.70.","upper.80.","upper.90.","upper.95.","upper.98."
102,97.1802270927258,92.2828074472368,87.2209355455078,81.8864850093811,76.129774146234,69.7194036091329,62.2473338389593,52.8457638766964,38.9112209440541,26.8250830638154,12.7723358310945,106.819772907274,111.717192552763,116.779064454492,122.113514990619,127.870225853766,134.280596390867,141.752666161041,151.154236123304,165.088779055946,177.174916936185,191.227664168906
102,95.1838117869745,88.2578145036914,81.099246609271,73.5551943132722,65.413975735949,56.3483427825438,45.7812403745662,32.4854126263346,12.7789930255216,0,0,108.816188213026,115.742185496309,122.900753390729,130.444805686728,138.586024264051,147.651657217456,158.218759625434,171.514587373665,191.221006974478,208.313387081423,228.186972806538
102,93.6519084436572,85.1693287916842,76.4019094764843,67.1623701174498,57.1914544179953,46.0883669523937,33.1463624727535,16.8623656272008,0,0,0,110.348091556343,118.830671208316,127.598090523516,136.83762988255,146.808545582005,157.911633047606,170.853637527247,187.137634372799,211.272970712386,232.206775588242,256.546847781237
