"means","lower.10.","lower.20.","lower.30.","lower.40.","lower.50.","lower.60.","lower.70.","lower.80.","lower.90.","lower.95.","lower.98.","upper.10.","upper.20.","upper.30.","upper.40.","upper.50.","upper.60.","upper.70.","upper.80.","upper.90.","upper.95.","upper.98."
1.40000000000409,1.13376132817943,0.863233540487376,0.583621600674001,0.288952732871279,0,0,0,0,0,0,0,1.66623867182875,1.93676645952081,2.21637839933418,2.5110472671369,2.82904130622736,3.18314274846044,3.59589122637935,4.11522305963684,4.88495106845469,5.55257532350372,6.32883280092151
1.40000000000409,1.13376132817943,0.863233540487376,0.583621600674001,0.288952732871279,0,0,0,0,0,0,0,1.66623867182875,1.93676645952081,2.21637839933418,2.5110472671369,2.82904130622736,3.18314274846044,3.59589122637935,4.11522305963684,4.88495106845469,5.55257532350372,6.32883280092151
1.40000000000409,1.13376132817943,0.863233540487376,0.583621600674001,0.288952732871279,0,0,0,0,0,0,0,1.66623867182875,1.93676645952081,2.21637839933418,2.5110472671369,2.82904130622736,3.18314274846044,3.59589122637935,4.11522305963684,4.88495106845469,5.55257532350372,6.32883280092151
