"means","lower.10.","lower.20.","lower.30.","lower.40.","lower.50.","lower.60.","lower.70.","lower.80.","lower.90.","lower.95.","lower.98.","upper.10.","upper.20.","upper.30.","upper.40.","upper.50.","upper.60.","upper.70.","upper.80.","upper.90.","upper.95.","upper.98."
342,318.882287250044,295.39214720433,271.113223103023,245.526894131609,217.915222237704,187.168316201151,151.329042044934,106.235051525549,39.3989646359411,0,0,365.117712749956,388.60785279567,412.886776896977,438.473105868391,466.084777762296,496.831683798849,532.670957955066,577.764948474451,644.601035364059,702.571373209237,769.974418980021
342,309.306617097967,276.086542463275,241.75095871938,205.566425276666,166.51762440451,123.034932886605,72.3505453092757,8.5780123352381,0,0,0,374.693382902033,407.913457536725,442.24904128062,478.433574723334,517.48237559549,560.965067113395,611.649454690724,675.421987664762,769.942488199993,851.924926195994,947.247227670291
342,301.958946962293,261.272830926208,219.220500829637,174.903679071975,127.078860469811,73.8236570389544,11.7482132939968,0,0,0,0,382.041053037707,422.727169073792,464.779499170363,509.096320928025,556.921139530189,610.176342961046,672.251786706003,750.356869401607,866.120367673497,966.527938153278,1083.27343801317
342,295.764574500088,248.78429440866,200.226446206046,149.053788263218,93.8304444754081,32.3366324023018,0,0,0,0,0,388.235425499912,435.21570559134,483.773553793954,534.946211736782,590.169555524592,651.663367597698,723.341915910132,813.529896948901,947.202070728118,1063.14274641847,1197.94883796004
