"means","lower.10.","lower.20.","lower.30.","lower.40.","lower.50.","lower.60.","lower.70.","lower.80.","lower.90.","lower.95.","lower.98.","upper.10.","upper.20.","upper.30.","upper.40.","upper.50.","upper.60.","upper.70.","upper.80.","upper.90.","upper.95.","upper.98."
96,90.7589007169396,85.4333671105574,79.9290054517216,74.1282373619597,67.8682965394179,60.8975555786881,52.7723056408061,42.5488858787481,27.3962377396991,14.2535752537785,0,101.24109928306,106.566632889443,112.070994548278,117.87176263804,124.131703460582,131.102444421312,139.227694359194,149.451114121252,164.603762260301,177.746424746221,193.027610159602
92,80.2805457262514,68.3722905659214,56.064163724021,43.0932519536017,29.0955987392723,13.5085480975382,0,0,0,0,0,103.719454273749,115.627709434079,127.935836275979,140.906748046398,154.904401260728,170.491451902462,188.660063097742,211.520324648218,245.402675926267,274.790562650122,308.960332011219
