"means","lower.10.","lower.20.","lower.30.","lower.40.","lower.50.","lower.60.","lower.70.","lower.80.","lower.90.","lower.95.","lower.98.","upper.10.","upper.20.","upper.30.","upper.40.","upper.50.","upper.60.","upper.70.","upper.80.","upper.90.","upper.95.","upper.98."
148.333333333333,123.417029858092,98.0993237171152,71.9314650061946,44.354483478456,14.5945844863459,0,0,0,0,0,0,173.249636808574,198.567342949551,224.735201660472,252.312183188211,282.072082180321,315.211140962549,353.838761301432,402.441128016658,474.477156928826,536.957668990533,609.604766986141
148.333333333333,123.417029858092,98.0993237171152,71.9314650061946,44.354483478456,14.5945844863459,0,0,0,0,0,0,173.249636808574,198.567342949551,224.735201660472,252.312183188211,282.072082180321,315.211140962549,353.838761301432,402.441128016658,474.477156928826,536.957668990533,609.604766986141
148.333333333333,123.417029858092,98.0993237171152,71.9314650061946,44.354483478456,14.5945844863459,0,0,0,0,0,0,173.249636808574,198.567342949551,224.735201660472,252.312183188211,282.072082180321,315.211140962549,353.838761301432,402.441128016658,474.477156928826,536.957668990533,609.604766986141
