"means","lower.10.","lower.20.","lower.30.","lower.40.","lower.50.","lower.60.","lower.70.","lower.80.","lower.90.","lower.95.","lower.98.","upper.10.","upper.20.","upper.30.","upper.40.","upper.50.","upper.60.","upper.70.","upper.80.","upper.90.","upper.95.","upper.98."
3.55555555553792,3.05641296610555,2.5492291691891,2.02501446094201,1.47257111868773,0.876397891831334,0.212530732388929,0,0,0,0,0,4.05469814497028,4.56188194188673,5.08609665013382,5.6385399923881,6.2347132192445,6.8985803786869,7.67239863221393,8.64603869077582,10.0891199262959,11.3407776856634,12.7961003278968
3.55555555553792,3.05641296610555,2.5492291691891,2.02501446094201,1.47257111868773,0.876397891831334,0.212530732388929,0,0,0,0,0,4.05469814497028,4.56188194188673,5.08609665013382,5.6385399923881,6.2347132192445,6.8985803786869,7.67239863221393,8.64603869077582,10.0891199262959,11.3407776856634,12.7961003278968
