"means","lower.10.","lower.20.","lower.30.","lower.40.","lower.50.","lower.60.","lower.70.","lower.80.","lower.90.","lower.95.","lower.98.","upper.10.","upper.20.","upper.30.","upper.40.","upper.50.","upper.60.","upper.70.","upper.80.","upper.90.","upper.95.","upper.98."
269.100000001415,251.016661959161,232.642000603127,213.650329732618,193.635969269935,172.037327476524,147.986215602861,119.951707311937,84.6778944111446,32.396790059742,0,0,287.183338043668,305.557999399702,324.549670270211,344.564030732895,366.162672526305,390.213784399968,418.248292690893,453.522105591685,505.803209943087,551.149271078827,603.873866930243
5.20000000282926,0,0,0,0,0,0,0,0,0,0,0,30.7737019151613,56.7593972088776,83.6176757260779,111.922255734628,142.467347887708,176.480756489594,216.127538329081,266.012242929992,339.948889759589,404.077904417952,478.641742941664
0,0,0,0,0,0,0,0,0,0,0,0,0,0,0,0,0,0,0,60.7284569254238,151.281985937863,229.82366774809,321.145346571277
0,0,0,0,0,0,0,0,0,0,0,0,0,0,0,0,0,0,0,0,0,41.4985421604844,146.947733863316
