"means","lower.10.","lower.20.","lower.30.","lower.40.","lower.50.","lower.60.","lower.70.","lower.80.","lower.90.","lower.95.","lower.98.","upper.10.","upper.20.","upper.30.","upper.40.","upper.50.","upper.60.","upper.70.","upper.80.","upper.90.","upper.95.","upper.98."
41,9.96729761944672,0,0,0,0,0,0,0,0,0,0,72.0327023805533,103.565342862797,136.156829481962,170.503347261163,207.568640241528,248.842601661306,296.952444553399,357.485612435339,447.204885927478,525.022975489689,615.503321948337
41,0,0,0,0,0,0,0,0,0,0,0,84.8868685836663,129.480756411091,175.572078805815,224.14539006945,276.563630095614,334.933826108328,402.971418409965,488.578245402012,615.460458780855,725.511856437698,853.470389527734
41,0,0,0,0,0,0,0,0,0,0,0,94.7502172192819,149.366352631332,205.816463349927,265.306377206571,329.505347845989,400.993946054681,484.322638287943,589.16916060256,744.567500709112,879.352385578806,1036.06894273162
