"means","lower.10.","lower.20.","lower.30.","lower.40.","lower.50.","lower.60.","lower.70.","lower.80.","lower.90.","lower.95.","lower.98.","upper.10.","upper.20.","upper.30.","upper.40.","upper.50.","upper.60.","upper.70.","upper.80.","upper.90.","upper.95.","upper.98."
0,0,0,0,0,0,0,0,0,0,0,0,25.6462451840366,51.7056524245249,78.6401180890796,107.024987875194,137.656725322213,171.766617567737,211.525862877591,261.552072204418,335.698450354035,400.00937565445,474.784724612432
0,0,0,0,0,0,0,0,0,0,0,0,36.2692677632102,73.1228349101124,111.213921548198,151.356189365916,194.676007902542,242.914680127247,299.142744074161,369.890487778275,474.749301358308,565.698684126918,671.446996754476
0,0,0,0,0,0,0,0,0,0,0,0,44.42059968212,89.556817037774,136.208680043502,185.37271667928,238.428442261627,297.508508671574,366.373541618835,453.021477882976,581.446772035327,692.836562137413,822.35126568633
0,0,0,0,0,0,0,0,0,0,0,0,51.2924903680732,103.41130484905,157.280236178159,214.049975750389,275.313450644426,343.533235135474,423.051725755182,523.104144408836,671.39690070807,800.018751308901,949.569449224864
