"means","lower.10.","lower.20.","lower.30.","lower.40.","lower.50.","lower.60.","lower.70.","lower.80.","lower.90.","lower.95.","lower.98.","upper.10.","upper.20.","upper.30.","upper.40.","upper.50.","upper.60.","upper.70.","upper.80.","upper.90.","upper.95.","upper.98."
0,0,0,0,0,0,0,0,0,0,0,0,0.622696740409389,1.25542515071693,1.90940018112124,2.59859135768227,3.34233699859221,4.17053303916598,5.13589667341034,6.35054455887323,8.15083569917892,9.71231977881358,11.5278824752231
