"means","lower.10.","lower.20.","lower.30.","lower.40.","lower.50.","lower.60.","lower.70.","lower.80.","lower.90.","lower.95.","lower.98.","upper.10.","upper.20.","upper.30.","upper.40.","upper.50.","upper.60.","upper.70.","upper.80.","upper.90.","upper.95.","upper.98."
466.750000000037,460.621144350169,454.393552585684,447.95684222595,441.173519041171,433.853246784152,425.701776488785,416.200242306953,404.245142701767,386.525884175674,371.157069947811,353.287502038618,472.878855649905,479.10644741439,485.543157774124,492.326480958902,499.646753215922,507.798223511288,517.299757693121,529.254857298307,546.9741158244,562.342930052263,580.212497961456
