"means","lower.10.","lower.20.","lower.30.","lower.40.","lower.50.","lower.60.","lower.70.","lower.80.","lower.90.","lower.95.","lower.98.","upper.10.","upper.20.","upper.30.","upper.40.","upper.50.","upper.60.","upper.70.","upper.80.","upper.90.","upper.95.","upper.98."
191,185.891360070208,180.700419742681,175.335170919933,169.681006805431,163.579274722711,156.784706696244,148.864807829538,138.899766605404,124.130074381594,111.319569040404,96.4245880905745,196.108639929792,201.299580257319,206.664829080067,212.318993194569,218.420725277289,225.215293303756,233.135192170462,243.100233394596,257.869925618406,270.680430959596,285.575411909425
191,183.775292126007,176.434193913349,168.846586262712,160.850390688101,152.221238422751,142.612268169255,131.411839779336,117.319143330559,96.4316442755702,78.3148538812061,57.2501698106686,198.224707873993,205.565806086651,213.153413737288,221.149609311899,229.778761577249,239.387731830745,250.588160220664,264.680856669441,285.56835572443,303.685146118794,324.749830189331
191,182.151576084025,173.16060369769,163.867720141441,154.074420620791,143.505910639347,131.737373602023,118.019706374081,100.759748674363,75.1778913305692,52.9894452089954,27.1905814261204,199.848423915975,208.83939630231,218.132279858559,227.925579379209,238.494089360653,250.262626397977,263.980293625919,281.240251325637,306.822108669431,329.010554791005,354.80941857388
