"means","lower.10.","lower.20.","lower.30.","lower.40.","lower.50.","lower.60.","lower.70.","lower.80.","lower.90.","lower.95.","lower.98.","upper.10.","upper.20.","upper.30.","upper.40.","upper.50.","upper.60.","upper.70.","upper.80.","upper.90.","upper.95.","upper.98."
155,143.37943104146,131.571654242803,119.367379762451,106.505912738264,92.6263676130956,77.1708359294873,59.1555261425313,36.4881527689594,2.89169082567693,0,0,166.62056895854,178.428345757197,190.632620237549,203.494087261736,217.373632386904,232.829164070513,250.844473857469,273.511847231041,307.108309174323,336.248229536082,370.129684412991
155,138.566033776342,121.867315686205,104.607865197168,86.4190040995481,66.790363143966,44.9329406233201,19.4554451922542,0,0,0,0,171.433966223658,188.132684313795,205.392134802832,223.580995900452,243.209636856034,265.06705937668,290.544554807746,322.601061656026,370.113633783968,411.323704366038,459.239317365895
155,134.872584150952,114.420914811243,93.2824913417584,71.005776995994,46.9656996532579,20.1959335192578,0,0,0,0,0,175.127415849048,195.579085188757,216.717508658242,238.994223004006,263.034300346742,289.804066480742,321.007498345843,360.268540703003,418.459319743323,468.931142338399,527.615543619558
155,131.758862082921,108.143308485605,83.7347595249023,58.0118254765273,30.2527352261911,0,0,0,0,0,0,178.241137917079,201.856691514395,226.265240475098,251.988174523473,279.747264773809,310.658328141025,346.688947714937,392.023694462081,459.216618348646,517.496459072163,585.259368825982
