"means","lower.10.","lower.20.","lower.30.","lower.40.","lower.50.","lower.60.","lower.70.","lower.80.","lower.90.","lower.95.","lower.98.","upper.10.","upper.20.","upper.30.","upper.40.","upper.50.","upper.60.","upper.70.","upper.80.","upper.90.","upper.95.","upper.98."
6.36363636361302,5.38982541658252,4.40032633545743,3.37760050060943,2.29980151953445,1.13668695682107,0,0,0,0,0,0,7.33744731064351,8.32694639176861,9.34967222661661,10.4274712076916,11.590585770405,12.8857689924463,14.3954632206098,16.295003287053,19.1104078114433,21.5523513638736,24.391638474356
6.36363636361302,5.38982541658252,4.40032633545743,3.37760050060943,2.29980151953445,1.13668695682107,0,0,0,0,0,0,7.33744731064351,8.32694639176861,9.34967222661661,10.4274712076916,11.590585770405,12.8857689924463,14.3954632206098,16.295003287053,19.1104078114433,21.5523513638736,24.391638474356
