"means","lower.10.","lower.20.","lower.30.","lower.40.","lower.50.","lower.60.","lower.70.","lower.80.","lower.90.","lower.95.","lower.98.","upper.10.","upper.20.","upper.30.","upper.40.","upper.50.","upper.60.","upper.70.","upper.80.","upper.90.","upper.95.","upper.98."
1.88888888888924,1.64196798393141,1.3910691731187,1.13174533882162,0.858457078321786,0.56353607618006,0.235127554743897,0,0,0,0,0,2.13580979384707,2.38670860465978,2.64603243895685,2.91932069945669,3.21424170159841,3.54265022303458,3.92545046384567,4.40710057636501,5.12097859869027,5.74016131958768,6.46009504480742
