"means","lower.10.","lower.20.","lower.30.","lower.40.","lower.50.","lower.60.","lower.70.","lower.80.","lower.90.","lower.95.","lower.98.","upper.10.","upper.20.","upper.30.","upper.40.","upper.50.","upper.60.","upper.70.","upper.80.","upper.90.","upper.95.","upper.98."
15,12.1488436122948,9.25175497883749,6.25738394019815,3.1017678948818,0,0,0,0,0,0,0,17.8511563877052,20.7482450211625,23.7426160598018,26.8982321051182,30.3036379749388,34.0957188999195,38.5158523511154,44.0773895372156,52.3204254346528,59.4700297589398,67.782989893827
0,0,0,0,0,0,0,0,0,0,0,0,2.37537949739168,8.8534666186441,15.5490838108983,22.6052557991147,30.2199748150105,38.6993255394476,48.5830444059422,61.0190196134551,79.4510082210957,95.4380095024279,114.026353458282
0,0,0,0,0,0,0,0,0,0,0,0,0,0,9.71187395988607,21.5191080456664,34.2609700734441,48.4496376776427,64.9882626558361,85.7976293500259,116.640245505115,143.391615337594,174.495864032252
0,0,0,0,0,0,0,0,0,0,0,0,0,0,5.88528027560407,23.1693011840542,41.8214773076669,62.5915599326367,86.8016279166678,117.263421628977,162.412388662489,201.572384318974,247.104342174163
