"means","lower.10.","lower.20.","lower.30.","lower.40.","lower.50.","lower.60.","lower.70.","lower.80.","lower.90.","lower.95.","lower.98.","upper.10.","upper.20.","upper.30.","upper.40.","upper.50.","upper.60.","upper.70.","upper.80.","upper.90.","upper.95.","upper.98."
477,444.50242332956,411.481309372842,377.351367280732,341.383549164071,302.568618202836,259.346351921168,208.965521762838,145.574933336974,51.6205321581035,0,0,509.49757667044,542.518690627158,576.648632719268,612.616450835929,651.431381797164,694.653648078832,745.034478237162,808.425066663026,902.379467841896,983.870899070905,1078.62229906662
