"means","lower.10.","lower.20.","lower.30.","lower.40.","lower.50.","lower.60.","lower.70.","lower.80.","lower.90.","lower.95.","lower.98.","upper.10.","upper.20.","upper.30.","upper.40.","upper.50.","upper.60.","upper.70.","upper.80.","upper.90.","upper.95.","upper.98."
1100,1088.07304244361,1075.95394111429,1063.42788802231,1050.22731480961,1035.98182078944,1020.11878765745,1001.62848516358,978.363462503674,943.881194288404,913.972969089509,879.198193800327,1111.92695755639,1124.04605888571,1136.57211197769,1149.77268519039,1164.01817921056,1179.88121234255,1198.37151483642,1221.63653749633,1256.1188057116,1286.02703091049,1320.80180619967
