"means","lower.10.","lower.20.","lower.30.","lower.40.","lower.50.","lower.60.","lower.70.","lower.80.","lower.90.","lower.95.","lower.98.","upper.10.","upper.20.","upper.30.","upper.40.","upper.50.","upper.60.","upper.70.","upper.80.","upper.90.","upper.95.","upper.98."
258,250.038680209495,241.949103232291,233.587883373277,224.776417056962,215.267459476447,204.678784282961,192.336390132494,176.806839997588,153.789707332716,133.825777382512,110.613394391194,265.961319790505,274.050896767709,282.412116626723,291.223582943038,300.732540523553,311.321215717039,323.663609867506,339.193160002412,362.210292667284,382.174222617488,405.386605608806
