"means","lower.10.","lower.20.","lower.30.","lower.40.","lower.50.","lower.60.","lower.70.","lower.80.","lower.90.","lower.95.","lower.98.","upper.10.","upper.20.","upper.30.","upper.40.","upper.50.","upper.60.","upper.70.","upper.80.","upper.90.","upper.95.","upper.98."
631.341213378643,610.308385285327,588.93671747315,566.847402563983,543.568591869538,518.447095007154,490.473116955654,457.86602902831,416.838866830457,356.030432138678,303.288183647361,241.963921597888,652.374041471958,673.745709284136,695.835024193302,719.113834887747,744.235331750131,772.209309801631,804.816397728975,845.843559926828,906.651994618608,959.394243109924,1020.7185051594
684.888848084981,657.517053875436,629.704298944224,600.95760928171,570.662928369361,537.970204437886,501.565306007164,459.130950695552,405.738842145102,326.603694308424,257.965755299555,178.15931779038,712.260642294526,740.073397225738,768.820086888252,799.114767800602,831.807491732076,868.212390162798,910.646745474411,964.03885402486,1043.17400186154,1111.81194087041,1191.61837837958
684.888848084981,657.517053875436,629.704298944224,600.95760928171,570.662928369361,537.970204437886,501.565306007164,459.130950695552,405.738842145102,326.603694308424,257.965755299555,178.15931779038,712.260642294526,740.073397225738,768.820086888252,799.114767800602,831.807491732076,868.212390162798,910.646745474411,964.03885402486,1043.17400186154,1111.81194087041,1191.61837837958
684.888848084981,657.517053875436,629.704298944224,600.95760928171,570.662928369361,537.970204437886,501.565306007164,459.130950695552,405.738842145102,326.603694308424,257.965755299555,178.15931779038,712.260642294526,740.073397225738,768.820086888252,799.114767800602,831.807491732076,868.212390162798,910.646745474411,964.03885402486,1043.17400186154,1111.81194087041,1191.61837837958
