"means","lower.10.","lower.20.","lower.30.","lower.40.","lower.50.","lower.60.","lower.70.","lower.80.","lower.90.","lower.95.","lower.98.","upper.10.","upper.20.","upper.30.","upper.40.","upper.50.","upper.60.","upper.70.","upper.80.","upper.90.","upper.95.","upper.98."
50,33.4663778370814,16.6663983464368,0,0,0,0,0,0,0,0,0,66.5336221629186,83.3336016535632,100.697713836934,118.996872595636,138.744542069605,160.734508489968,186.36650002396,218.617398247754,266.418087677243,307.878057050326,356.084231400604
50,26.6179273020482,2.85916845878873,0,0,0,0,0,0,0,0,0,73.3820726979518,97.1408315412113,121.697394489502,147.576312986076,175.503734981425,206.602243729231,242.851353787235,288.461011454039,356.061394736006,414.694645718994,482.86847127528
50,21.3629263806782,0,0,0,0,0,0,0,0,0,0,78.6370736193218,107.735491663233,137.811016193158,169.506088898998,203.710055758989,241.797794855791,286.193706491841,342.053900805185,424.84712353388,496.65789696831,580.153440181516
50,16.9327556741629,0,0,0,0,0,0,0,0,0,0,83.0672443258371,116.667203307126,151.395427673868,187.993745191271,227.48908413921,271.469016979936,322.73300004792,387.234796495508,482.836175354485,565.756114100652,662.168462801209
