"means","lower.10.","lower.20.","lower.30.","lower.40.","lower.50.","lower.60.","lower.70.","lower.80.","lower.90.","lower.95.","lower.98.","upper.10.","upper.20.","upper.30.","upper.40.","upper.50.","upper.60.","upper.70.","upper.80.","upper.90.","upper.95.","upper.98."
37.3899123995338,33.0944337685628,28.7297548015627,24.2185126735832,19.4643429799609,14.3338463833251,8.62079512790885,1.96153614529884,0,0,0,0,41.6853910305049,46.050069997505,50.5613121254845,55.3154818191068,60.4459784157425,66.1590296711588,72.8182886537688,81.1971570459975,93.6159021925123,104.38731155024,116.91140274829
30.0423744936239,25.6464616935262,21.1797305588365,16.5630094158793,11.6976807283272,6.44722609973316,0.60059588715983,0,0,0,0,0,34.4382872937216,38.9050184284112,43.5217395713685,48.3870682589206,53.6375228875146,59.484153100088,66.299114671484,74.87389247393,87.5830048780985,98.6062645282164,111.42318611878
35.7917692676863,30.1323543292715,24.3817659852573,18.4380765193591,12.1743230950377,5.4147483014081,0,0,0,0,0,0,41.451184206101,47.2017725501153,53.1454620160135,59.4092154403349,66.1687902339645,73.6958973148168,82.4696599156182,93.509056690657,109.87110568138,124.062743043366,140.563588445148
31.2929098277877,25.4364510651159,19.4856445127952,13.3350136377053,6.85317513880247,0,0,0,0,0,0,0,37.1493685904594,43.1001751427801,49.2508060178701,55.7326445167729,62.7275673953514,70.5167457293178,79.5959843828204,91.0197397853347,107.951466161599,122.637213697288,139.712568958626
