"means","lower.10.","lower.20.","lower.30.","lower.40.","lower.50.","lower.60.","lower.70.","lower.80.","lower.90.","lower.95.","lower.98.","upper.10.","upper.20.","upper.30.","upper.40.","upper.50.","upper.60.","upper.70.","upper.80.","upper.90.","upper.95.","upper.98."
535.223349292373,490.091310942575,444.232193613276,396.833156109702,346.881710096921,292.976245992558,232.949955442599,162.981982696231,74.9462963167403,0,0,0,580.355387642171,626.214504971471,673.613542475044,723.564988487825,777.470452592189,837.496743142148,907.464715888516,995.500402268006,1125.9825511414,1239.15635596707,1370.74536217729
146.6813999408,100.488571347519,53.5515744006267,5.03846276318438,0,0,0,0,0,0,0,0,192.874228534081,239.811225480973,288.324337118416,339.449849460033,394.622315731441,456.059473277354,527.671983819032,617.77687426296,751.325895263888,867.159754285343,1001.84164836506
0,0,0,0,0,0,0,0,0,0,0,0,0,47.5050964363188,109.949473881354,175.756441976693,246.772507368927,325.852263860699,418.029378193638,534.009235980819,705.908856378712,855.006140999562,1028.36395592964
