"means","lower.10.","lower.20.","lower.30.","lower.40.","lower.50.","lower.60.","lower.70.","lower.80.","lower.90.","lower.95.","lower.98.","upper.10.","upper.20.","upper.30.","upper.40.","upper.50.","upper.60.","upper.70.","upper.80.","upper.90.","upper.95.","upper.98."
4388.87499999941,4349.42937543252,4309.34828024422,4267.9212872131,4224.26347653054,4177.14983449461,4124.6865598952,4063.53420592288,3986.59058094192,3872.54853796462,3773.63407322543,3658.6246314655,4428.32062456629,4468.40171975459,4509.82871278572,4553.48652346827,4600.60016550421,4653.06344010361,4714.21579407594,4791.1594190569,4905.20146203419,5004.11592677339,5119.12536853332
4850.74999999882,4794.96546276005,4738.28223434999,4679.69561895703,4617.95415098625,4551.32539944624,4477.13112498126,4390.64863662256,4281.83391863633,4120.55411477711,3980.66793722806,3818.02002489021,4906.53453723758,4963.21776564764,5021.8043810406,5083.54584901138,5150.17460055139,5224.36887501638,5310.85136337507,5419.66608136131,5580.94588522053,5720.83206276957,5883.47997510742
5312.62499999823,5244.30317411209,5174.88068082295,5103.12702408824,5027.50947783883,4945.90625610299,4855.03719896537,4749.11821488288,4615.84794709732,4418.3213344617,4246.99645592993,4047.7942594516,5380.94682588436,5450.3693191735,5522.12297590821,5597.74052215762,5679.34374389347,5770.21280103108,5876.13178511358,6009.40205289913,6206.92866553476,6378.25354406652,6577.45574054485
5774.49999999763,5695.60875086386,5615.44656048726,5532.59257442501,5445.2769530599,5351.04966898804,5246.12311978922,5123.81841184458,4969.93116188265,4741.84707592806,4544.01814644967,4313.99926292981,5853.3912491314,5933.553439508,6016.40742557026,6103.72304693536,6197.95033100723,6302.87688020605,6425.18158815069,6579.06883811262,6807.1529240672,7004.98185354559,7235.00073706545
