"means","lower.10.","lower.20.","lower.30.","lower.40.","lower.50.","lower.60.","lower.70.","lower.80.","lower.90.","lower.95.","lower.98.","upper.10.","upper.20.","upper.30.","upper.40.","upper.50.","upper.60.","upper.70.","upper.80.","upper.90.","upper.95.","upper.98."
93,88.1769177725199,83.2761354935414,78.2107880432158,72.8726748023753,67.1120113049557,60.697239322153,53.2200391294582,43.81201392417,29.867903348949,17.773466965634,3.71107092968923,97.8230822274801,102.723864506459,107.789211956784,113.127325197625,118.887988695044,125.302760677847,132.779960870542,142.18798607583,156.132096651051,168.226533034366,182.288929070311
