"means","lower.10.","lower.20.","lower.30.","lower.40.","lower.50.","lower.60.","lower.70.","lower.80.","lower.90.","lower.95.","lower.98.","upper.10.","upper.20.","upper.30.","upper.40.","upper.50.","upper.60.","upper.70.","upper.80.","upper.90.","upper.95.","upper.98."
8,5.86006390088072,3.68565334388105,1.43822745473195,0,0,0,0,0,0,0,0,10.1399360991193,12.3143466561189,14.561772545268,16.9302209122015,19.4861490908193,22.3322963232687,25.6498285273691,29.8240415738547,36.0108541104547,41.3769913219863,47.6162855114931
8,4.97367334601374,1.89859244613757,0,0,0,0,0,0,0,0,0,11.0263266539863,14.1014075538624,17.2797477267255,20.6292395290232,24.243867823676,28.2689278403167,32.9606268769649,38.8638555795396,47.6133297766592,55.2021937987621,64.0258882611982
8,4.29352195137466,0.52733239013709,0,0,0,0,0,0,0,0,0,11.7064780486253,15.4726676098629,19.3653234361148,23.4675963427471,27.8945938086101,32.8242654210341,38.5703997542818,45.8003488324118,56.5162224827071,65.8106447734657,76.6174193130608
