"means","lower.10.","lower.20.","lower.30.","lower.40.","lower.50.","lower.60.","lower.70.","lower.80.","lower.90.","lower.95.","lower.98.","upper.10.","upper.20.","upper.30.","upper.40.","upper.50.","upper.60.","upper.70.","upper.80.","upper.90.","upper.95.","upper.98."
570.111111114491,534.249174814038,497.80950125638,460.14620649266,420.454766874048,377.621462847891,329.924547601767,274.327967579067,204.374774846257,100.693605496524,10.7656534709291,0,605.973047414944,642.412720972603,680.076015736322,719.767455354934,762.600759381091,810.297674627215,865.894254649915,935.847447382725,1039.52861673246,1129.45656875805,1234.01724740447
