"means","lower.10.","lower.20.","lower.30.","lower.40.","lower.50.","lower.60.","lower.70.","lower.80.","lower.90.","lower.95.","lower.98.","upper.10.","upper.20.","upper.30.","upper.40.","upper.50.","upper.60.","upper.70.","upper.80.","upper.90.","upper.95.","upper.98."
2.22222222222222,1.90321945361372,1.5790775373855,1.24405114048699,0.890983781761175,0.509968588980827,0.0856901035660189,0,0,0,0,0,2.54122499083073,2.86536690705894,3.20039330395745,3.55346066268327,3.93447585546362,4.35875434087843,4.85330273346428,5.47555753777301,6.39783289396213,7.19776922286289,8.12786808022353
2.22222222222222,1.90321945361372,1.5790775373855,1.24405114048699,0.890983781761175,0.509968588980827,0.0856901035660189,0,0,0,0,0,2.54122499083073,2.86536690705894,3.20039330395745,3.55346066268327,3.93447585546362,4.35875434087843,4.85330273346428,5.47555753777301,6.39783289396213,7.19776922286289,8.12786808022353
2.22222222222222,1.90321945361372,1.5790775373855,1.24405114048699,0.890983781761175,0.509968588980827,0.0856901035660189,0,0,0,0,0,2.54122499083073,2.86536690705894,3.20039330395745,3.55346066268327,3.93447585546362,4.35875434087843,4.85330273346428,5.47555753777301,6.39783289396213,7.19776922286289,8.12786808022353
2.22222222222222,1.90321945361372,1.5790775373855,1.24405114048699,0.890983781761175,0.509968588980827,0.0856901035660189,0,0,0,0,0,2.54122499083073,2.86536690705894,3.20039330395745,3.55346066268327,3.93447585546362,4.35875434087843,4.85330273346428,5.47555753777301,6.39783289396213,7.19776922286289,8.12786808022353
