"means","lower.10.","lower.20.","lower.30.","lower.40.","lower.50.","lower.60.","lower.70.","lower.80.","lower.90.","lower.95.","lower.98.","upper.10.","upper.20.","upper.30.","upper.40.","upper.50.","upper.60.","upper.70.","upper.80.","upper.90.","upper.95.","upper.98."
765.666666666667,745.048630160509,724.098436244884,702.44474805932,679.625022314947,654.998950295531,627.576651300391,595.612612690712,555.394553369995,495.785331025051,444.083220401305,383.968343408083,786.284703172825,807.234897088449,828.888585274013,851.708311018386,876.334383037802,903.756682032942,935.720720642622,975.938779963338,1035.54800230828,1087.25011293203,1147.36498992525
765.666666666667,745.048630160509,724.098436244884,702.44474805932,679.625022314947,654.998950295531,627.576651300391,595.612612690712,555.394553369995,495.785331025051,444.083220401305,383.968343408083,786.284703172825,807.234897088449,828.888585274013,851.708311018386,876.334383037802,903.756682032942,935.720720642622,975.938779963338,1035.54800230828,1087.25011293203,1147.36498992525
765.666666666667,745.048630160509,724.098436244884,702.44474805932,679.625022314947,654.998950295531,627.576651300391,595.612612690712,555.394553369995,495.785331025051,444.083220401305,383.968343408083,786.284703172825,807.234897088449,828.888585274013,851.708311018386,876.334383037802,903.756682032942,935.720720642622,975.938779963338,1035.54800230828,1087.25011293203,1147.36498992525
