"means","lower.10.","lower.20.","lower.30.","lower.40.","lower.50.","lower.60.","lower.70.","lower.80.","lower.90.","lower.95.","lower.98.","upper.10.","upper.20.","upper.30.","upper.40.","upper.50.","upper.60.","upper.70.","upper.80.","upper.90.","upper.95.","upper.98."
120,112.732998068318,105.348924438975,97.716898284325,89.6738922970537,80.9942242364515,71.3290022494149,60.0630055939371,45.8878092950631,24.8780330344873,6.65518539996262,0,127.267001931682,134.651075561025,142.283101715675,150.326107702946,159.005775763549,168.670997750585,179.936994406063,194.112190704937,215.121966965513,233.344814600037,254.532813132394
64,47.7504896881372,31.2391991020624,14.1734698142085,0,0,0,0,0,0,0,0,80.2495103118628,96.7608008979376,113.826530185791,131.811238316768,151.219566122408,172.831659503048,198.023193858981,229.719896377667,276.699184288376,317.446710342794,364.82451536831
