"means","lower.10.","lower.20.","lower.30.","lower.40.","lower.50.","lower.60.","lower.70.","lower.80.","lower.90.","lower.95.","lower.98.","upper.10.","upper.20.","upper.30.","upper.40.","upper.50.","upper.60.","upper.70.","upper.80.","upper.90.","upper.95.","upper.98."
13.1818181818182,11.2523388942216,9.29177561656637,7.26537786323807,5.12985985892906,2.82530016518072,0.259063660865685,0,0,0,0,0,15.1112974694147,17.07186074707,19.0982585003983,21.2337765047073,23.5383361984556,26.1045727027707,29.0958347672691,32.8595254767832,38.4378820690783,43.2762744903813,48.9019513098104
13.1818181818182,11.2523388942216,9.29177561656637,7.26537786323807,5.12985985892906,2.82530016518072,0.259063660865685,0,0,0,0,0,15.1112974694147,17.07186074707,19.0982585003983,21.2337765047073,23.5383361984556,26.1045727027707,29.0958347672691,32.8595254767832,38.4378820690783,43.2762744903813,48.9019513098104
