"means","lower.10.","lower.20.","lower.30.","lower.40.","lower.50.","lower.60.","lower.70.","lower.80.","lower.90.","lower.95.","lower.98.","upper.10.","upper.20.","upper.30.","upper.40.","upper.50.","upper.60.","upper.70.","upper.80.","upper.90.","upper.95.","upper.98."
16.5454545454546,13.2434704670497,9.88829129039894,6.42044731766566,2.76586211703422,0,0,0,0,0,0,0,19.8474386238594,23.2026178005102,26.6704617732434,30.3250469738749,34.2689190151081,38.6606075567481,43.7796569162328,50.2205899071936,59.7670228592505,68.0471297476317,77.6745434272805
16.5454545454546,13.2434704670497,9.88829129039894,6.42044731766566,2.76586211703422,0,0,0,0,0,0,0,19.8474386238594,23.2026178005102,26.6704617732434,30.3250469738749,34.2689190151081,38.6606075567481,43.7796569162328,50.2205899071936,59.7670228592505,68.0471297476317,77.6745434272805
16.5454545454546,13.2434704670497,9.88829129039894,6.42044731766566,2.76586211703422,0,0,0,0,0,0,0,19.8474386238594,23.2026178005102,26.6704617732434,30.3250469738749,34.2689190151081,38.6606075567481,43.7796569162328,50.2205899071936,59.7670228592505,68.0471297476317,77.6745434272805
