"means","lower.10.","lower.20.","lower.30.","lower.40.","lower.50.","lower.60.","lower.70.","lower.80.","lower.90.","lower.95.","lower.98.","upper.10.","upper.20.","upper.30.","upper.40.","upper.50.","upper.60.","upper.70.","upper.80.","upper.90.","upper.95.","upper.98."
1,0.801311821991574,0.599422769327637,0.390754409880932,0.170849389854062,0,0,0,0,0,0,0,1.19868817800843,1.40057723067236,1.60924559011907,1.82915061014594,2.06646270238036,2.3307209707426,2.63874625681925,3.02631240197965,3.60074381190944,4.09897739278189,4.67828160428702
