"means","lower.10.","lower.20.","lower.30.","lower.40.","lower.50.","lower.60.","lower.70.","lower.80.","lower.90.","lower.95.","lower.98.","upper.10.","upper.20.","upper.30.","upper.40.","upper.50.","upper.60.","upper.70.","upper.80.","upper.90.","upper.95.","upper.98."
31.7589075096894,0,0,0,0,0,0,0,0,0,0,0,66.3272648647351,101.452519867389,137.757258731817,176.016985066088,217.305245350427,263.28168112198,316.872832192058,384.30273737773,484.244014475623,570.928167717758,671.717229257913
68.1145046516958,32.7493057027836,0,0,0,0,0,0,0,0,0,0,103.479703600608,139.414637347722,176.556243457084,215.697901813753,257.937905416267,304.974152505559,359.800643102974,428.784887494601,531.029929440729,619.712255119089,722.824623943332
0,0,0,0,0,0,0,0,0,0,0,0,0,0,0,0,0,31.980757822881,102.604700484958,191.465746804248,323.171203440303,437.40604531332,570.228736392834
