"means","lower.10.","lower.20.","lower.30.","lower.40.","lower.50.","lower.60.","lower.70.","lower.80.","lower.90.","lower.95.","lower.98.","upper.10.","upper.20.","upper.30.","upper.40.","upper.50.","upper.60.","upper.70.","upper.80.","upper.90.","upper.95.","upper.98."
349,319.019119864122,288.555246525836,257.068415575799,223.886038482262,188.077036339351,148.202014342084,101.722806201717,43.2413491807287,0,0,0,378.980880135878,409.444753474164,440.931584424201,474.113961517738,509.922963660649,549.797985657916,596.277193798283,654.758650819271,741.436979746613,816.617503407025,904.031109497913
