"means","lower.10.","lower.20.","lower.30.","lower.40.","lower.50.","lower.60.","lower.70.","lower.80.","lower.90.","lower.95.","lower.98.","upper.10.","upper.20.","upper.30.","upper.40.","upper.50.","upper.60.","upper.70.","upper.80.","upper.90.","upper.95.","upper.98."
205,189.419226494568,173.587446092165,157.224044510459,139.97948399312,121.369891835866,100.647228476826,76.4924334386291,46.1001857133447,1.05429630898135,0,0,220.580773505432,236.412553907835,252.775955489541,270.02051600688,288.630108164134,309.352771523174,333.507566561371,363.899814286655,408.945703691019,448.016294876594,493.444300713064
205,182.965458796355,160.575940234763,137.434595791358,113.047104430574,86.7291668115531,57.4228952407063,23.2628565013461,0,0,0,0,227.034541203645,249.424059765237,272.565404208642,296.952895569426,323.270833188447,352.577104759294,386.737143498654,429.718272422754,493.422780147563,548.676940092139,612.921842057639
