"means","lower.10.","lower.20.","lower.30.","lower.40.","lower.50.","lower.60.","lower.70.","lower.80.","lower.90.","lower.95.","lower.98.","upper.10.","upper.20.","upper.30.","upper.40.","upper.50.","upper.60.","upper.70.","upper.80.","upper.90.","upper.95.","upper.98."
312,292.321713724237,272.326409453566,251.659675503689,229.880050862998,206.376411469359,180.203994430289,149.696845890564,111.311886947829,54.4195955005277,5.07401724377326,0,331.678286275763,351.673590546434,372.340324496311,394.119949137002,417.623588530641,443.796005569711,474.303154109436,512.688113052171,569.580404499472,618.925982756227,676.300881600333
312,284.170700664555,255.893070181197,226.665894739323,195.864854189063,162.625688593452,125.612301456714,82.4686782425052,28.184148714555,0,0,0,339.829299335445,368.106929818803,397.334105260677,428.135145810937,461.374311406548,498.387698543286,541.531321757495,595.815851285445,676.273701444701,746.058887458547,827.199247543667
312,277.916208364493,243.283325454893,207.487492227196,169.764075779741,129.05457818718,83.7226221186292,30.8826908537756,0,0,0,0,346.083791635507,380.716674545107,416.512507772804,454.235924220259,494.94542181282,540.277377881371,593.117309146224,659.602008281487,758.142347627229,843.611396296794,942.987636173911
