"means","lower.10.","lower.20.","lower.30.","lower.40.","lower.50.","lower.60.","lower.70.","lower.80.","lower.90.","lower.95.","lower.98.","upper.10.","upper.20.","upper.30.","upper.40.","upper.50.","upper.60.","upper.70.","upper.80.","upper.90.","upper.95.","upper.98."
101.555555555556,85.5126672376294,69.2113273342453,52.3625987403056,34.6065766548207,15.4450370485301,0,0,0,0,0,0,117.598443873482,133.899783776866,150.748512370805,168.50453445629,187.666074062581,209.003357080215,233.874566395022,265.168226868136,311.550145753222,351.779543265933,398.554911888453
101.555555555556,85.5126672376294,69.2113273342453,52.3625987403056,34.6065766548207,15.4450370485301,0,0,0,0,0,0,117.598443873482,133.899783776866,150.748512370805,168.50453445629,187.666074062581,209.003357080215,233.874566395022,265.168226868136,311.550145753222,351.779543265933,398.554911888453
101.555555555556,85.5126672376294,69.2113273342453,52.3625987403056,34.6065766548207,15.4450370485301,0,0,0,0,0,0,117.598443873482,133.899783776866,150.748512370805,168.50453445629,187.666074062581,209.003357080215,233.874566395022,265.168226868136,311.550145753222,351.779543265933,398.554911888453
