"means","lower.10.","lower.20.","lower.30.","lower.40.","lower.50.","lower.60.","lower.70.","lower.80.","lower.90.","lower.95.","lower.98.","upper.10.","upper.20.","upper.30.","upper.40.","upper.50.","upper.60.","upper.70.","upper.80.","upper.90.","upper.95.","upper.98."
2837,2819.09009315378,2800.89165697742,2782.08212881673,2762.25971933482,2740.86822283007,2717.04777705845,2689.28213828108,2654.3466246227,2602.5669307098,2557.65576835213,2505.43683631661,2854.90990684622,2873.10834302258,2891.91787118327,2911.74028066518,2933.13177716993,2956.95222294155,2984.71786171892,3019.6533753773,3071.4330692902,3116.34423164787,3168.56316368339
3405,3364.95223082115,3324.25929044662,3282.19990685463,3237.87565177523,3190.04281145018,3136.77867545048,3074.69281970559,2996.57463633657,2880.7917208932,2780.36730891291,2663.60222716906,3445.04776917885,3485.74070955338,3527.80009314537,3572.12434822477,3619.95718854982,3673.22132454952,3735.30718029441,3813.42536366343,3929.2082791068,4029.63269108709,4146.39777283094
