"means","lower.10.","lower.20.","lower.30.","lower.40.","lower.50.","lower.60.","lower.70.","lower.80.","lower.90.","lower.95.","lower.98.","upper.10.","upper.20.","upper.30.","upper.40.","upper.50.","upper.60.","upper.70.","upper.80.","upper.90.","upper.95.","upper.98."
74,69.6118051585462,65.1529163191291,60.5443008107629,55.6875142411523,50.4462779008929,44.6099126895238,37.8069162307129,29.2471932720431,16.5603944142065,5.55648843782353,0,78.3881948414538,82.8470836808709,87.4556991892371,92.3124857588477,97.5537220991071,103.390087310476,110.193083769287,118.752806727957,131.439605585794,142.443511562176,155.237930324482
