"means","lower.10.","lower.20.","lower.30.","lower.40.","lower.50.","lower.60.","lower.70.","lower.80.","lower.90.","lower.95.","lower.98.","upper.10.","upper.20.","upper.30.","upper.40.","upper.50.","upper.60.","upper.70.","upper.80.","upper.90.","upper.95.","upper.98."
110,102.768015657063,95.4195237512478,87.8242741319122,79.8200250733689,71.1821818326089,61.5635337658559,50.3518247026187,36.2449345909501,15.3363983894282,0,0,117.231984342937,124.580476248752,132.175725868088,140.179974926631,148.817818167391,158.436466234144,169.648175297381,183.75506540905,204.663601610572,222.7986385922,243.88453826372
