"means","lower.10.","lower.20.","lower.30.","lower.40.","lower.50.","lower.60.","lower.70.","lower.80.","lower.90.","lower.95.","lower.98.","upper.10.","upper.20.","upper.30.","upper.40.","upper.50.","upper.60.","upper.70.","upper.80.","upper.90.","upper.95.","upper.98."
71,53.0423884616702,34.7954790686683,15.9358499913631,0,0,0,0,0,0,0,0,88.9576115383298,107.204520931332,126.064150008637,145.939358310178,167.387833042848,191.271726773252,219.111321895579,254.139889523308,306.057503436385,351.088290825654,403.446312812681
