"means","lower.10.","lower.20.","lower.30.","lower.40.","lower.50.","lower.60.","lower.70.","lower.80.","lower.90.","lower.95.","lower.98.","upper.10.","upper.20.","upper.30.","upper.40.","upper.50.","upper.60.","upper.70.","upper.80.","upper.90.","upper.95.","upper.98."
12,9.0958206440936,6.14485484025377,3.09479746990395,0,0,0,0,0,0,0,0,14.9041793559064,17.8551451597462,20.905202530096,24.1195035812393,27.5882397993797,31.4508420704249,35.9531767633479,41.6181418815811,50.0144735547798,57.297039102931,65.764595394939
