"means","lower.10.","lower.20.","lower.30.","lower.40.","lower.50.","lower.60.","lower.70.","lower.80.","lower.90.","lower.95.","lower.98.","upper.10.","upper.20.","upper.30.","upper.40.","upper.50.","upper.60.","upper.70.","upper.80.","upper.90.","upper.95.","upper.98."
60,42.113513096933,23.9388741599704,5.15394233493916,0,0,0,0,0,0,0,0,77.886486903067,96.0611258400296,114.846057665061,134.642546314036,156.00607016451,179.795367059104,207.524698016026,242.414528145676,294.126512187241,338.978946329374,391.129594122514
