"means","lower.10.","lower.20.","lower.30.","lower.40.","lower.50.","lower.60.","lower.70.","lower.80.","lower.90.","lower.95.","lower.98.","upper.10.","upper.20.","upper.30.","upper.40.","upper.50.","upper.60.","upper.70.","upper.80.","upper.90.","upper.95.","upper.98."
58,47.0971050556196,36.0185640287749,24.5680125965344,12.5008561349499,0,0,0,0,0,0,0,68.9028949443804,79.9814359712251,91.4319874034656,103.49914386505,116.521503003867,131.02251744276,147.925220804225,169.192681239154,200.714261325067,228.054531110944,259.843503269166
58,42.5809781005282,26.9135551290576,10.7200299969325,0,0,0,0,0,0,0,0,73.4190218994718,89.0864448709424,105.279970003068,122.345506330318,140.761903238527,161.269434526176,185.17346686073,215.25019784504,259.828443909968,298.493424240095,343.449819800152
58,39.1156320067473,19.9270360745159,0.0940992191948951,0,0,0,0,0,0,0,0,76.8843679932527,96.0729639254841,115.905900780805,136.806828875153,159.362216537993,184.478710307444,213.755051314768,250.591373336025,305.188351579678,352.543087941458,407.60320283989
58,36.1942101112392,14.0371280575497,0,0,0,0,0,0,0,0,0,79.8057898887608,101.96287194245,124.863974806931,148.9982877301,175.043006007735,204.045034885519,237.85044160845,280.385362478307,343.428522650134,398.109062221889,461.687006538331
