"means","lower.10.","lower.20.","lower.30.","lower.40.","lower.50.","lower.60.","lower.70.","lower.80.","lower.90.","lower.95.","lower.98.","upper.10.","upper.20.","upper.30.","upper.40.","upper.50.","upper.60.","upper.70.","upper.80.","upper.90.","upper.95.","upper.98."
432.136778802598,422.912953898548,413.5405327989,403.853391722644,393.644604161245,382.627717256724,370.359891252917,356.06024175555,338.068017469586,311.400830736642,288.271023229471,261.377623397319,441.360603706648,450.733024806296,460.420165882551,470.628953443951,481.645840348471,493.913666352278,508.213315849646,526.20554013561,552.872726868554,576.002534375725,602.895934207876
153.305407901924,144.028064792281,134.601263306565,124.857915785248,114.589895096893,103.509086335173,91.1700803121147,76.7874618089756,58.6908435683972,31.8689292688536,8.60491867279467,0,162.582751011567,172.009552497283,181.7529000186,192.020920706955,203.101729468674,215.440735491733,229.823353994872,247.919972235451,274.741886534994,298.005897131053,325.055337056796
0,0,0,0,0,0,0,0,0,0,0,0,0,0,0,0,0,0,0,0,0,3.85464137969055,40.2196225459715
