"means","lower.10.","lower.20.","lower.30.","lower.40.","lower.50.","lower.60.","lower.70.","lower.80.","lower.90.","lower.95.","lower.98.","upper.10.","upper.20.","upper.30.","upper.40.","upper.50.","upper.60.","upper.70.","upper.80.","upper.90.","upper.95.","upper.98."
0,0,0,0,0,0,0,0,0,0,0,0,0.230854844618858,0.465428770204935,0.707879539947754,0.963386131925546,1.23911791792355,1.5461583372052,1.90405144523345,2.35436269735403,3.02179180769551,3.60068702455804,4.27377781976577
0,0,0,0,0,0,0,0,0,0,0,0,0.326478052199523,0.658215679142449,1.00109284592054,1.36243373357126,1.752377364907,2.18659809005182,2.69273537730523,3.32957165734338,4.2734589571109,5.0921404239908,6.04403455528207
