"means","lower.10.","lower.20.","lower.30.","lower.40.","lower.50.","lower.60.","lower.70.","lower.80.","lower.90.","lower.95.","lower.98.","upper.10.","upper.20.","upper.30.","upper.40.","upper.50.","upper.60.","upper.70.","upper.80.","upper.90.","upper.95.","upper.98."
5,0.976625648020335,0,0,0,0,0,0,0,0,0,0,9.02337435197967,13.1115654289501,17.3370353783093,21.790044240317,26.5955409481791,31.9466894155131,38.1841064988257,46.0322014572879,57.6642604194724,67.7533368339343,79.4840685258054
