"means","lower.10.","lower.20.","lower.30.","lower.40.","lower.50.","lower.60.","lower.70.","lower.80.","lower.90.","lower.95.","lower.98.","upper.10.","upper.20.","upper.30.","upper.40.","upper.50.","upper.60.","upper.70.","upper.80.","upper.90.","upper.95.","upper.98."
41,11.5102472601734,0,0,0,0,0,0,0,0,0,0,70.4897527398266,100.454586599669,131.425620640998,164.064425485059,199.28682770502,238.508642870724,284.226458671671,341.749910271409,427.008330850921,500.957295776172,586.938948684087
