"means","lower.10.","lower.20.","lower.30.","lower.40.","lower.50.","lower.60.","lower.70.","lower.80.","lower.90.","lower.95.","lower.98.","upper.10.","upper.20.","upper.30.","upper.40.","upper.50.","upper.60.","upper.70.","upper.80.","upper.90.","upper.95.","upper.98."
2.22222222222634,1.98900463262471,1.75202989813777,1.50709770184864,1.2489760600578,0.970422224147721,0.660239318463571,0.298683258736127,0,0,0,0,2.45543981182798,2.69241454631492,2.93734674260404,3.19546838439488,3.47402222030497,3.78420512598911,4.14576118571656,4.60068126748243,5.27494135763038,5.85976143074382,6.53974115176967
2.22222222222634,1.98900463262471,1.75202989813777,1.50709770184864,1.2489760600578,0.970422224147721,0.660239318463571,0.298683258736127,0,0,0,0,2.45543981182798,2.69241454631492,2.93734674260404,3.19546838439488,3.47402222030497,3.78420512598911,4.14576118571656,4.60068126748243,5.27494135763038,5.85976143074382,6.53974115176967
2.22222222222634,1.98900463262471,1.75202989813777,1.50709770184864,1.2489760600578,0.970422224147721,0.660239318463571,0.298683258736127,0,0,0,0,2.45543981182798,2.69241454631492,2.93734674260404,3.19546838439488,3.47402222030497,3.78420512598911,4.14576118571656,4.60068126748243,5.27494135763038,5.85976143074382,6.53974115176967
2.22222222222634,1.98900463262471,1.75202989813777,1.50709770184864,1.2489760600578,0.970422224147721,0.660239318463571,0.298683258736127,0,0,0,0,2.45543981182798,2.69241454631492,2.93734674260404,3.19546838439488,3.47402222030497,3.78420512598911,4.14576118571656,4.60068126748243,5.27494135763038,5.85976143074382,6.53974115176967
