"means","lower.10.","lower.20.","lower.30.","lower.40.","lower.50.","lower.60.","lower.70.","lower.80.","lower.90.","lower.95.","lower.98.","upper.10.","upper.20.","upper.30.","upper.40.","upper.50.","upper.60.","upper.70.","upper.80.","upper.90.","upper.95.","upper.98."
37.7685582331286,33.2884146323226,28.736095735288,24.0309128470228,19.0723588045337,13.7212993601573,7.76264091439443,0.817096755022071,0,0,0,0,42.2487018339345,46.8010207309691,51.5062036192343,56.4647576617234,61.8158171060998,67.7744755518627,74.720019711235,83.459100226915,96.4117340025881,107.646212125175,120.708720836613
