"means","lower.10.","lower.20.","lower.30.","lower.40.","lower.50.","lower.60.","lower.70.","lower.80.","lower.90.","lower.95.","lower.98.","upper.10.","upper.20.","upper.30.","upper.40.","upper.50.","upper.60.","upper.70.","upper.80.","upper.90.","upper.95.","upper.98."
564,556.173103546394,548.220115471532,540.000071083869,531.337382449694,521.988979380496,511.579089249073,499.445090923757,484.177750322522,461.549251685685,441.922403796262,419.101951547734,571.826896453606,579.779884528468,587.999928916131,596.662617550306,606.011020619504,616.420910750927,628.554909076243,643.822249677478,666.450748314315,686.077596203738,708.898048452266
742,724.498527476885,706.715105517247,688.334527488367,668.964166834439,648.060502090644,624.783280118477,597.650835024203,563.512023604198,512.91316242347,469.026196358672,417.998113853675,759.501472523115,777.284894482753,795.665472511633,815.035833165561,835.939497909356,859.216719881523,886.349164975797,920.487976395802,971.08683757653,1014.97380364133,1066.00188614633
920,890.714435068851,860.957078491616,830.200488688908,797.787675771526,762.809154373121,723.858912067376,678.457647602355,621.332489865349,536.664400789225,463.227460404679,377.84114667945,949.285564931149,979.042921508384,1009.79951131109,1042.21232422847,1077.19084562688,1116.14108793262,1161.54235239764,1218.66751013465,1303.33559921077,1376.77253959532,1462.15885332055
1098,1055.13032257103,1011.57001288931,966.546975541143,919.099475805334,867.896163428831,810.878846967521,744.418201012468,660.795532608356,536.854141149653,429.353467932058,304.360703242173,1140.86967742897,1184.42998711069,1229.45302445886,1276.90052419467,1328.10383657117,1385.12115303248,1451.58179898753,1535.20446739164,1659.14585885035,1766.64653206794,1891.63929675783
