"means","lower.10.","lower.20.","lower.30.","lower.40.","lower.50.","lower.60.","lower.70.","lower.80.","lower.90.","lower.95.","lower.98.","upper.10.","upper.20.","upper.30.","upper.40.","upper.50.","upper.60.","upper.70.","upper.80.","upper.90.","upper.95.","upper.98."
15.3999999995967,13.4494703859978,11.4675176607292,9.41901221565606,7.26019603423586,4.93049394421651,2.33626018936738,0,0,0,0,0,17.3505296131957,19.3324823384643,21.3809877835374,23.5398039649576,25.869506054977,28.4637398098261,31.4876360891726,35.2923880927452,40.931603708291,45.8227822561157,51.5098343552871
3.79999999919346,1.04153456583143,0,0,0,0,0,0,0,0,0,0,6.55846543255548,9.36136985661265,12.2583940396302,15.3114211620651,18.6061174540594,22.2749180141331,26.5513531435945,31.9320850285131,39.9071402331641,46.8243112714861,54.8670174800567
