"means","lower.10.","lower.20.","lower.30.","lower.40.","lower.50.","lower.60.","lower.70.","lower.80.","lower.90.","lower.95.","lower.98.","upper.10.","upper.20.","upper.30.","upper.40.","upper.50.","upper.60.","upper.70.","upper.80.","upper.90.","upper.95.","upper.98."
65,56.991409385895,48.8538000501931,40.4429349364434,31.5791499994902,22.0137324012594,11.3621863006368,0,0,0,0,0,73.008590614105,81.1461999498069,89.5570650635566,98.4208500005098,107.986267598741,118.637813699363,131.053491570625,146.675249360083,169.829047659123,189.911514665478,213.261722601729
