"means","lower.10.","lower.20.","lower.30.","lower.40.","lower.50.","lower.60.","lower.70.","lower.80.","lower.90.","lower.95.","lower.98.","upper.10.","upper.20.","upper.30.","upper.40.","upper.50.","upper.60.","upper.70.","upper.80.","upper.90.","upper.95.","upper.98."
1,0.79479577299907,0.586285697527461,0.370773985512077,0.143657102662992,0,0,0,0,0,0,0,1.20520422700093,1.41371430247254,1.62922601448792,1.85634289733701,2.10143772347645,2.37436243510966,2.69248951926572,3.09276603308023,3.68603612404003,4.20060945121857,4.7989121490029
1,0.709797399118997,0.414919622495611,0.11014003651321,0,0,0,0,0,0,0,0,1.290202600881,1.58508037750439,1.88985996348679,2.21105173945587,2.55766816664974,2.94364199534819,3.3935416323199,3.9596181068558,4.79862871564147,5.52634529377281,6.37247308338382
1,0.644575852906492,0.283425808299645,0,0,0,0,0,0,0,0,0,1.35542414709351,1.71657419170036,2.08985142653715,2.48322940688844,2.90774609843421,3.38046556562401,3.93147783864605,4.62477709764932,5.65235103780271,6.5436181846957,7.57990885556369
