"means","lower.10.","lower.20.","lower.30.","lower.40.","lower.50.","lower.60.","lower.70.","lower.80.","lower.90.","lower.95.","lower.98.","upper.10.","upper.20.","upper.30.","upper.40.","upper.50.","upper.60.","upper.70.","upper.80.","upper.90.","upper.95.","upper.98."
181,173.263785795331,165.402940864136,157.278133728665,148.715810813118,139.475718134802,129.186436759851,117.193022670351,102.102569139132,79.7362437862553,60.3367921217228,37.7807371274471,188.736214204669,196.597059135864,204.721866271335,213.284189186882,222.524281865198,232.813563240149,244.806977329649,259.897430860868,282.263756213745,301.663207878277,324.219262872553
97,79.701299149861,62.1239155231245,43.9562944641366,24.810358379669,4.14888303255628,0,0,0,0,0,0,114.298700850139,131.876084476875,150.043705535863,169.189641620331,189.851116967444,212.858649561458,239.676738747884,273.42001865499,323.4326425509,366.811135199016,417.24800747044
13,0,0,0,0,0,0,0,0,0,0,0,41.9462630245647,71.3588515276546,101.759096162202,133.796374947103,168.3696359714,206.868601632583,251.7438480532,308.207154978052,391.894281449633,464.480383069596,548.877412855407
