"means","lower.10.","lower.20.","lower.30.","lower.40.","lower.50.","lower.60.","lower.70.","lower.80.","lower.90.","lower.95.","lower.98.","upper.10.","upper.20.","upper.30.","upper.40.","upper.50.","upper.60.","upper.70.","upper.80.","upper.90.","upper.95.","upper.98."
249,230.6356894059,211.975529018744,192.688772240099,172.36343567778,150.429201778148,126.004392179978,97.5342935508165,61.7124085407196,8.61897876197352,0,0,267.3643105941,286.024470981256,305.311227759901,325.63656432222,347.570798221852,371.995607820022,400.465706449183,436.28759145928,489.381021238027,535.431653536664,588.975465630504
107,65.936153151673,24.2107660549422,0,0,0,0,0,0,0,0,0,148.063846848327,189.789233945058,232.915733167612,278.364567386519,327.411005420477,382.026540019475,445.687615880403,525.78778584516,644.508303989048,747.48064821565,867.208251831949
0,0,0,0,0,0,0,0,0,0,0,0,33.7129583874249,103.532885338416,175.697321306144,251.747766993211,333.818155286998,425.207424540538,531.732779378521,665.766000034717,864.423423755526,1036.72911226133,1237.07171229828
0,0,0,0,0,0,0,0,0,0,0,0,0,25.7913793612959,131.42929684909,242.755750089756,362.894496973987,496.674688770851,652.611841106735,848.816385830597,1139.62107728196,1391.85077825535,1685.12231524149
