"means","lower.10.","lower.20.","lower.30.","lower.40.","lower.50.","lower.60.","lower.70.","lower.80.","lower.90.","lower.95.","lower.98.","upper.10.","upper.20.","upper.30.","upper.40.","upper.50.","upper.60.","upper.70.","upper.80.","upper.90.","upper.95.","upper.98."
101.454545454545,96.3720562335073,91.207687903719,85.8699033495992,80.244682437405,74.1741846207091,67.4143974306312,59.5350398765778,49.6210088810675,34.9269215002366,22.1819920850799,7.36325732094116,106.537034675584,111.701403005372,117.039187559492,122.664408471686,128.734906288382,135.49469347846,143.374051032513,153.288082028023,167.982169408854,180.727098824011,195.54583358815
101.454545454545,96.3720562335073,91.207687903719,85.8699033495992,80.244682437405,74.1741846207091,67.4143974306312,59.5350398765778,49.6210088810675,34.9269215002366,22.1819920850799,7.36325732094116,106.537034675584,111.701403005372,117.039187559492,122.664408471686,128.734906288382,135.49469347846,143.374051032513,153.288082028023,167.982169408854,180.727098824011,195.54583358815
