"means","lower.10.","lower.20.","lower.30.","lower.40.","lower.50.","lower.60.","lower.70.","lower.80.","lower.90.","lower.95.","lower.98.","upper.10.","upper.20.","upper.30.","upper.40.","upper.50.","upper.60.","upper.70.","upper.80.","upper.90.","upper.95.","upper.98."
295,286.930330032461,278.730657352449,270.255644846514,261.324258220448,251.685887770664,240.953105210313,228.442736323695,212.701835614932,189.371449561843,169.135819014084,145.60752536063,303.069669967539,311.269342647551,319.744355153486,328.675741779552,338.314112229336,349.046894789687,361.557263676305,377.298164385068,400.628550438157,420.864180985916,444.39247463937
295,283.587763288031,271.991674976938,260.006197349764,247.375309252384,233.744595043122,218.566148384273,200.873815034528,178.612819768227,145.618671396548,117.001168232736,83.7271362485249,306.412236711969,318.008325023062,329.993802650236,342.624690747616,356.255404956878,371.433851615727,389.126184965472,411.387180231773,444.381328603452,472.998831767264,506.272863751475
