"means","lower.10.","lower.20.","lower.30.","lower.40.","lower.50.","lower.60.","lower.70.","lower.80.","lower.90.","lower.95.","lower.98.","upper.10.","upper.20.","upper.30.","upper.40.","upper.50.","upper.60.","upper.70.","upper.80.","upper.90.","upper.95.","upper.98."
725,703.273847215503,681.197685223077,658.380219664371,634.334047863555,608.384447715353,579.488337385321,545.806391665803,503.426812929638,440.613893200619,386.133052876325,322.787302092254,746.726152784497,768.802314776923,791.619780335629,815.665952136445,841.615552284647,870.511662614679,904.193608334197,946.573187070362,1009.38610679938,1063.86694712367,1127.21269790775
725,694.274580073975,663.05417237914,630.785403127037,596.77898084317,560.080704375423,519.215433246863,471.581968803206,411.648193786863,322.817310813831,245.769767537733,156.185347660193,755.725419926025,786.94582762086,819.214596872963,853.22101915683,889.919295624577,930.784566753137,978.418031196794,1038.35180621314,1127.18268918617,1204.23023246227,1293.81465233981
