"means","lower.10.","lower.20.","lower.30.","lower.40.","lower.50.","lower.60.","lower.70.","lower.80.","lower.90.","lower.95.","lower.98.","upper.10.","upper.20.","upper.30.","upper.40.","upper.50.","upper.60.","upper.70.","upper.80.","upper.90.","upper.95.","upper.98."
5,0.976625648020335,0,0,0,0,0,0,0,0,0,0,9.02337435197967,13.1115654289501,17.3370353783093,21.790044240317,26.5955409481791,31.9466894155131,38.1841064988257,46.0322014572879,57.6642604194724,67.7533368339343,79.4840685258054
5,0,0,0,0,0,0,0,0,0,0,0,10.6899105750737,16.4714858416979,22.4472027514817,28.7447082775006,35.5407068956984,43.1083736324742,51.9294134658725,63.0282957949216,79.4785113375665,93.746620034717,110.336379889921
5,0,0,0,0,0,0,0,0,0,0,0,11.9686887954983,19.0496434518608,26.3683720900065,34.0812096855583,42.4045741391803,51.6730351634472,62.4765584597428,76.0698576704244,96.2171747895649,113.691967740858,134.010191041137
5,0,0,0,0,0,0,0,0,0,0,0,13.0467487039593,21.2231308579002,29.6740707566187,38.580088480634,48.1910818963581,58.8933788310263,71.3682129976515,87.0644029145758,110.328520838945,130.506673667869,153.968137051611
