"means","lower.10.","lower.20.","lower.30.","lower.40.","lower.50.","lower.60.","lower.70.","lower.80.","lower.90.","lower.95.","lower.98.","upper.10.","upper.20.","upper.30.","upper.40.","upper.50.","upper.60.","upper.70.","upper.80.","upper.90.","upper.95.","upper.98."
0,0,0,0,0,0,0,0,0,0,0,0,2.93022909349804,5.90766429726512,8.98507989326154,12.2282123933828,15.7280622781339,19.625311092402,24.1680305628911,29.8838089528651,38.3554535492738,45.7033418265938,54.2468499082185
