"means","lower.10.","lower.20.","lower.30.","lower.40.","lower.50.","lower.60.","lower.70.","lower.80.","lower.90.","lower.95.","lower.98.","upper.10.","upper.20.","upper.30.","upper.40.","upper.50.","upper.60.","upper.70.","upper.80.","upper.90.","upper.95.","upper.98."
678,651.642700934814,624.860784706134,597.179548658233,568.007695370927,536.526678988853,501.471074375193,460.609485798858,409.196276930936,332.994156524386,266.900181397103,190.051651678766,704.357299065186,731.139215293866,758.820451341767,787.992304629073,819.473321011147,854.528925624807,895.390514201142,946.803723069064,1023.00584347561,1089.0998186029,1165.94834832123
678,640.72515019449,602.849801037551,563.702621595359,522.447391036892,477.926510712073,428.350399230247,370.563386485484,297.854129219348,190.088057058817,96.6170610426644,0,715.27484980551,753.150198962449,792.297378404641,833.552608963108,878.073489287927,927.649600769753,985.436613514516,1058.14587078065,1165.91194294118,1259.38293895734,1368.06317193344
