"means","lower.10.","lower.20.","lower.30.","lower.40.","lower.50.","lower.60.","lower.70.","lower.80.","lower.90.","lower.95.","lower.98.","upper.10.","upper.20.","upper.30.","upper.40.","upper.50.","upper.60.","upper.70.","upper.80.","upper.90.","upper.95.","upper.98."
144,139.599260612083,135.127625133047,130.50583496096,125.635164280232,120.37894480108,114.525895154034,107.703450947743,99.119258281996,86.3961916321642,75.3608287549856,62.5298345473239,148.400739387917,152.872374866953,157.49416503904,162.364835719768,167.62105519892,173.474104845966,180.296549052257,188.880741718004,201.603808367836,212.639171245014,225.470165452676
