"means","lower.10.","lower.20.","lower.30.","lower.40.","lower.50.","lower.60.","lower.70.","lower.80.","lower.90.","lower.95.","lower.98.","upper.10.","upper.20.","upper.30.","upper.40.","upper.50.","upper.60.","upper.70.","upper.80.","upper.90.","upper.95.","upper.98."
430.99999999971,425.841976933295,420.600857904799,415.183745412019,409.474924801309,403.314209765548,396.45396142382,388.457504128031,378.396134918566,363.483670109686,350.549330843192,335.510366193327,436.158023066125,441.399142094621,446.816254587401,452.525075198111,458.685790233872,465.5460385756,473.542495871389,483.603865080854,498.516329889734,511.450669156228,526.489633806093
477.99999999942,470.705453823863,463.293392211751,455.632438255562,447.55894672274,438.846379965252,429.144523719132,417.835825360491,403.606900568421,382.517490587292,364.225572576281,342.957264804392,485.294546174977,492.706607787088,500.367561743278,508.4410532761,517.153620033588,526.855476279707,538.164174638349,552.393099430419,573.482509411548,591.774427422559,613.042735194448
524.99999999913,516.066041981487,506.988157535615,497.605443467805,487.717476118758,477.046804665867,465.164505985454,451.314235668593,433.88743300409,408.058286289027,385.655353517125,359.607102650327,533.933958016773,543.011842462644,552.394556530455,562.282523879502,572.953195332392,584.835494012805,598.685764329666,616.11256699417,641.941713709233,664.344646481134,690.392897347933
571.99999999884,561.68395386601,551.201715809017,540.367490823458,528.949849602037,516.628419530516,502.90792284706,486.915008255483,466.792269836551,436.967340218792,411.098661685803,381.020732386073,582.31604613167,592.798284188663,603.632509174222,615.050150395643,627.371580467163,641.09207715062,657.084991742197,677.207730161129,707.032659778888,732.901338311877,762.979267611607
