"means","lower.10.","lower.20.","lower.30.","lower.40.","lower.50.","lower.60.","lower.70.","lower.80.","lower.90.","lower.95.","lower.98.","upper.10.","upper.20.","upper.30.","upper.40.","upper.50.","upper.60.","upper.70.","upper.80.","upper.90.","upper.95.","upper.98."
42,32.3948349619206,22.6349303231234,12.5472942553858,1.91644529782645,0,0,0,0,0,0,0,51.6051650380794,61.3650696768766,71.4527057446142,82.0835547021736,93.5559122137858,106.330926337619,121.221765532603,139.957841451926,167.727528359007,191.813590347004,219.818842670196
44,22.5221980397502,0.698387813483976,0,0,0,0,0,0,0,0,0,65.4778019602498,87.301612186516,109.858252166256,133.629553093891,159.282524352037,187.848324346448,221.145253028451,263.040392415654,325.135300053772,378.993371969207,441.615019890898
46,10.0607632840875,0,0,0,0,0,0,0,0,0,0,81.9392367159125,118.457456001878,156.201934009815,195.978928539545,238.904559766581,286.704285729163,342.420704198339,412.524681061031,516.429335205308,606.551126960993,711.337186184532
48,0,0,0,0,0,0,0,0,0,0,0,100.60965559916,154.066854896846,209.319113158872,267.546670953727,330.383360922466,400.354995003172,481.915480275922,584.537194477347,736.638033815985,868.562828538923,1021.95391279929
