"means","lower.10.","lower.20.","lower.30.","lower.40.","lower.50.","lower.60.","lower.70.","lower.80.","lower.90.","lower.95.","lower.98.","upper.10.","upper.20.","upper.30.","upper.40.","upper.50.","upper.60.","upper.70.","upper.80.","upper.90.","upper.95.","upper.98."
136,116.247402460655,96.1765897689143,75.4318118729122,53.5699406684356,29.977544300859,3.70629216233402,0,0,0,0,0,155.752597539345,175.823410231086,196.568188127088,218.430059331564,242.022455699141,268.293707837666,298.916060756699,337.445973114665,394.553107359061,444.085029701934,501.676593817154
136,108.065608667761,79.6811931512512,50.3436469023074,19.4262921460827,0,0,0,0,0,0,0,163.934391332239,192.318806848749,221.656353097693,252.573707853917,285.938394765826,323.091555840651,366.398102650523,420.887627264206,501.649311020891,571.698027368593,653.144798418616
136,101.787497480395,67.0238301491014,31.092820841494,0,0,0,0,0,0,0,0,170.212502519605,204.976169850899,240.907179158506,278.773050833187,319.636280014133,365.139423496511,418.178894599581,484.914660414755,583.827118400704,669.618924495116,769.370439630037
136,96.4948049213102,56.3531795378287,14.8636237458245,0,0,0,0,0,0,0,0,175.50519507869,215.646820462171,257.136376254176,300.860118663129,348.044911398282,400.587415675332,461.832121513399,538.891946229331,653.106214718122,752.170059403868,867.353187634307
