"means","lower.10.","lower.20.","lower.30.","lower.40.","lower.50.","lower.60.","lower.70.","lower.80.","lower.90.","lower.95.","lower.98.","upper.10.","upper.20.","upper.30.","upper.40.","upper.50.","upper.60.","upper.70.","upper.80.","upper.90.","upper.95.","upper.98."
144,139.599260612083,135.127625133047,130.50583496096,125.635164280232,120.37894480108,114.525895154034,107.703450947743,99.119258281996,86.3961916321642,75.3608287549856,62.5298345473239,148.400739387917,152.872374866953,157.49416503904,162.364835719768,167.62105519892,173.474104845966,180.296549052257,188.880741718004,201.603808367836,212.639171245014,225.470165452676
144,137.776414673138,131.452567132697,124.916368788889,118.02820025435,110.594783380124,102.317321188028,92.668928062958,80.5290463730347,62.5359129618658,46.9295531152512,28.7837870880454,150.223585326862,156.547432867303,163.083631211111,169.97179974565,177.405216619876,185.682678811972,195.331071937042,207.470953626965,225.464087038134,241.070446884749,259.216212911955
