"means","lower.10.","lower.20.","lower.30.","lower.40.","lower.50.","lower.60.","lower.70.","lower.80.","lower.90.","lower.95.","lower.98.","upper.10.","upper.20.","upper.30.","upper.40.","upper.50.","upper.60.","upper.70.","upper.80.","upper.90.","upper.95.","upper.98."
192,184.228496688994,176.331794142519,168.169925315712,159.568544959941,150.286303162629,139.950086744909,127.901964130806,112.742674783354,90.2743243814208,70.7863812022334,48.1274356981846,199.771503311006,207.668205857481,215.830074684288,224.431455040059,233.713696837371,244.049913255091,256.098035869194,271.257325216646,293.725675618579,313.213618797767,335.872564301815
