"means","lower.10.","lower.20.","lower.30.","lower.40.","lower.50.","lower.60.","lower.70.","lower.80.","lower.90.","lower.95.","lower.98.","upper.10.","upper.20.","upper.30.","upper.40.","upper.50.","upper.60.","upper.70.","upper.80.","upper.90.","upper.95.","upper.98."
46,35.815672022592,25.4672741058799,14.7713835279172,3.49952593537774,0,0,0,0,0,0,0,56.184327977408,66.5327258941201,77.2286164720828,88.5004740646223,100.664580679047,114.209890232536,129.998602828242,149.864408508366,179.308525102971,204.846905130535,234.54079103658
