"means","lower.10.","lower.20.","lower.30.","lower.40.","lower.50.","lower.60.","lower.70.","lower.80.","lower.90.","lower.95.","lower.98.","upper.10.","upper.20.","upper.30.","upper.40.","upper.50.","upper.60.","upper.70.","upper.80.","upper.90.","upper.95.","upper.98."
74,69.9343837149057,65.8032701855545,61.533436474993,57.0336748910033,52.1777246452009,46.7703937707954,40.4674892303906,32.5369960973342,20.7828106279745,10.58780768175,0,78.0656162850943,82.1967298144455,86.466563525007,90.9663251089967,95.8222753547991,101.229606229205,107.532510769609,115.463003902666,127.217189372026,137.41219231825,149.26608649518
61,51.9090056160991,42.6715549417006,33.1239165122649,23.0621437279218,12.2039088829508,0.112749470946873,0,0,0,0,0,70.0909943839009,79.3284450582994,88.8760834877351,98.9378562720782,109.796091117049,121.887250529053,135.98097353709,153.7140952777,179.997253007328,202.793972625897,229.300085803602
48,32.7878567950886,17.3306453423898,1.35439049897089,0,0,0,0,0,0,0,0,63.2121432049114,78.6693546576102,94.6456095010291,111.482175670486,129.651477777499,149.883857286449,173.467166618186,203.140354830246,247.120489717187,285.26669779911,329.619908508258
