"means","lower.10.","lower.20.","lower.30.","lower.40.","lower.50.","lower.60.","lower.70.","lower.80.","lower.90.","lower.95.","lower.98.","upper.10.","upper.20.","upper.30.","upper.40.","upper.50.","upper.60.","upper.70.","upper.80.","upper.90.","upper.95.","upper.98."
105.1,99.9875578504503,94.7927540492497,89.4235120198246,83.7651396669649,77.6588662333959,70.8592411974018,62.933447768471,52.9609898390793,38.1803049408273,25.3602650939402,10.4541982207267,110.21244214955,115.40724595075,120.776487980175,126.434860333035,132.541133766604,139.340758802598,147.266552231529,157.239010160921,172.019695059173,184.83973490606,199.745801779273
105.1,99.9875578504503,94.7927540492497,89.4235120198246,83.7651396669649,77.6588662333959,70.8592411974018,62.933447768471,52.9609898390793,38.1803049408273,25.3602650939402,10.4541982207267,110.21244214955,115.40724595075,120.776487980175,126.434860333035,132.541133766604,139.340758802598,147.266552231529,157.239010160921,172.019695059173,184.83973490606,199.745801779273
105.1,99.9875578504503,94.7927540492497,89.4235120198246,83.7651396669649,77.6588662333959,70.8592411974018,62.933447768471,52.9609898390793,38.1803049408273,25.3602650939402,10.4541982207267,110.21244214955,115.40724595075,120.776487980175,126.434860333035,132.541133766604,139.340758802598,147.266552231529,157.239010160921,172.019695059173,184.83973490606,199.745801779273
105.1,99.9875578504503,94.7927540492497,89.4235120198246,83.7651396669649,77.6588662333959,70.8592411974018,62.933447768471,52.9609898390793,38.1803049408273,25.3602650939402,10.4541982207267,110.21244214955,115.40724595075,120.776487980175,126.434860333035,132.541133766604,139.340758802598,147.266552231529,157.239010160921,172.019695059173,184.83973490606,199.745801779273
