"means","lower.10.","lower.20.","lower.30.","lower.40.","lower.50.","lower.60.","lower.70.","lower.80.","lower.90.","lower.95.","lower.98.","upper.10.","upper.20.","upper.30.","upper.40.","upper.50.","upper.60.","upper.70.","upper.80.","upper.90.","upper.95.","upper.98."
1.3636363636342,1.14401478629981,0.920855096392549,0.690201845148175,0.447128060657569,0.184813228746247,0,0,0,0,0,0,1.58325794096859,1.80641763087585,2.03707088212022,2.28014466661083,2.54245949852215,2.83455950317823,3.17503773326277,3.60343709237272,4.23838947647404,4.78911597670662,5.42945455126346
1.3636363636342,1.14401478629981,0.920855096392549,0.690201845148175,0.447128060657569,0.184813228746247,0,0,0,0,0,0,1.58325794096859,1.80641763087585,2.03707088212022,2.28014466661083,2.54245949852215,2.83455950317823,3.17503773326277,3.60343709237272,4.23838947647404,4.78911597670662,5.42945455126346
1.3636363636342,1.14401478629981,0.920855096392549,0.690201845148175,0.447128060657569,0.184813228746247,0,0,0,0,0,0,1.58325794096859,1.80641763087585,2.03707088212022,2.28014466661083,2.54245949852215,2.83455950317823,3.17503773326277,3.60343709237272,4.23838947647404,4.78911597670662,5.42945455126346
