"means","lower.10.","lower.20.","lower.30.","lower.40.","lower.50.","lower.60.","lower.70.","lower.80.","lower.90.","lower.95.","lower.98.","upper.10.","upper.20.","upper.30.","upper.40.","upper.50.","upper.60.","upper.70.","upper.80.","upper.90.","upper.95.","upper.98."
0,0,0,0,0,0,0,0,0,0,0,0,0.481246319506151,0.970245536857586,1.47566503885158,2.00830106475731,2.58309908297295,3.22316393395267,3.96923768995104,4.90796883537287,6.29930980295533,7.50609059611893,8.90923406673566
0,0,0,0,0,0,0,0,0,0,0,0,0.680585071887734,1.37213439705596,2.08690551146373,2.84016660310811,3.65305375609384,4.55824214914768,5.61334977341121,6.9409160906888,8.90856935692922,10.6152151214325,12.599559647534
0,0,0,0,0,0,0,0,0,0,0,0,0.833543076340178,1.68051456565428,2.55592682224404,3.47847948105433,4.47405885269372,5.5826836947296,6.87492134631252,8.50085138483046,10.9107246313353,13.0009302786929,15.4312460601097
