"means","lower.10.","lower.20.","lower.30.","lower.40.","lower.50.","lower.60.","lower.70.","lower.80.","lower.90.","lower.95.","lower.98.","upper.10.","upper.20.","upper.30.","upper.40.","upper.50.","upper.60.","upper.70.","upper.80.","upper.90.","upper.95.","upper.98."
338,312.707258981308,287.007050872693,260.443846019826,232.450229207788,202.24071523643,168.600988853461,129.389779278552,80.0531240461556,6.92876893862592,0,0,363.292741018692,388.992949127307,415.556153980174,443.549770792212,473.75928476357,507.399011146539,546.610220721448,595.946875953844,669.071231061374,732.495703791141,806.240360063622
