"means","lower.10.","lower.20.","lower.30.","lower.40.","lower.50.","lower.60.","lower.70.","lower.80.","lower.90.","lower.95.","lower.98.","upper.10.","upper.20.","upper.30.","upper.40.","upper.50.","upper.60.","upper.70.","upper.80.","upper.90.","upper.95.","upper.98."
73,55.03945736285,36.7895696509063,17.9268622445917,0,0,0,0,0,0,0,0,90.96054263715,109.210430349094,128.073137755408,147.95159015205,169.403565773402,193.291357909369,221.1354970995,256.169782202129,308.095870274287,353.134007732773,405.500575763697
73,47.5999570149622,21.7907183009453,0,0,0,0,0,0,0,0,0,98.4000429850378,124.209281699055,150.88517833614,178.997555314458,209.335230177871,243.117669791706,282.495229066993,332.041190207177,405.475768199803,469.169313017617,543.226823741883
73,41.8914276209491,10.2816948714356,0,0,0,0,0,0,0,0,0,104.108572379051,135.718305128564,168.389472724607,202.819962251429,239.97587395034,281.35074361048,329.578207380806,390.259369185413,480.197991964687,558.206334321056,648.907890768628
