"means","lower.10.","lower.20.","lower.30.","lower.40.","lower.50.","lower.60.","lower.70.","lower.80.","lower.90.","lower.95.","lower.98.","upper.10.","upper.20.","upper.30.","upper.40.","upper.50.","upper.60.","upper.70.","upper.80.","upper.90.","upper.95.","upper.98."
110.333333333333,105.379661670698,100.346186155436,95.1436897138215,89.6610420943337,83.7444032772401,77.1559453794206,69.4762930402249,59.8135368062013,45.4918764738189,33.0699719816637,18.6268234997428,115.287004995968,120.320480511231,125.522976952845,131.005624572333,136.922263389427,143.510721287246,151.190373626442,160.853129860465,175.174790192848,187.596694685003,202.039843166924
110.333333333333,105.379661670698,100.346186155436,95.1436897138215,89.6610420943337,83.7444032772401,77.1559453794206,69.4762930402249,59.8135368062013,45.4918764738189,33.0699719816637,18.6268234997428,115.287004995968,120.320480511231,125.522976952845,131.005624572333,136.922263389427,143.510721287246,151.190373626442,160.853129860465,175.174790192848,187.596694685003,202.039843166924
110.333333333333,105.379661670698,100.346186155436,95.1436897138215,89.6610420943337,83.7444032772401,77.1559453794206,69.4762930402249,59.8135368062013,45.4918764738189,33.0699719816637,18.6268234997428,115.287004995968,120.320480511231,125.522976952845,131.005624572333,136.922263389427,143.510721287246,151.190373626442,160.853129860465,175.174790192848,187.596694685003,202.039843166924
