"means","lower.10.","lower.20.","lower.30.","lower.40.","lower.50.","lower.60.","lower.70.","lower.80.","lower.90.","lower.95.","lower.98.","upper.10.","upper.20.","upper.30.","upper.40.","upper.50.","upper.60.","upper.70.","upper.80.","upper.90.","upper.95.","upper.98."
75,72.6866545376636,70.3360409855292,67.9064953160393,65.3461201325567,62.5830727422648,59.5062884457441,55.9199205753815,51.4074508741194,44.7192910202997,38.9183097790001,32.1734154303242,77.3133454623363,79.6639590144708,82.0935046839606,84.6538798674432,87.4169272577352,90.4937115542559,94.0800794246184,98.5925491258805,105.2807089797,111.081690221,117.826584569676
69,63.8272022907752,58.5710705993704,53.1384413279508,47.4132683697802,41.234906580034,34.3550077409098,26.335645390458,16.2454563920278,1.2902763145018,0,0,74.1727977092247,79.4289294006296,84.8615586720492,90.5867316302197,96.7650934199659,103.64499225909,111.664354609542,121.754543607972,136.709723685498,149.681112077245,164.763154341939
63,54.3442538626892,45.5490633018945,36.458535801143,26.8784890829527,16.5401124050604,5.02783971447348,0,0,0,0,0,71.6557461373107,80.4509366981055,89.5414641988569,99.1215109170472,109.45988759494,120.972160285526,134.391120119357,151.275235709678,176.300038430648,198.005322742693,223.242406505426
