"means","lower.10.","lower.20.","lower.30.","lower.40.","lower.50.","lower.60.","lower.70.","lower.80.","lower.90.","lower.95.","lower.98.","upper.10.","upper.20.","upper.30.","upper.40.","upper.50.","upper.60.","upper.70.","upper.80.","upper.90.","upper.95.","upper.98."
464.794728956758,417.894990263833,370.239694866744,320.984164771155,269.076255201994,213.059459305895,150.682100683641,77.9736709591704,0,0,0,0,511.694467649684,559.349763046772,608.605293142362,660.513202711523,716.529998607621,778.907357229876,851.615786954346,943.099593975195,1078.69237706254,1196.29889489959,1333.04188794344
326.17103423034,277.834489952433,228.719241973757,177.954735011666,124.456591115998,66.7236823493513,2.43535066535634,0,0,0,0,0,374.507578508246,423.622826486922,474.387333449013,527.885477344681,585.618386111328,649.906717795323,724.84262001356,819.129096058293,958.875856831923,1080.0853308126,1221.01753901177
0,0,0,0,0,0,0,0,0,0,0,0,0,0,0,29.684294027779,103.210232720022,185.08485215293,280.519720585008,400.598576912747,578.573530619175,732.940260846551,912.424945079203
