"means","lower.10.","lower.20.","lower.30.","lower.40.","lower.50.","lower.60.","lower.70.","lower.80.","lower.90.","lower.95.","lower.98.","upper.10.","upper.20.","upper.30.","upper.40.","upper.50.","upper.60.","upper.70.","upper.80.","upper.90.","upper.95.","upper.98."
10,0,0,0,0,0,0,0,0,0,0,0,32.0768440836777,54.509347026425,77.6951192393362,102.129430777214,128.497894728846,157.860429767083,192.086050449236,235.149696432517,298.976506869368,354.336746177149,418.70498832729
