"means","lower.10.","lower.20.","lower.30.","lower.40.","lower.50.","lower.60.","lower.70.","lower.80.","lower.90.","lower.95.","lower.98.","upper.10.","upper.20.","upper.30.","upper.40.","upper.50.","upper.60.","upper.70.","upper.80.","upper.90.","upper.95.","upper.98."
0,0,0,0,0,0,0,0,0,0,0,0,1.44756245122764,2.9184451926147,4.43871924677363,6.04085910742431,7.76981992121892,9.69509977703092,11.9392485866008,14.7629002236772,18.9479773035267,22.5779075331001,26.7984858927109
0,0,0,0,0,0,0,0,0,0,0,0,2.04716245090816,4.12730477243826,6.27729695835376,8.54306487810449,10.9881847097845,13.7109415932375,16.8846472757147,20.8778937162851,26.796486482185,31.9299830433158,37.8987822005358
0,0,0,0,0,0,0,0,0,0,0,0,2.50725171265521,5.05489535271379,7.68808725594578,10.4630748954241,13.457722869212,16.7924053982672,20.6793851561875,25.5700932544789,32.8188593903702,39.1060829759215,46.4163391320931
