"means","lower.10.","lower.20.","lower.30.","lower.40.","lower.50.","lower.60.","lower.70.","lower.80.","lower.90.","lower.95.","lower.98.","upper.10.","upper.20.","upper.30.","upper.40.","upper.50.","upper.60.","upper.70.","upper.80.","upper.90.","upper.95.","upper.98."
1.81818181818182,1.51130980154695,1.19949406420167,0.877207751482123,0.53756652249609,0.171040234692851,0,0,0,0,0,0,2.12505383481669,2.43686957216197,2.75915588488151,3.09879711386755,3.46532340167079,3.87346780431018,4.34920995293902,4.94780220808432,5.83500610189672,6.6045231675324,7.49925305741098
1.81818181818182,1.51130980154695,1.19949406420167,0.877207751482123,0.53756652249609,0.171040234692851,0,0,0,0,0,0,2.12505383481669,2.43686957216197,2.75915588488151,3.09879711386755,3.46532340167079,3.87346780431018,4.34920995293902,4.94780220808432,5.83500610189672,6.6045231675324,7.49925305741098
