"means","lower.10.","lower.20.","lower.30.","lower.40.","lower.50.","lower.60.","lower.70.","lower.80.","lower.90.","lower.95.","lower.98.","upper.10.","upper.20.","upper.30.","upper.40.","upper.50.","upper.60.","upper.70.","upper.80.","upper.90.","upper.95.","upper.98."
613,588.001391743987,562.600054888862,536.345757197271,508.677682003843,478.819478623814,445.570953243912,406.815736216103,358.052823730455,285.778841801975,223.091940985498,150.204871459595,637.998608256013,663.399945111138,689.654242802729,717.322317996157,747.180521376186,780.429046756088,819.184263783897,867.947176269545,940.221158198025,1002.9080590145,1075.7951285404
613,577.646629163895,541.723714080969,504.594530214941,465.465963031636,423.240086863505,376.219571342341,321.411417808901,252.450245630886,150.239400180921,61.5867348631219,0,648.353370836105,684.276285919031,721.405469785059,760.534036968364,802.759913136495,849.780428657659,904.588582191099,973.549754369114,1075.76059981908,1164.41326513688,1267.49114738204
