"means","lower.10.","lower.20.","lower.30.","lower.40.","lower.50.","lower.60.","lower.70.","lower.80.","lower.90.","lower.95.","lower.98.","upper.10.","upper.20.","upper.30.","upper.40.","upper.50.","upper.60.","upper.70.","upper.80.","upper.90.","upper.95.","upper.98."
120,112.732998068318,105.348924438975,97.716898284325,89.6738922970537,80.9942242364515,71.3290022494149,60.0630055939371,45.8878092950631,24.8780330344873,6.65518539996262,0,127.267001931682,134.651075561025,142.283101715675,150.326107702946,159.005775763549,168.670997750585,179.936994406063,194.112190704937,215.121966965513,233.344814600037,254.532813132394
