"means","lower.10.","lower.20.","lower.30.","lower.40.","lower.50.","lower.60.","lower.70.","lower.80.","lower.90.","lower.95.","lower.98.","upper.10.","upper.20.","upper.30.","upper.40.","upper.50.","upper.60.","upper.70.","upper.80.","upper.90.","upper.95.","upper.98."
90.7272727272727,76.06220150522,61.1608753873478,45.759172156947,29.5280968453388,12.0122145751589,0,0,0,0,0,0,105.392343949325,120.293670067198,135.695373297599,151.926448609207,169.442330879387,188.947096413973,211.682282793888,240.288338670009,282.686822682718,319.461184509132,362.219327475231
90.7272727272727,76.06220150522,61.1608753873478,45.759172156947,29.5280968453388,12.0122145751589,0,0,0,0,0,0,105.392343949325,120.293670067198,135.695373297599,151.926448609207,169.442330879387,188.947096413973,211.682282793888,240.288338670009,282.686822682718,319.461184509132,362.219327475231
90.7272727272727,76.06220150522,61.1608753873478,45.759172156947,29.5280968453388,12.0122145751589,0,0,0,0,0,0,105.392343949325,120.293670067198,135.695373297599,151.926448609207,169.442330879387,188.947096413973,211.682282793888,240.288338670009,282.686822682718,319.461184509132,362.219327475231
90.7272727272727,76.06220150522,61.1608753873478,45.759172156947,29.5280968453388,12.0122145751589,0,0,0,0,0,0,105.392343949325,120.293670067198,135.695373297599,151.926448609207,169.442330879387,188.947096413973,211.682282793888,240.288338670009,282.686822682718,319.461184509132,362.219327475231
