"means","lower.10.","lower.20.","lower.30.","lower.40.","lower.50.","lower.60.","lower.70.","lower.80.","lower.90.","lower.95.","lower.98.","upper.10.","upper.20.","upper.30.","upper.40.","upper.50.","upper.60.","upper.70.","upper.80.","upper.90.","upper.95.","upper.98."
309.249999999569,304.936135170546,300.552773803094,296.022221931464,291.247702676578,286.095245703781,280.357740528119,273.669977514865,265.255244543403,252.78334268784,241.965827812484,229.388128986283,313.563864828591,317.947226196043,322.477778067674,327.252297322559,332.404754295356,338.142259471018,344.830022484272,353.244755455734,365.716657311298,376.534172186654,389.111871012855
343.499999999138,337.39927385169,331.200264757057,324.793096855162,318.040906971091,310.754232440619,302.640174807011,293.18224965173,281.282020159741,263.644087407016,248.345811159115,230.558258895658,349.600726146585,355.799735241219,362.206903143113,368.959093027184,376.245767557657,384.359825191264,393.817750346545,405.717979838535,423.355912591259,438.65418883916,456.441741102617
377.749999998706,370.278166937855,362.685962341494,354.838816313503,346.569106382325,337.644789121629,327.707138648693,316.123593320757,301.54884828206,279.946880601211,261.210395225462,239.425181816183,385.221833059558,392.814037655919,400.66118368391,408.930893615087,417.855210875784,427.79286134872,439.376406676656,453.951151715353,475.553119396202,494.289604771951,516.07481818123
