"means","lower.10.","lower.20.","lower.30.","lower.40.","lower.50.","lower.60.","lower.70.","lower.80.","lower.90.","lower.95.","lower.98.","upper.10.","upper.20.","upper.30.","upper.40.","upper.50.","upper.60.","upper.70.","upper.80.","upper.90.","upper.95.","upper.98."
1.44444444443947,1.16267769146662,0.876371664605422,0.580451662324381,0.268596553095019,0,0,0,0,0,0,0,1.72621119741231,2.01251722427351,2.30843722655455,2.62029233578391,2.95683303156326,3.33158705552687,3.76840863978676,4.31802993773543,5.13265149601792,5.83921421007388,6.66074606111524
