"means","lower.10.","lower.20.","lower.30.","lower.40.","lower.50.","lower.60.","lower.70.","lower.80.","lower.90.","lower.95.","lower.98.","upper.10.","upper.20.","upper.30.","upper.40.","upper.50.","upper.60.","upper.70.","upper.80.","upper.90.","upper.95.","upper.98."
122,116.597698676891,111.108366059018,105.434705121415,99.4555210926657,93.0030414196511,85.8178993184681,77.4427386662212,66.904874160245,51.2861715428845,37.7392763015873,21.9880829509501,127.402301323109,132.891633940982,138.565294878585,144.544478907334,150.996958580349,158.182100681532,166.557261333779,177.095125839755,192.713828457116,206.260723698413,222.01191704905
