"means","lower.10.","lower.20.","lower.30.","lower.40.","lower.50.","lower.60.","lower.70.","lower.80.","lower.90.","lower.95.","lower.98.","upper.10.","upper.20.","upper.30.","upper.40.","upper.50.","upper.60.","upper.70.","upper.80.","upper.90.","upper.95.","upper.98."
1485.6797879461,1446.36678902392,1406.42045608487,1365.13275053415,1321.62172787566,1274.66649319715,1222.37961270212,1161.43286760176,1084.74794553097,971.089339237453,872.507448637997,757.884696188431,1524.99278686828,1564.93911980732,1606.22682535804,1649.73784801653,1696.69308269504,1748.97996319007,1809.92670829044,1886.61163036123,2000.27023665474,2098.8521272542,2213.47487970376
