"means","lower.10.","lower.20.","lower.30.","lower.40.","lower.50.","lower.60.","lower.70.","lower.80.","lower.90.","lower.95.","lower.98.","upper.10.","upper.20.","upper.30.","upper.40.","upper.50.","upper.60.","upper.70.","upper.80.","upper.90.","upper.95.","upper.98."
725,702.137883290912,678.907456948715,654.896967572935,629.593528369042,602.287139012998,571.880179559262,536.437154663559,491.841736194462,425.744608188066,368.415206970196,301.757388542092,747.862116709088,771.092543051285,795.103032427065,820.406471630958,847.712860987002,878.119820440738,913.562845336441,958.158263805538,1024.25539181193,1081.5847930298,1148.24261145791
725,692.668084485452,659.815300492608,625.859340778164,590.074873881335,551.457807714577,508.455873264575,458.331866765544,395.264421146844,301.788966286288,220.712949561248,126.444558702021,757.331915514548,790.184699507392,824.140659221836,859.925126118665,898.542192285423,941.544126735425,991.668133234456,1054.73557885316,1148.21103371371,1229.28705043875,1323.55544129798
725,685.401652291291,645.165373585119,603.577986071676,559.751143764302,512.455090028376,459.788691350818,398.399571457532,321.158040884261,206.674456942799,107.377021265947,0,764.598347708709,804.834626414881,846.422013928324,890.248856235698,937.544909971624,990.211308649182,1051.60042854247,1128.84195911574,1243.3255430572,1342.62297873405,1458.07770697323
725,679.275766581825,632.814913897431,584.793935145871,534.187056738084,479.574278025996,418.760359118524,347.874309327117,258.683472388924,126.489216376132,11.8304139403916,0,770.724233418175,817.185086102569,865.206064854129,915.812943261916,970.425721974004,1031.23964088148,1102.12569067288,1191.31652761108,1323.51078362387,1438.16958605961,1571.48522291582
