"means","lower.10.","lower.20.","lower.30.","lower.40.","lower.50.","lower.60.","lower.70.","lower.80.","lower.90.","lower.95.","lower.98.","upper.10.","upper.20.","upper.30.","upper.40.","upper.50.","upper.60.","upper.70.","upper.80.","upper.90.","upper.95.","upper.98."
294,278.305429728476,262.358019289436,245.875104887549,228.504595859447,209.759085456219,188.88507068486,164.553857090807,133.939634538394,88.5647450020321,49.2087952670463,3.44899844777456,309.694570271524,325.641980710564,342.124895112451,359.495404140553,378.240914543781,399.11492931514,423.446142909193,454.060365461606,499.435254997968,538.791204732954,584.551001552225
294,271.804525866394,249.251481738773,225.941120644189,201.375511191323,174.865356145472,145.345041354639,110.935509100933,67.6404603658032,3.47067619229864,0,0,316.195474133606,338.748518261227,362.058879355811,386.624488808677,413.134643854528,442.654958645361,477.064490899067,520.359539634197,584.529323807701,640.187041682992,704.901166956243
294,266.816206886761,239.194481757189,210.645236556311,180.558632366305,148.090455934103,111.935601792166,69.7927036374558,16.7673147424564,0,0,0,321.183793113239,348.805518242811,377.354763443689,407.441367633695,439.909544065897,476.064398207834,518.207296362544,571.232685257544,649.824299322348,717.990803843471,797.249096878478
