"means","lower.10.","lower.20.","lower.30.","lower.40.","lower.50.","lower.60.","lower.70.","lower.80.","lower.90.","lower.95.","lower.98.","upper.10.","upper.20.","upper.30.","upper.40.","upper.50.","upper.60.","upper.70.","upper.80.","upper.90.","upper.95.","upper.98."
3686.22222221787,3640.0302741521,3593.09417191806,3544.58198503736,3493.45744725006,3438.28603267599,3376.85004624493,3305.23890078064,3215.13572791578,3081.58925262577,2965.75760162887,2831.07827485489,3732.41417028363,3779.35027251767,3827.86245939837,3878.98699718568,3934.15841175975,3995.59439819081,4067.20554365509,4157.30871651996,4290.85519180997,4406.68684280686,4541.36616958085
