"means","lower.10.","lower.20.","lower.30.","lower.40.","lower.50.","lower.60.","lower.70.","lower.80.","lower.90.","lower.95.","lower.98.","upper.10.","upper.20.","upper.30.","upper.40.","upper.50.","upper.60.","upper.70.","upper.80.","upper.90.","upper.95.","upper.98."
961.555555554542,947.211557046202,932.636476136562,917.57197322228,901.696256252808,884.563861506719,865.486127515702,843.248698553889,815.268935168933,773.798710972568,737.829476101753,696.007467218304,975.899554062882,990.474634972521,1005.5391378868,1021.41485485628,1038.54724960236,1057.62498359338,1079.86241255519,1107.84217594015,1149.31240013652,1185.28163500733,1227.10364389078
1057.11111110908,1036.82563387993,1016.21335678483,994.908932453046,972.457278202421,948.228413196572,921.248423047131,889.799949417026,850.230588566031,791.58283507288,740.71465529039,681.569403121728,1077.39658833824,1098.00886543334,1119.31328976512,1141.76494401575,1165.99380902159,1192.97379917104,1224.42227280114,1263.99163365214,1322.63938714529,1373.50756692778,1432.65281909644
1152.66666666363,1127.82213246349,1102.57735180356,1076.48486736526,1048.98731896755,1019.313140812,986.269536246273,947.753179454708,899.290807688209,827.462272378834,765.161730073204,692.723885812473,1177.51120086376,1202.75598152369,1228.84846596199,1256.3460143597,1286.02019251525,1319.06379708098,1357.58015387254,1406.04252563904,1477.87106094842,1540.17160325405,1612.60944751478
1248.22222221817,1219.53422520149,1190.38406338221,1160.25505755364,1128.5036236147,1094.23883412252,1056.08336614049,1011.60850821686,955.648981446949,872.70853305422,800.77006331259,717.126045545692,1276.91021923485,1306.06038105413,1336.18938688269,1367.94082082163,1402.20561031381,1440.36107829585,1484.83593621947,1540.79546298939,1623.73591138211,1695.67438112374,1779.31839889064
