"means","lower.10.","lower.20.","lower.30.","lower.40.","lower.50.","lower.60.","lower.70.","lower.80.","lower.90.","lower.95.","lower.98.","upper.10.","upper.20.","upper.30.","upper.40.","upper.50.","upper.60.","upper.70.","upper.80.","upper.90.","upper.95.","upper.98."
1.6,1.27989911190092,0.954641385432322,0.618461710090813,0.264178969599519,0,0,0,0,0,0,0,1.92010088809908,2.24535861456768,2.58153828990919,2.93582103040048,3.31814781120003,3.74388681207149,4.24013761379724,4.86453443753639,5.78998458919431,6.59267457969437,7.52597516376066
1.6,1.27989911190092,0.954641385432322,0.618461710090813,0.264178969599519,0,0,0,0,0,0,0,1.92010088809908,2.24535861456768,2.58153828990919,2.93582103040048,3.31814781120003,3.74388681207149,4.24013761379724,4.86453443753639,5.78998458919431,6.59267457969437,7.52597516376066
