"means","lower.10.","lower.20.","lower.30.","lower.40.","lower.50.","lower.60.","lower.70.","lower.80.","lower.90.","lower.95.","lower.98.","upper.10.","upper.20.","upper.30.","upper.40.","upper.50.","upper.60.","upper.70.","upper.80.","upper.90.","upper.95.","upper.98."
327,319.121433769693,311.115943515918,302.841633959359,294.121758010901,284.711640838039,274.233029125621,262.018927404575,246.650798440498,223.872916267214,204.116500438084,181.145397458593,334.878566230307,342.884056484082,351.158366040641,359.878241989099,369.288359161961,379.766970874379,391.981072595425,407.349201559502,430.127083732786,449.883499561916,472.854602541407
327,315.858024785045,304.536551894711,292.834911100552,280.503144272031,267.195228942651,252.376234144107,235.102885838,213.369069428703,181.156279537108,153.21648832767,120.730442951405,338.141975214955,349.463448105289,361.165088899448,373.496855727969,386.804771057349,401.623765855893,418.897114162,440.630930571297,472.843720462892,500.78351167233,533.269557048595
327,313.353922998312,299.488007139276,285.156482589763,270.053214411336,253.754413362764,235.604925484069,214.449480734403,187.831100551351,148.378651338405,114.159535346894,74.3724178805183,340.646077001688,354.511992860724,368.843517410237,383.946785588664,400.245586637236,418.395074515931,439.550519265597,466.168899448649,505.621348661595,539.840464653106,579.627582119482
327,311.242867539386,295.231887031836,278.683267918718,261.243516021801,242.423281676079,221.466058251242,197.03785480915,166.301596880997,120.745832534428,81.2330008761679,35.290794917186,342.757132460614,358.768112968164,375.316732081282,392.756483978199,411.576718323921,432.533941748758,456.96214519085,487.698403119003,533.254167465572,572.766999123832,618.709205082814
