"means","lower.10.","lower.20.","lower.30.","lower.40.","lower.50.","lower.60.","lower.70.","lower.80.","lower.90.","lower.95.","lower.98.","upper.10.","upper.20.","upper.30.","upper.40.","upper.50.","upper.60.","upper.70.","upper.80.","upper.90.","upper.95.","upper.98."
0,0,0,0,0,0,0,0,0,0,0,0,0.592077201268716,1.19369279041055,1.81551025077953,2.4708121922817,3.177986020165,3.96545761264896,4.88335192890026,6.0382725730633,7.75003894447594,9.23474098914687,10.9610279764713
0,0,0,0,0,0,0,0,0,0,0,0,0.837323608006122,1.68813653350558,2.56751921927979,3.49425611240157,4.49435093074944,5.60800393682379,6.90610252769157,8.5394069661316,10.9602101841975,13.0598959518542,15.5012344218766
0,0,0,0,0,0,0,0,0,0,0,0,1.0255077946006,2.06753656161973,3.14455599601225,4.27957225299254,5.5044332526694,6.86837406036878,8.45821365209474,10.4585948864953,13.4234612124698,15.9950405879412,18.9850573584321
