"means","lower.10.","lower.20.","lower.30.","lower.40.","lower.50.","lower.60.","lower.70.","lower.80.","lower.90.","lower.95.","lower.98.","upper.10.","upper.20.","upper.30.","upper.40.","upper.50.","upper.60.","upper.70.","upper.80.","upper.90.","upper.95.","upper.98."
0,0,0,0,0,0,0,0,0,0,0,0,2.47245035655124,4.98473198923888,7.58137445124328,10.317844484955,13.2709259060048,16.5593221074442,20.3923494975022,25.2151731974023,32.3633244288002,38.5632795898046,45.7720673427768
0,0,0,0,0,0,0,0,0,0,0,0,3.49657282652895,7.04947558397664,10.7216825703771,14.5916356050798,18.7679234015204,23.4184179080522,28.8391372280198,35.6596399133529,45.7686523306898,54.5367130054872,64.7314784140096
0,0,0,0,0,0,0,0,0,0,0,0,4.28240963673852,8.63380906747562,13.131325740758,17.8710308725364,22.9859179326823,28.6815872289919,35.3205854153755,43.6739610995498,56.054922212517,66.7935595560254,79.2795462051536
