"means","lower.10.","lower.20.","lower.30.","lower.40.","lower.50.","lower.60.","lower.70.","lower.80.","lower.90.","lower.95.","lower.98.","upper.10.","upper.20.","upper.30.","upper.40.","upper.50.","upper.60.","upper.70.","upper.80.","upper.90.","upper.95.","upper.98."
0,0,0,0,0,0,0,0,0,0,0,0,2.62479011577292,5.29186570741978,8.04850001168641,10.9535773482499,14.0886125591716,17.5796229341274,21.6488218890236,26.768803345505,34.3573871358766,40.9393518583309,48.5923082829442
