"means","lower.10.","lower.20.","lower.30.","lower.40.","lower.50.","lower.60.","lower.70.","lower.80.","lower.90.","lower.95.","lower.98.","upper.10.","upper.20.","upper.30.","upper.40.","upper.50.","upper.60.","upper.70.","upper.80.","upper.90.","upper.95.","upper.98."
252,205.486857556457,158.224386490105,109.37487151799,57.8948407326345,2.33979331956402,0,0,0,0,0,0,298.513142443543,345.775613509895,394.62512848201,446.105159267366,501.660206680436,563.523386470103,635.63247796768,726.362180644684,860.837267496485,977.474350535688,1113.09016612155
