"means","lower.10.","lower.20.","lower.30.","lower.40.","lower.50.","lower.60.","lower.70.","lower.80.","lower.90.","lower.95.","lower.98.","upper.10.","upper.20.","upper.30.","upper.40.","upper.50.","upper.60.","upper.70.","upper.80.","upper.90.","upper.95.","upper.98."
6,4.97141568861652,3.92626084200358,2.84601035624037,1.70758905779494,0.479053483003148,0,0,0,0,0,0,7.02858431138348,8.07373915799642,9.15398964375963,10.2924109422051,11.5209465169969,12.88897913834,14.4835882386078,16.4899706038356,19.463731509704,22.0430256067493,25.0420124083057
6,4.54536211679729,3.0672899579373,1.53958507021084,0,0,0,0,0,0,0,0,7.45463788320271,8.93271004206269,10.4604149297892,12.0703857697451,13.8077974414735,15.7424877283458,17.997605544628,20.8350586968394,25.0405917011734,28.6882643945637,32.9294722027027
