"means","lower.10.","lower.20.","lower.30.","lower.40.","lower.50.","lower.60.","lower.70.","lower.80.","lower.90.","lower.95.","lower.98.","upper.10.","upper.20.","upper.30.","upper.40.","upper.50.","upper.60.","upper.70.","upper.80.","upper.90.","upper.95.","upper.98."
114.222222219704,97.775893257187,81.0646132639648,63.7921790510765,45.5896350641999,25.9462281197522,4.07236297028129,0,0,0,0,0,130.66855118222,147.379831175443,164.652265388331,182.854809375207,202.498216319655,224.372081469126,249.868742792253,281.949364709134,329.497679001427,370.738750580701,418.690408939462
23.4444444394073,0.185822969366775,0,0,0,0,0,0,0,0,0,0,46.7030659094479,70.3363847204768,94.7632954395406,120.505580015474,148.285552527526,179.219869283428,215.277593521828,260.646444126045,327.889915066183,386.213597820392,454.027483409634
0,0,0,0,0,0,0,0,0,0,0,0,0,0,20.014063655065,51.5417946673425,85.5651735288772,123.451819325671,167.613332160703,223.17859925915,305.534695427653,376.966326761541,460.0210353461
