"means","lower.10.","lower.20.","lower.30.","lower.40.","lower.50.","lower.60.","lower.70.","lower.80.","lower.90.","lower.95.","lower.98.","upper.10.","upper.20.","upper.30.","upper.40.","upper.50.","upper.60.","upper.70.","upper.80.","upper.90.","upper.95.","upper.98."
74,69.6118051585462,65.1529163191291,60.5443008107629,55.6875142411523,50.4462779008929,44.6099126895238,37.8069162307129,29.2471932720431,16.5603944142065,5.55648843782353,0,78.3881948414538,82.8470836808709,87.4556991892371,92.3124857588477,97.5537220991071,103.390087310476,110.193083769287,118.752806727957,131.439605585794,142.443511562176,155.237930324482
61,51.1876980359954,41.2173194869436,30.912141928077,20.0520370062198,8.33227626325751,0,0,0,0,0,0,70.8123019640046,80.7826805130564,91.0878580719231,101.94796299378,113.667723736742,126.718233090879,141.93019562347,161.070318027621,189.438862690611,214.044344471819,242.653534556933
48,31.580878356871,14.8972439940622,0,0,0,0,0,0,0,0,0,64.419121643129,81.1027560059378,98.3466162656173,116.519047609785,136.129958278145,157.967637283174,183.422119235481,215.449669872526,262.919324533466,304.092170613365,351.964502084825
