"means","lower.10.","lower.20.","lower.30.","lower.40.","lower.50.","lower.60.","lower.70.","lower.80.","lower.90.","lower.95.","lower.98.","upper.10.","upper.20.","upper.30.","upper.40.","upper.50.","upper.60.","upper.70.","upper.80.","upper.90.","upper.95.","upper.98."
24.199999999962,22.0733733506471,19.9124866592312,17.6790387585244,15.3253210859639,12.785289642679,9.9568441788673,6.65994554806056,2.51169424830083,0,0,0,26.3266266492769,28.4875133406927,30.7209612413996,33.07467891396,35.614710357245,38.4431558210567,41.7400544518634,45.8883057516231,52.0366390687087,57.3694012958706,63.5698898533475
