"means","lower.10.","lower.20.","lower.30.","lower.40.","lower.50.","lower.60.","lower.70.","lower.80.","lower.90.","lower.95.","lower.98.","upper.10.","upper.20.","upper.30.","upper.40.","upper.50.","upper.60.","upper.70.","upper.80.","upper.90.","upper.95.","upper.98."
839,810.855750318911,782.258095626987,752.700149765899,721.550527016332,687.935186420154,650.50291058156,606.871021425766,551.972141851417,470.603732377963,400.028771954384,317.970128439038,867.144249681089,895.741904373013,925.299850234101,956.449472983668,990.064813579846,1027.49708941844,1071.12897857423,1126.02785814858,1207.39626762204,1277.97122804562,1360.02987156096
839,799.198020398189,758.754829280808,716.953581368167,672.901362412924,625.362091838019,572.424859676588,510.720050280504,433.081310227372,318.009002001286,218.200935806317,102.152489236976,878.801979601811,919.245170719192,961.046418631833,1005.09863758708,1052.63790816198,1105.57514032341,1167.2799497195,1244.91868977263,1359.99099799871,1459.79906419368,1575.84751076302
839,790.252729611449,740.720138707727,689.524274708951,635.571545470099,577.348067643787,512.513464048408,436.940815200359,341.853166498981,200.91894715989,78.6795299640895,0,887.747270388551,937.279861292273,988.475725291049,1042.4284545299,1100.65193235621,1165.48653595159,1241.05918479964,1336.14683350102,1477.08105284011,1599.32047003591,1741.45020980467
839,782.711500637821,725.516191253974,666.400299531797,604.101054032664,536.870372840309,462.00582116312,374.742042851532,264.944283702833,102.207464755925,0,0,895.288499362179,952.483808746026,1011.5997004682,1073.89894596734,1141.12962715969,1215.99417883688,1303.25795714847,1413.05571629717,1575.79253524407,1716.94245609123,1881.05974312192
