"means","lower.10.","lower.20.","lower.30.","lower.40.","lower.50.","lower.60.","lower.70.","lower.80.","lower.90.","lower.95.","lower.98.","upper.10.","upper.20.","upper.30.","upper.40.","upper.50.","upper.60.","upper.70.","upper.80.","upper.90.","upper.95.","upper.98."
50,32.1932336258322,14.0995995187425,0,0,0,0,0,0,0,0,0,67.8067663741678,85.9004004812575,104.601607385429,124.309862578946,145.578168658053,169.261436048874,196.867176669589,231.60150193536,283.083004343468,327.735530041221,379.653741065361
