"means","lower.10.","lower.20.","lower.30.","lower.40.","lower.50.","lower.60.","lower.70.","lower.80.","lower.90.","lower.95.","lower.98.","upper.10.","upper.20.","upper.30.","upper.40.","upper.50.","upper.60.","upper.70.","upper.80.","upper.90.","upper.95.","upper.98."
8.45454545453901,7.24484544999829,6.01565712902065,4.74519344114347,3.4063160786778,1.96145689313849,0.352537672870826,0,0,0,0,0,9.66424545907972,10.8934337800574,12.1638974679345,13.5027748304002,14.9476340159395,16.5565532362072,18.4319450874012,20.7916162679405,24.28900441738,27.3224670576091,30.8495229414196
8.45454545453901,7.24484544999829,6.01565712902065,4.74519344114347,3.4063160786778,1.96145689313849,0.352537672870826,0,0,0,0,0,9.66424545907972,10.8934337800574,12.1638974679345,13.5027748304002,14.9476340159395,16.5565532362072,18.4319450874012,20.7916162679405,24.28900441738,27.3224670576091,30.8495229414196
8.45454545453901,7.24484544999829,6.01565712902065,4.74519344114347,3.4063160786778,1.96145689313849,0.352537672870826,0,0,0,0,0,9.66424545907972,10.8934337800574,12.1638974679345,13.5027748304002,14.9476340159395,16.5565532362072,18.4319450874012,20.7916162679405,24.28900441738,27.3224670576091,30.8495229414196
