"means","lower.10.","lower.20.","lower.30.","lower.40.","lower.50.","lower.60.","lower.70.","lower.80.","lower.90.","lower.95.","lower.98.","upper.10.","upper.20.","upper.30.","upper.40.","upper.50.","upper.60.","upper.70.","upper.80.","upper.90.","upper.95.","upper.98."
122,117.403257535305,112.732461361927,107.904822805262,102.817218933258,97.3268944323549,91.2131577420124,84.0868509486194,75.1203297635426,61.830594654256,50.3037313980223,36.9012617810868,126.596742464695,131.267538638073,136.095177194738,141.182781066742,146.673105567645,152.786842257988,159.913149051381,168.879670236457,182.169405345744,193.696268601978,207.098738218913
122,115.499224463692,108.89372116822,102.06640924715,94.8714508513801,87.1069594803731,78.4608301361128,68.3827104192648,55.7021345520236,36.9076109201246,20.6061645715387,1.65221026997531,128.500775536308,135.10627883178,141.93359075285,149.12854914862,156.893040519627,165.539169863887,175.617289580735,188.297865447976,207.092389079875,223.393835428461,242.347789730025
122,114.038208501839,105.948152217749,97.586436957028,88.7744485619331,79.2649275763281,68.6756250045569,56.3324995680769,40.8020293083813,17.783532879965,0,0,129.961791498161,138.051847782251,146.413563042972,155.225551438067,164.735072423672,175.324374995443,187.667500431923,203.197970691619,226.216467120035,246.181579931731,269.395338255161
122,112.80651507061,103.464922723853,93.8096456105245,83.6344378665166,72.6537888647097,60.4263154840247,46.1737018972387,28.2406595270852,1.66118930851199,0,0,131.19348492939,140.535077276147,150.190354389476,160.365562133483,171.34621113529,183.573684515975,197.826298102761,215.759340472915,242.338810691488,265.392537203955,292.197476437826
