"means","lower.10.","lower.20.","lower.30.","lower.40.","lower.50.","lower.60.","lower.70.","lower.80.","lower.90.","lower.95.","lower.98.","upper.10.","upper.20.","upper.30.","upper.40.","upper.50.","upper.60.","upper.70.","upper.80.","upper.90.","upper.95.","upper.98."
1462.41052569605,1425.7333520536,1388.4653076471,1349.94582586501,1309.35209409286,1265.54507496581,1216.76388177996,1159.90344339384,1088.36002824722,982.32190972979,890.349655802421,783.412034399129,1499.08769933849,1536.35574374499,1574.87522552708,1615.46895729923,1659.27597642628,1708.05716961214,1764.91760799825,1836.46102314487,1942.4991416623,2034.47139558967,2141.40901699296
1186.55075780762,1112.72780368158,1037.71555875211,960.184450050025,878.478339660102,790.304599912824,692.11895938667,577.671603778364,433.670697223331,220.239661472407,35.1200677780153,0,1260.37371193366,1335.38595686313,1412.91706556521,1494.62317595514,1582.79691570241,1680.98255622857,1795.42991183687,1939.43081839191,2152.86185414283,2337.98144783722,2553.22298188134
905.479730204574,794.668711617939,682.072523000049,565.695425535746,443.05149419697,310.699408999901,163.31908581873,0,0,0,0,0,1016.29074879121,1128.8869374091,1245.2640348734,1367.90796621218,1500.26005140925,1647.64037459042,1819.43014106131,2035.58089419317,2355.94887119368,2633.82031349057,2956.90591622678
634.676244834982,489.869141493876,342.729189808853,190.648371547302,30.3780963882601,0,0,0,0,0,0,0,779.483348176089,926.623299861111,1078.70411812266,1238.9743932817,1411.93121944389,1604.52684722125,1829.02057341911,2111.4849424435,2530.13968765211,2893.26024347274,3315.46636394863
