"means","lower.10.","lower.20.","lower.30.","lower.40.","lower.50.","lower.60.","lower.70.","lower.80.","lower.90.","lower.95.","lower.98.","upper.10.","upper.20.","upper.30.","upper.40.","upper.50.","upper.60.","upper.70.","upper.80.","upper.90.","upper.95.","upper.98."
122,117.403257535305,112.732461361927,107.904822805262,102.817218933258,97.3268944323549,91.2131577420124,84.0868509486194,75.1203297635426,61.830594654256,50.3037313980223,36.9012617810868,126.596742464695,131.267538638073,136.095177194738,141.182781066742,146.673105567645,152.786842257988,159.913149051381,168.879670236457,182.169405345744,193.696268601978,207.098738218913
122,115.499224463692,108.89372116822,102.06640924715,94.8714508513801,87.1069594803731,78.4608301361128,68.3827104192648,55.7021345520236,36.9076109201246,20.6061645715387,1.65221026997531,128.500775536308,135.10627883178,141.93359075285,149.12854914862,156.893040519627,165.539169863887,175.617289580735,188.297865447976,207.092389079875,223.393835428461,242.347789730025
