"means","lower.10.","lower.20.","lower.30.","lower.40.","lower.50.","lower.60.","lower.70.","lower.80.","lower.90.","lower.95.","lower.98.","upper.10.","upper.20.","upper.30.","upper.40.","upper.50.","upper.60.","upper.70.","upper.80.","upper.90.","upper.95.","upper.98."
281.6,269.221212756702,256.643002745778,243.642424392851,229.941773030844,215.156616060371,198.692642641682,179.501870849828,155.355497866116,119.566935704722,88.5256953203795,52.4335450211076,293.978787243298,306.556997254222,319.557575607149,333.258226969156,348.043383939629,364.507357358318,383.698129150172,407.844502133884,443.633064295278,474.67430467962,510.766454978892
