"means","lower.10.","lower.20.","lower.30.","lower.40.","lower.50.","lower.60.","lower.70.","lower.80.","lower.90.","lower.95.","lower.98.","upper.10.","upper.20.","upper.30.","upper.40.","upper.50.","upper.60.","upper.70.","upper.80.","upper.90.","upper.95.","upper.98."
109.818181818182,94.1320597394557,78.1932335939436,61.7191917407353,44.3580330425067,25.6226131153626,4.75983456762725,0,0,0,0,0,125.504303896908,141.44313004242,157.917171895628,175.278330593857,194.013750521001,214.876529068736,239.194645471857,269.792388767432,315.142853562732,354.477618477405,400.212783364791
109.818181818182,94.1320597394557,78.1932335939436,61.7191917407353,44.3580330425067,25.6226131153626,4.75983456762725,0,0,0,0,0,125.504303896908,141.44313004242,157.917171895628,175.278330593857,194.013750521001,214.876529068736,239.194645471857,269.792388767432,315.142853562732,354.477618477405,400.212783364791
109.818181818182,94.1320597394557,78.1932335939436,61.7191917407353,44.3580330425067,25.6226131153626,4.75983456762725,0,0,0,0,0,125.504303896908,141.44313004242,157.917171895628,175.278330593857,194.013750521001,214.876529068736,239.194645471857,269.792388767432,315.142853562732,354.477618477405,400.212783364791
