"means","lower.10.","lower.20.","lower.30.","lower.40.","lower.50.","lower.60.","lower.70.","lower.80.","lower.90.","lower.95.","lower.98.","upper.10.","upper.20.","upper.30.","upper.40.","upper.50.","upper.60.","upper.70.","upper.80.","upper.90.","upper.95.","upper.98."
655,636.002971591233,616.699900279596,596.748644033984,575.723025124217,553.033076466426,527.766742648034,498.315744763456,461.259664509017,406.336971459501,358.69972607878,303.311133392532,673.997028408767,693.300099720404,713.251355966016,734.276974875783,756.966923533574,782.233257351966,811.684255236544,848.740335490983,903.663028540499,951.30027392122,1006.68886660747
655,628.134144779534,600.835479535162,572.620142366237,542.885426946757,510.79699382536,475.065001867943,433.415001234152,381.009789969939,303.337372577259,235.968134085748,157.636835108097,681.865855220466,709.164520464838,737.379857633763,767.114573053243,799.20300617464,834.934998132057,876.584998765848,928.990210030061,1006.66262742274,1074.03186591425,1152.3631648919
655,622.096181603186,588.662281349305,554.105691857079,517.688251644783,478.38810774836,434.625533853909,383.614909184216,319.431895454178,224.303000603907,141.792871271872,45.8570145795522,687.903818396814,721.337718650695,755.894308142921,792.311748355217,831.61189225164,875.374466146091,926.385090815784,990.568104545822,1085.69699939609,1168.20712872813,1264.14298542045
