"means","lower.10.","lower.20.","lower.30.","lower.40.","lower.50.","lower.60.","lower.70.","lower.80.","lower.90.","lower.95.","lower.98.","upper.10.","upper.20.","upper.30.","upper.40.","upper.50.","upper.60.","upper.70.","upper.80.","upper.90.","upper.95.","upper.98."
142,136.936923596935,131.792280826409,126.474884203364,120.871149099575,114.823837848358,108.08986999848,100.240608038787,90.3644441730873,75.7264815829242,63.0302320535584,48.2680981769088,147.063076403065,152.207719173591,157.525115796636,163.128850900425,169.176162151642,175.91013000152,183.759391961213,193.635555826913,208.273518417076,220.969767946442,235.731901823091
142,134.839728683454,127.564105103812,120.044170682985,112.11929249926,103.567102911898,94.0438342500152,82.9433015319989,68.976296648907,48.2750914283883,30.3198831526861,9.44307321476094,149.160271316546,156.435894896188,163.955829317015,171.88070750074,180.432897088102,189.956165749985,201.056698468001,215.023703351093,235.724908571612,253.680116847314,274.556926785239
142,133.230494427288,124.319711761945,115.109710646836,105.403756734917,94.9295063986265,83.2659319461011,69.6706114299961,52.5645938307281,27.2108989052729,5.22034965483891,0,150.769505572712,159.680288238055,168.890289353164,178.596243265083,189.070493601373,200.734068053899,214.329388570004,231.435406169272,256.789101094727,278.779650345161,304.348416247652
142,131.873847193869,121.584561652818,110.949768406728,99.7422981991507,87.6476756967169,74.1797399969593,58.4812160775744,38.7288883461747,9.45296316584833,0,0,152.126152806131,162.415438347182,173.050231593272,184.257701800849,196.352324303283,209.820260003041,225.518783922426,245.271111653825,274.547036834152,299.939535892883,329.463803646182
