"means","lower.10.","lower.20.","lower.30.","lower.40.","lower.50.","lower.60.","lower.70.","lower.80.","lower.90.","lower.95.","lower.98.","upper.10.","upper.20.","upper.30.","upper.40.","upper.50.","upper.60.","upper.70.","upper.80.","upper.90.","upper.95.","upper.98."
312,292.321713724237,272.326409453566,251.659675503689,229.880050862998,206.376411469359,180.203994430289,149.696845890564,111.311886947829,54.4195955005277,5.07401724377326,0,331.678286275763,351.673590546434,372.340324496311,394.119949137002,417.623588530641,443.796005569711,474.303154109436,512.688113052171,569.580404499472,618.925982756227,676.300881600333
