"means","lower.10.","lower.20.","lower.30.","lower.40.","lower.50.","lower.60.","lower.70.","lower.80.","lower.90.","lower.95.","lower.98.","upper.10.","upper.20.","upper.30.","upper.40.","upper.50.","upper.60.","upper.70.","upper.80.","upper.90.","upper.95.","upper.98."
0,0,0,0,0,0,0,0,0,0,0,0,15.9922569795043,32.2421498715386,49.0377038960048,66.7376879947246,85.8387538024535,107.10869637764,131.901412182374,163.096309896409,209.33184749496,249.434281072025,296.062026681058
