"means","lower.10.","lower.20.","lower.30.","lower.40.","lower.50.","lower.60.","lower.70.","lower.80.","lower.90.","lower.95.","lower.98.","upper.10.","upper.20.","upper.30.","upper.40.","upper.50.","upper.60.","upper.70.","upper.80.","upper.90.","upper.95.","upper.98."
0,0,0,0,0,0,0,0,0,0,0,0,0.399358167875419,0.805150012131773,1.22456809003408,1.66657156897692,2.14356281888108,2.67471519521723,3.2938381603574,4.07283622261367,5.22742869881991,6.2288654829591,7.39325216599262
