"means","lower.10.","lower.20.","lower.30.","lower.40.","lower.50.","lower.60.","lower.70.","lower.80.","lower.90.","lower.95.","lower.98.","upper.10.","upper.20.","upper.30.","upper.40.","upper.50.","upper.60.","upper.70.","upper.80.","upper.90.","upper.95.","upper.98."
6,2.70869907861111,0,0,0,0,0,0,0,0,0,0,9.29130092138889,12.6356248349283,16.092249031676,19.735010278406,23.6661224143014,28.0436021962559,33.1460895109877,39.5661836678301,49.0817303285703,57.3350479654296,66.9313133507333
6,0,0,0,0,0,0,0,0,0,0,0,13.3595725946333,20.8377082040854,28.566954880684,36.7124166541741,45.5026506172106,55.2909929797919,66.7005014698626,81.0562684265113,102.333677602998,120.788656878913,142.24655861058
6,0,0,0,0,0,0,0,0,0,0,0,18.3149204046106,30.8282346794699,43.7617381385327,57.3917026656137,72.1005774271235,88.4796069887272,107.571366340814,131.593159066547,167.197074518898,198.078161420244,233.984098684609
6,0,0,0,0,0,0,0,0,0,0,0,24.0271975818223,42.344814052317,61.2775245060862,81.2297495704826,102.761337499605,126.737781715598,154.685255732224,189.84955964232,241.968355173124,287.173637612755,339.734547806123
