"means","lower.10.","lower.20.","lower.30.","lower.40.","lower.50.","lower.60.","lower.70.","lower.80.","lower.90.","lower.95.","lower.98.","upper.10.","upper.20.","upper.30.","upper.40.","upper.50.","upper.60.","upper.70.","upper.80.","upper.90.","upper.95.","upper.98."
101.090909090909,95.9610765912839,90.7486022807585,85.3610963774742,79.6834766525767,73.5564322783183,66.7336778148805,58.7809242134288,48.7745442308515,33.9435817397746,21.0799335792092,6.12316261711004,106.220741590534,111.43321590106,116.820721804344,122.498341529241,128.6253859035,135.448140366938,143.400893968389,153.407273950967,168.238236442044,181.101884602609,196.058655564708
101.090909090909,95.9610765912839,90.7486022807585,85.3610963774742,79.6834766525767,73.5564322783183,66.7336778148805,58.7809242134288,48.7745442308515,33.9435817397746,21.0799335792092,6.12316261711004,106.220741590534,111.43321590106,116.820721804344,122.498341529241,128.6253859035,135.448140366938,143.400893968389,153.407273950967,168.238236442044,181.101884602609,196.058655564708
101.090909090909,95.9610765912839,90.7486022807585,85.3610963774742,79.6834766525767,73.5564322783183,66.7336778148805,58.7809242134288,48.7745442308515,33.9435817397746,21.0799335792092,6.12316261711004,106.220741590534,111.43321590106,116.820721804344,122.498341529241,128.6253859035,135.448140366938,143.400893968389,153.407273950967,168.238236442044,181.101884602609,196.058655564708
101.090909090909,95.9610765912839,90.7486022807585,85.3610963774742,79.6834766525767,73.5564322783183,66.7336778148805,58.7809242134288,48.7745442308515,33.9435817397746,21.0799335792092,6.12316261711004,106.220741590534,111.43321590106,116.820721804344,122.498341529241,128.6253859035,135.448140366938,143.400893968389,153.407273950967,168.238236442044,181.101884602609,196.058655564708
