"means","lower.10.","lower.20.","lower.30.","lower.40.","lower.50.","lower.60.","lower.70.","lower.80.","lower.90.","lower.95.","lower.98.","upper.10.","upper.20.","upper.30.","upper.40.","upper.50.","upper.60.","upper.70.","upper.80.","upper.90.","upper.95.","upper.98."
71,52.578975134665,33.8611868070494,14.5148669781293,0,0,0,0,0,0,0,0,89.421024865335,108.138813192951,127.485133021871,147.87324006745,169.875213187912,194.375453620761,222.933476100234,258.865989390777,312.123386946143,358.316236837832,412.025407618375
71,44.9487368026312,18.4777866920884,0,0,0,0,0,0,0,0,0,97.0512631973688,123.522213307912,150.882041191978,179.715178686951,210.830667472877,245.479239774413,285.866382479439,336.682630105077,411.999964024572,477.326518826063,553.282756567718
