"means","lower.10.","lower.20.","lower.30.","lower.40.","lower.50.","lower.60.","lower.70.","lower.80.","lower.90.","lower.95.","lower.98.","upper.10.","upper.20.","upper.30.","upper.40.","upper.50.","upper.60.","upper.70.","upper.80.","upper.90.","upper.95.","upper.98."
5.06279770666935,3.17775998828705,1.26235423533957,0,0,0,0,0,0,0,0,0,6.94783542505165,8.86324117799913,10.8429650454821,12.9292958043997,15.1807747266692,17.6879032747808,20.6102677973714,24.287269666926,29.7371403396303,34.4640903873047,39.9601913634714
1.8588076293373,0,0,0,0,0,0,0,0,0,0,0,3.86688101647928,5.90730454783082,8.01624421169817,10.2387489567774,12.637181020726,15.3079488608132,18.4210549637395,22.338053295773,28.143634878838,33.1791110926669,39.0339404128763
3.88645183130081,1.41131447637979,0,0,0,0,0,0,0,0,0,0,6.36158918622182,8.87660110493264,11.4760655342392,14.2155094964264,17.1718002538914,20.4637702036203,24.3009632337774,29.1290282601151,36.2849479268447,42.4916410469617,49.7082631335491
2.60325777934552,0,0,0,0,0,0,0,0,0,0,0,5.26141454019029,7.96239431492268,10.7540712833134,13.6960783095359,16.8709664620479,20.4063549773445,24.527282074784,29.7123493463202,37.397400119103,44.063035562294,51.8132772819242
