"means","lower.10.","lower.20.","lower.30.","lower.40.","lower.50.","lower.60.","lower.70.","lower.80.","lower.90.","lower.95.","lower.98.","upper.10.","upper.20.","upper.30.","upper.40.","upper.50.","upper.60.","upper.70.","upper.80.","upper.90.","upper.95.","upper.98."
17.9090909090909,14.6484491555989,11.3352783304023,7.91085332301333,4.30202517184018,0.40753218134487,0,0,0,0,0,0,21.1697326625829,24.4829034877795,27.9073284951685,31.5161566463416,35.410649636837,39.7473522638592,44.802308824336,51.1625984390323,60.5895057593809,68.7659419875881,78.272816120418
17.9090909090909,14.6484491555989,11.3352783304023,7.91085332301333,4.30202517184018,0.40753218134487,0,0,0,0,0,0,21.1697326625829,24.4829034877795,27.9073284951685,31.5161566463416,35.410649636837,39.7473522638592,44.802308824336,51.1625984390323,60.5895057593809,68.7659419875881,78.272816120418
17.9090909090909,14.6484491555989,11.3352783304023,7.91085332301333,4.30202517184018,0.40753218134487,0,0,0,0,0,0,21.1697326625829,24.4829034877795,27.9073284951685,31.5161566463416,35.410649636837,39.7473522638592,44.802308824336,51.1625984390323,60.5895057593809,68.7659419875881,78.272816120418
17.9090909090909,14.6484491555989,11.3352783304023,7.91085332301333,4.30202517184018,0.40753218134487,0,0,0,0,0,0,21.1697326625829,24.4829034877795,27.9073284951685,31.5161566463416,35.410649636837,39.7473522638592,44.802308824336,51.1625984390323,60.5895057593809,68.7659419875881,78.272816120418
