"means","lower.10.","lower.20.","lower.30.","lower.40.","lower.50.","lower.60.","lower.70.","lower.80.","lower.90.","lower.95.","lower.98.","upper.10.","upper.20.","upper.30.","upper.40.","upper.50.","upper.60.","upper.70.","upper.80.","upper.90.","upper.95.","upper.98."
4136,4052.73351929243,3968.12561218285,3880.67662502966,3788.51856464025,3689.06552748536,3578.31985441635,3449.23224690174,3286.81056045629,3046.07715400919,2837.27682544702,2594.50131945262,4219.26648070756,4303.87438781715,4391.32337497033,4483.48143535975,4582.93447251464,4693.68014558365,4822.76775309825,4985.1894395437,5225.92284599081,5434.72317455297,5677.49868054738
