"means","lower.10.","lower.20.","lower.30.","lower.40.","lower.50.","lower.60.","lower.70.","lower.80.","lower.90.","lower.95.","lower.98.","upper.10.","upper.20.","upper.30.","upper.40.","upper.50.","upper.60.","upper.70.","upper.80.","upper.90.","upper.95.","upper.98."
3510.14543798325,3434.64329649613,3357.92481242866,3278.63017015678,3195.06556101787,3104.88620890902,3004.46722390941,2887.41663255523,2740.14026100243,2521.85449271014,2332.52414254169,2112.38669410583,3585.64757947037,3662.36606353784,3741.66070580972,3825.22531494863,3915.40466705748,4015.82365205709,4132.87424341126,4280.15061496407,4498.43638325636,4687.76673342481,4907.90418186067
