"means","lower.10.","lower.20.","lower.30.","lower.40.","lower.50.","lower.60.","lower.70.","lower.80.","lower.90.","lower.95.","lower.98.","upper.10.","upper.20.","upper.30.","upper.40.","upper.50.","upper.60.","upper.70.","upper.80.","upper.90.","upper.95.","upper.98."
839,813.64077424243,787.87301032308,761.239981178052,733.172780079414,702.883857093172,669.155705006446,629.84142447423,580.375082442059,507.058511961296,443.467321061093,369.528818885856,864.35922575757,890.12698967692,916.760018821948,944.827219920586,975.116142906828,1008.84429499355,1048.15857552577,1097.62491755794,1170.9414880387,1234.53267893891,1308.47118111414
