"means","lower.10.","lower.20.","lower.30.","lower.40.","lower.50.","lower.60.","lower.70.","lower.80.","lower.90.","lower.95.","lower.98.","upper.10.","upper.20.","upper.30.","upper.40.","upper.50.","upper.60.","upper.70.","upper.80.","upper.90.","upper.95.","upper.98."
1,0.786930653126671,0.570428750380569,0.346656850582117,0.11083497400673,0,0,0,0,0,0,0,1.21306934687333,1.42957124961943,1.65334314941788,1.88916502599327,2.14365390904794,2.42703934853509,2.75735968859095,3.17297810256643,3.78898720066222,4.32328322537261,4.94451782132897
1,0.69867443992576,0.392494512782643,0.0760332572096784,0,0,0,0,0,0,0,0,1.30132556007424,1.60750548721736,1.92396674279032,2.25746923894751,2.6173708688366,3.01813840073839,3.48528190557308,4.0730551033892,4.94422352446148,5.69983220892895,6.5783905999458
1,0.630953065679877,0.255960770188293,0,0,0,0,0,0,0,0,0,1.36904693432012,1.74403922981171,2.13162352956884,2.54007900133365,2.98086667674578,3.47170465606276,4.04383626781295,4.76370847737967,5.83066753320626,6.75609539428674,7.83210527790266
1,0.573861306253341,0.140857500761139,0,0,0,0,0,0,0,0,0,1.42613869374666,1.85914249923886,2.30668629883577,2.77833005198654,3.28730781809588,3.85407869707018,4.51471937718191,5.34595620513286,6.57797440132444,7.64656645074523,8.88903564265793
