"means","lower.10.","lower.20.","lower.30.","lower.40.","lower.50.","lower.60.","lower.70.","lower.80.","lower.90.","lower.95.","lower.98.","upper.10.","upper.20.","upper.30.","upper.40.","upper.50.","upper.60.","upper.70.","upper.80.","upper.90.","upper.95.","upper.98."
0,0,0,0,0,0,0,0,0,0,0,0,28.526676244331,57.5129184070357,87.472500260564,119.045386849436,153.117495677919,191.058404603751,235.283167742922,290.928018166711,373.402068811771,444.936008063051,528.109671711441
0,0,0,0,0,0,0,0,0,0,0,0,40.3428124341593,81.3355492228871,123.704796203174,168.355600620424,216.540839024317,270.19738699599,332.740646820144,411.434348965689,528.070269931778,629.234536990911,746.859860154723
