"means","lower.10.","lower.20.","lower.30.","lower.40.","lower.50.","lower.60.","lower.70.","lower.80.","lower.90.","lower.95.","lower.98.","upper.10.","upper.20.","upper.30.","upper.40.","upper.50.","upper.60.","upper.70.","upper.80.","upper.90.","upper.95.","upper.98."
41,16.1910665446851,0,0,0,0,0,0,0,0,0,0,65.8089334553149,91.0175398409639,117.07263529573,144.530781336532,174.162438153757,207.158693192833,245.619858328214,294.012786388632,365.738395664622,427.94966498606,500.283710109797
41,5.91486983948206,0,0,0,0,0,0,0,0,0,0,76.0851301605179,111.735483199628,148.582952560683,187.414635089207,229.320126035711,275.983877419495,330.376178778622,398.81411396461,500.249443372189,588.229464179012,690.525251814308
41,0,0,0,0,0,0,0,0,0,0,0,83.9703332262007,127.63292027415,172.761669397861,220.320573422177,271.644108542055,328.795298729236,395.411990862013,479.231000989681,603.463400459531,711.216479727612,836.502720998904
41,0,0,0,0,0,0,0,0,0,0,0,90.6178669106298,141.035079681928,193.145270591459,248.061562673064,307.324876307513,373.317386385667,450.239716656429,547.025572777264,690.476791329245,814.89932997212,959.567420219594
