"means","lower.10.","lower.20.","lower.30.","lower.40.","lower.50.","lower.60.","lower.70.","lower.80.","lower.90.","lower.95.","lower.98.","upper.10.","upper.20.","upper.30.","upper.40.","upper.50.","upper.60.","upper.70.","upper.80.","upper.90.","upper.95.","upper.98."
36,25.7140974250594,15.2624885399034,4.45992123441195,0,0,0,0,0,0,0,0,46.2859025749406,56.7375114600966,67.540078765588,78.9243575606799,91.209784328623,104.890189626221,120.836372811152,140.900312449756,170.638093417645,196.431183493696,226.421224876742
36,21.4535370772706,6.67273004326396,0,0,0,0,0,0,0,0,0,50.5464629227294,65.327269956736,80.6044071486103,96.7042086184655,114.078425773232,133.425440483855,155.976749012072,184.35144456362,226.407017723289,262.883955524352,305.296278784385
36,18.1842941384993,0.0815765285709134,0,0,0,0,0,0,0,0,0,53.8157058615007,71.9184234714291,90.6290188967228,110.347168177351,131.626151532095,155.321308575668,182.940908038771,217.692670892827,269.200018433566,313.874960929487,365.819236326015
36,15.4281948501188,0,0,0,0,0,0,0,0,0,0,56.5718051498812,77.4750229201931,99.0801575311761,121.84871512136,146.419568657246,173.780379252441,205.672745622305,245.800624899511,305.27618683529,356.862366987392,416.842449753483
