"means","lower.10.","lower.20.","lower.30.","lower.40.","lower.50.","lower.60.","lower.70.","lower.80.","lower.90.","lower.95.","lower.98.","upper.10.","upper.20.","upper.30.","upper.40.","upper.50.","upper.60.","upper.70.","upper.80.","upper.90.","upper.95.","upper.98."
5.33333333333333,4.32412328134895,3.29865481424464,2.238751764171,1.12177359809445,0,0,0,0,0,0,0,6.34254338531771,7.36801185242202,8.42791490249566,9.54489306857221,10.7502881320383,12.092552696666,13.6571259797364,15.6257164284753,18.5434640211484,21.0741749224851,24.0166732596689
5.33333333333333,4.32412328134895,3.29865481424464,2.238751764171,1.12177359809445,0,0,0,0,0,0,0,6.34254338531771,7.36801185242202,8.42791490249566,9.54489306857221,10.7502881320383,12.092552696666,13.6571259797364,15.6257164284753,18.5434640211484,21.0741749224851,24.0166732596689
5.33333333333333,4.32412328134895,3.29865481424464,2.238751764171,1.12177359809445,0,0,0,0,0,0,0,6.34254338531771,7.36801185242202,8.42791490249566,9.54489306857221,10.7502881320383,12.092552696666,13.6571259797364,15.6257164284753,18.5434640211484,21.0741749224851,24.0166732596689
5.33333333333333,4.32412328134895,3.29865481424464,2.238751764171,1.12177359809445,0,0,0,0,0,0,0,6.34254338531771,7.36801185242202,8.42791490249566,9.54489306857221,10.7502881320383,12.092552696666,13.6571259797364,15.6257164284753,18.5434640211484,21.0741749224851,24.0166732596689
