"means","lower.10.","lower.20.","lower.30.","lower.40.","lower.50.","lower.60.","lower.70.","lower.80.","lower.90.","lower.95.","lower.98.","upper.10.","upper.20.","upper.30.","upper.40.","upper.50.","upper.60.","upper.70.","upper.80.","upper.90.","upper.95.","upper.98."
55.6666666666667,51.5141342694388,47.2947044058408,42.9335887543495,38.3376297540315,33.3778673709089,27.854936758686,21.4172866054673,13.3172527233356,1.3117823242988,0,0,59.8191990638945,64.0386289274926,68.3997445789838,72.9957035793019,77.9554659624245,83.4783965746473,89.916046727866,98.0160806099977,110.021551009035,120.434506156633,132.54181686952
55.6666666666667,51.5141342694388,47.2947044058408,42.9335887543495,38.3376297540315,33.3778673709089,27.854936758686,21.4172866054673,13.3172527233356,1.3117823242988,0,0,59.8191990638945,64.0386289274926,68.3997445789838,72.9957035793019,77.9554659624245,83.4783965746473,89.916046727866,98.0160806099977,110.021551009035,120.434506156633,132.54181686952
