"means","lower.10.","lower.20.","lower.30.","lower.40.","lower.50.","lower.60.","lower.70.","lower.80.","lower.90.","lower.95.","lower.98.","upper.10.","upper.20.","upper.30.","upper.40.","upper.50.","upper.60.","upper.70.","upper.80.","upper.90.","upper.95.","upper.98."
2.66666666667986,2.25947736428965,1.8457282256219,1.41808565239135,0.967414794193384,0.481070079302509,0,0,0,0,0,0,3.07385596907007,3.48760510773781,3.91524768096837,4.36591853916633,4.85226325405721,5.39383115720996,6.02509469092046,6.81936836064646,7.99660158823395,9.01767584769104,10.2048953396554
