"means","lower.10.","lower.20.","lower.30.","lower.40.","lower.50.","lower.60.","lower.70.","lower.80.","lower.90.","lower.95.","lower.98.","upper.10.","upper.20.","upper.30.","upper.40.","upper.50.","upper.60.","upper.70.","upper.80.","upper.90.","upper.95.","upper.98."
195.324209372012,181.085290320813,166.616981702658,151.662836425921,135.903419783719,118.896531376634,99.9585546457773,77.8840298394661,50.1092370800806,8.94281022750135,0,0,209.563128423211,224.031437041366,238.985582318103,254.744998960305,271.75188736739,290.689864098247,312.764388904558,340.539181663943,381.705608516523,417.411344498111,458.926978977834
120.665424907807,98.9971573666996,76.9798131512954,54.2231404333871,30.2410351298052,4.36057280528067,0,0,0,0,0,0,142.333692448915,164.351036664319,187.107709382228,211.08981468581,236.970277010334,265.789399095092,299.38160561204,341.648271940095,404.293838471218,458.629524854384,521.806502812536
0,0,0,0,0,0,0,0,0,0,0,0,34.2575879477618,70.8676912818203,108.70713874611,148.584216777989,191.617853839954,239.537849421513,295.394456820333,365.674823367614,469.84091359572,560.189462165123,665.239175189244
