"means","lower.10.","lower.20.","lower.30.","lower.40.","lower.50.","lower.60.","lower.70.","lower.80.","lower.90.","lower.95.","lower.98.","upper.10.","upper.20.","upper.30.","upper.40.","upper.50.","upper.60.","upper.70.","upper.80.","upper.90.","upper.95.","upper.98."
1373.12490287796,1298.67683055735,1223.02939675367,1144.84176993647,1062.44378834175,973.523410781716,874.506353644486,759.089880433682,613.869602643931,398.631275037584,211.944125187238,0,1447.57297519858,1523.22040900225,1601.40803581945,1683.80601741417,1772.72639497421,1871.74345211144,1987.15992532224,2132.38020311199,2347.61853071834,2534.30568056869,2751.36983741018
