"means","lower.10.","lower.20.","lower.30.","lower.40.","lower.50.","lower.60.","lower.70.","lower.80.","lower.90.","lower.95.","lower.98.","upper.10.","upper.20.","upper.30.","upper.40.","upper.50.","upper.60.","upper.70.","upper.80.","upper.90.","upper.95.","upper.98."
4686,4654.7926136558,4623.08247504414,4590.30753002055,4555.76767471665,4518.49374014871,4476.9874464271,4428.6067918621,4367.73288105781,4277.50857522539,4199.25244542546,4108.26278252516,4717.2073863442,4748.91752495586,4781.69246997945,4816.23232528335,4853.50625985129,4895.0125535729,4943.3932081379,5004.26711894219,5094.49142477461,5172.74755457454,5263.73721747484
