"means","lower.10.","lower.20.","lower.30.","lower.40.","lower.50.","lower.60.","lower.70.","lower.80.","lower.90.","lower.95.","lower.98.","upper.10.","upper.20.","upper.30.","upper.40.","upper.50.","upper.60.","upper.70.","upper.80.","upper.90.","upper.95.","upper.98."
22.1111111112893,19.5904775779216,17.0292365354728,14.3819906376727,11.5921922048132,8.58156105626874,5.22908050417832,1.32135497670855,0,0,0,0,24.6317446446569,27.1929856871057,29.8402315849058,32.6300300177653,35.6406611663098,38.9931417184002,42.90086724587,47.8176782593964,55.1051328477982,61.4259128961395,68.7751856922242
