"means","lower.10.","lower.20.","lower.30.","lower.40.","lower.50.","lower.60.","lower.70.","lower.80.","lower.90.","lower.95.","lower.98.","upper.10.","upper.20.","upper.30.","upper.40.","upper.50.","upper.60.","upper.70.","upper.80.","upper.90.","upper.95.","upper.98."
7631.36215851513,7581.45108598206,7530.73594403379,7478.31781967383,7423.07701211818,7363.46349526373,7297.081017293,7219.70413181601,7122.34634145146,6978.04743019434,6852.88964454955,6707.36667076741,7681.27323104819,7731.98837299646,7784.40649735643,7839.64730491207,7899.26082176652,7965.64329973725,8043.02018521424,8140.3779755788,8284.67688683591,8409.8346724807,8555.35764626284
