"means","lower.10.","lower.20.","lower.30.","lower.40.","lower.50.","lower.60.","lower.70.","lower.80.","lower.90.","lower.95.","lower.98.","upper.10.","upper.20.","upper.30.","upper.40.","upper.50.","upper.60.","upper.70.","upper.80.","upper.90.","upper.95.","upper.98."
99.4444444444445,86.9433332081671,74.2408285597451,61.1117818339548,47.2757441575959,32.3444840671723,15.717817896011,0,0,0,0,0,111.945555680722,124.648060329144,137.777107054934,151.613144731293,166.544404821717,183.171070992878,202.551481057674,226.936462291232,263.078677822743,294.426659763929,330.875463413246
99.4444444444445,86.9433332081671,74.2408285597451,61.1117818339548,47.2757441575959,32.3444840671723,15.717817896011,0,0,0,0,0,111.945555680722,124.648060329144,137.777107054934,151.613144731293,166.544404821717,183.171070992878,202.551481057674,226.936462291232,263.078677822743,294.426659763929,330.875463413246
