"means","lower.10.","lower.20.","lower.30.","lower.40.","lower.50.","lower.60.","lower.70.","lower.80.","lower.90.","lower.95.","lower.98.","upper.10.","upper.20.","upper.30.","upper.40.","upper.50.","upper.60.","upper.70.","upper.80.","upper.90.","upper.95.","upper.98."
1100.96155267415,1061.84757430696,1022.10346815217,981.024780033293,937.734030264564,891.016504667565,838.994324507288,778.356119975366,702.059412392613,588.976198450839,490.893374905966,376.850895761219,1140.07553104134,1179.81963719614,1220.89832531501,1264.18907508374,1310.90660068074,1362.92878084102,1423.56698537294,1499.86369295569,1612.94690689746,1711.02973044234,1825.07220958708
344.902344222318,304.949688150347,264.353393158724,222.393900240514,178.174914885176,130.455677143917,77.3180430084669,15.3796406362376,0,0,0,0,384.855000294289,425.451295285912,467.410788204122,511.62977355946,559.349011300718,612.486645436169,674.425047808398,752.357701164734,867.865633181146,968.051538047914,1084.5393037283
