"means","lower.10.","lower.20.","lower.30.","lower.40.","lower.50.","lower.60.","lower.70.","lower.80.","lower.90.","lower.95.","lower.98.","upper.10.","upper.20.","upper.30.","upper.40.","upper.50.","upper.60.","upper.70.","upper.80.","upper.90.","upper.95.","upper.98."
181,173.023436811042,164.918370863614,156.541141924547,147.712804449234,138.185640235512,127.576691092566,115.210665177914,99.6513808875246,76.5901777250865,56.588023190652,33.3311958594153,188.976563188958,197.081629136386,205.458858075453,214.287195550766,223.814359764488,234.423308907434,246.789334822086,262.348619112475,285.409822274914,305.411976809348,328.668804140585
