"means","lower.10.","lower.20.","lower.30.","lower.40.","lower.50.","lower.60.","lower.70.","lower.80.","lower.90.","lower.95.","lower.98.","upper.10.","upper.20.","upper.30.","upper.40.","upper.50.","upper.60.","upper.70.","upper.80.","upper.90.","upper.95.","upper.98."
1.20000000000284,0.996513099358388,0.789748016440935,0.576039892726738,0.350823720280248,0.10778005951355,0,0,0,0,0,0,1.4034869006473,1.61025198356475,1.82396010727895,2.04917627972544,2.29221994049214,2.56286058221377,2.87832530393064,3.27525195786605,3.86355705186354,4.37382398462702,4.96711956824479
1.20000000000284,0.996513099358388,0.789748016440935,0.576039892726738,0.350823720280248,0.10778005951355,0,0,0,0,0,0,1.4034869006473,1.61025198356475,1.82396010727895,2.04917627972544,2.29221994049214,2.56286058221377,2.87832530393064,3.27525195786605,3.86355705186354,4.37382398462702,4.96711956824479
1.20000000000284,0.996513099358388,0.789748016440935,0.576039892726738,0.350823720280248,0.10778005951355,0,0,0,0,0,0,1.4034869006473,1.61025198356475,1.82396010727895,2.04917627972544,2.29221994049214,2.56286058221377,2.87832530393064,3.27525195786605,3.86355705186354,4.37382398462702,4.96711956824479
