"means","lower.10.","lower.20.","lower.30.","lower.40.","lower.50.","lower.60.","lower.70.","lower.80.","lower.90.","lower.95.","lower.98.","upper.10.","upper.20.","upper.30.","upper.40.","upper.50.","upper.60.","upper.70.","upper.80.","upper.90.","upper.95.","upper.98."
27,25.0245722523236,23.0173202830215,20.942666061291,18.7562930079531,16.3968527203727,13.769504072314,10.7070083405549,6.8536894119503,1.14249029740574,0,0,28.9754277476764,30.9826797169785,33.057333938709,35.2437069920469,37.6031472796273,40.230495927686,43.2929916594451,47.1463105880497,52.8575097025943,57.8111232006147,63.5707694222662
27,24.2063232877479,21.3676403296608,18.4336361920548,15.3416377676173,12.0048853133117,8.28925322214446,3.95823022358105,0,0,0,0,29.7936767122521,32.6323596703392,35.5663638079452,38.6583622323827,41.9951146866883,45.7107467778555,50.041769776419,55.4911856654006,63.5680409106027,70.5735083022577,78.7188781033882
27,23.5784587743431,20.1017963799193,16.5083898597446,12.7214806470639,8.63481019154982,4.08410884391473,0,0,0,0,0,30.4215412256569,33.8982036200807,37.4916101402554,41.2785193529361,45.3651898084502,49.9158911560853,55.2202893614548,61.8944335235649,71.7865205620985,80.3664308217289,90.3424307112514
