"means","lower.10.","lower.20.","lower.30.","lower.40.","lower.50.","lower.60.","lower.70.","lower.80.","lower.90.","lower.95.","lower.98.","upper.10.","upper.20.","upper.30.","upper.40.","upper.50.","upper.60.","upper.70.","upper.80.","upper.90.","upper.95.","upper.98."
619,563.388073984781,506.880237572121,448.474903728981,386.924479206034,320.501893583965,246.537194645272,160.322304600907,51.8442863981854,0,0,0,674.611926015219,731.119762427879,789.525096271019,851.075520793966,917.498106416035,991.462805354728,1077.67769539909,1186.15571360181,1346.93647766156,1486.38981260835,1648.53445187905
