"means","lower.10.","lower.20.","lower.30.","lower.40.","lower.50.","lower.60.","lower.70.","lower.80.","lower.90.","lower.95.","lower.98.","upper.10.","upper.20.","upper.30.","upper.40.","upper.50.","upper.60.","upper.70.","upper.80.","upper.90.","upper.95.","upper.98."
342,313.187704542872,283.911241830197,253.651694004066,221.762688462674,187.349437581097,149.028650801729,104.36109362915,48.1591072026197,0,0,0,370.812295457128,400.088758169803,430.348305995934,462.237311537326,496.650562418903,534.971349198271,579.63890637085,635.84089279738,719.140702925238,791.390865379047,875.397293284067
