"means","lower.10.","lower.20.","lower.30.","lower.40.","lower.50.","lower.60.","lower.70.","lower.80.","lower.90.","lower.95.","lower.98.","upper.10.","upper.20.","upper.30.","upper.40.","upper.50.","upper.60.","upper.70.","upper.80.","upper.90.","upper.95.","upper.98."
25,22.2118438862033,19.3787704636381,16.4505642262112,13.3646759152494,10.0345172340761,6.3262276219772,2.00376317951713,0,0,0,0,27.7881561137967,30.6212295363619,33.5494357737888,36.6353240847506,39.9654827659239,43.6737723780228,47.9962368204829,53.434884091604,61.4957786229569,68.4874024756324,76.6166761709587
25,21.0569518098553,17.0503809524648,12.9092719780702,8.54516687673945,3.83561130496956,0,0,0,0,0,0,28.9430481901447,32.9496190475352,37.0907280219298,41.4548331232606,46.1643886950304,51.4087021576679,57.5215899950704,65.2129987268534,76.6128250979518,86.5004743734167,97.9970034855899
25,20.1707719514704,15.2637448420144,10.1919428637509,4.84702752268219,0,0,0,0,0,0,0,29.8292280485296,34.7362551579856,39.8080571362491,45.1529724773178,50.9209765103767,57.3439225277118,64.8306505559625,74.2506639539902,88.2125428367475,100.322390576992,114.40270564593
25,19.4236877724066,13.7575409272762,7.90112845242249,1.72935183049889,0,0,0,0,0,0,0,30.5763122275934,36.2424590727238,42.0988715475775,48.2706481695011,54.9309655318479,62.3475447560456,70.9924736409657,81.8697681832081,97.9915572459139,111.974804951265,128.233352341917
