"means","lower.10.","lower.20.","lower.30.","lower.40.","lower.50.","lower.60.","lower.70.","lower.80.","lower.90.","lower.95.","lower.98.","upper.10.","upper.20.","upper.30.","upper.40.","upper.50.","upper.60.","upper.70.","upper.80.","upper.90.","upper.95.","upper.98."
3552,3508.65258951259,3464.60685047337,3419.0820833567,3371.10583601831,3319.33192184374,3261.67921322157,3194.47794010154,3109.9233936072,2984.60081844105,2875.90217433867,2749.51650960058,3595.34741048741,3639.39314952663,3684.9179166433,3732.89416398169,3784.66807815626,3842.32078677843,3909.52205989846,3994.0766063928,4119.39918155895,4228.09782566133,4354.48349039942
