"means","lower.10.","lower.20.","lower.30.","lower.40.","lower.50.","lower.60.","lower.70.","lower.80.","lower.90.","lower.95.","lower.98.","upper.10.","upper.20.","upper.30.","upper.40.","upper.50.","upper.60.","upper.70.","upper.80.","upper.90.","upper.95.","upper.98."
338,309.132707523356,279.800361786937,249.483054420447,217.533179023589,183.05423999741,144.660306354007,99.9074875778461,43.5982225851601,0,0,0,366.867292476644,396.199638213063,426.516945579554,458.466820976411,492.94576000259,531.339693645993,576.092512422154,632.40177741484,715.860590538139,788.248664377744,872.415444072915
