"means","lower.10.","lower.20.","lower.30.","lower.40.","lower.50.","lower.60.","lower.70.","lower.80.","lower.90.","lower.95.","lower.98.","upper.10.","upper.20.","upper.30.","upper.40.","upper.50.","upper.60.","upper.70.","upper.80.","upper.90.","upper.95.","upper.98."
2,1.78693070407787,1.5704288531038,1.34665700681584,1.11083518663246,0.856346364433636,0.57296099271235,0.242640731645876,0,0,0,0,2.21306929592213,2.4295711468962,2.65334299318416,2.88916481336754,3.14365363556636,3.42703900728765,3.75735926835412,4.17297758294291,4.78898653373265,5.32328243067702,5.94451687807775
2,1.69867451198164,1.39249465805523,1.07603347815753,0.742531061750686,0.382629517924751,0,0,0,0,0,0,2.30132548801836,2.60750534194477,2.92396652184247,3.25746893824931,3.61737048207525,4.01813791814163,4.48528131126846,5.07305436853057,5.94422258128064,6.69983108505966,7.57838926598713
