"means","lower.10.","lower.20.","lower.30.","lower.40.","lower.50.","lower.60.","lower.70.","lower.80.","lower.90.","lower.95.","lower.98.","upper.10.","upper.20.","upper.30.","upper.40.","upper.50.","upper.60.","upper.70.","upper.80.","upper.90.","upper.95.","upper.98."
3092.76441493683,3078.90114015088,3064.81452744241,3050.25489518276,3034.91123583674,3018.35301492168,2999.91465071961,2978.4224853341,2951.38043370352,2911.30003958365,2876.5362750333,2836.11588591275,3106.62768972278,3120.71430243124,3135.27393469089,3150.61759403691,3167.17581495197,3185.61417915404,3207.10634453955,3234.14839617013,3274.22879029,3308.99255484035,3349.4129439609
