"means","lower.10.","lower.20.","lower.30.","lower.40.","lower.50.","lower.60.","lower.70.","lower.80.","lower.90.","lower.95.","lower.98.","upper.10.","upper.20.","upper.30.","upper.40.","upper.50.","upper.60.","upper.70.","upper.80.","upper.90.","upper.95.","upper.98."
3552,3508.65258951259,3464.60685047337,3419.0820833567,3371.10583601831,3319.33192184374,3261.67921322157,3194.47794010154,3109.9233936072,2984.60081844105,2875.90217433867,2749.51650960058,3595.34741048741,3639.39314952663,3684.9179166433,3732.89416398169,3784.66807815626,3842.32078677843,3909.52205989846,3994.0766063928,4119.39918155895,4228.09782566133,4354.48349039942
3240,3143.07224350157,3044.58297689066,2942.78650295793,2835.50835260395,2719.73836104837,2590.82298548221,2440.55637061129,2251.48665684328,1971.25685965645,1728.19930238147,1445.59236464559,3336.92775649843,3435.41702310934,3537.21349704207,3644.49164739605,3760.26163895163,3889.17701451779,4039.44362938871,4228.51334315672,4508.74314034355,4751.80069761853,5034.40763535441
2928,2765.80884135228,2601.00477652026,2430.66669535699,2251.15601511362,2057.43576670013,1841.71908361647,1590.2749436463,1273.90080017043,804.986661070478,398.273576432493,0,3090.19115864772,3254.99522347974,3425.33330464301,3604.84398488638,3798.56423329987,4014.28091638353,4265.7250563537,4582.09919982957,5051.01333892952,5457.72642356751,5930.61827961714
