"means","lower.10.","lower.20.","lower.30.","lower.40.","lower.50.","lower.60.","lower.70.","lower.80.","lower.90.","lower.95.","lower.98.","upper.10.","upper.20.","upper.30.","upper.40.","upper.50.","upper.60.","upper.70.","upper.80.","upper.90.","upper.95.","upper.98."
952.499999999218,938.505784394258,924.286121404845,909.588971119907,894.100388488994,877.38577256327,858.773255100366,837.078092819732,809.780624742251,769.321664972246,734.22955117741,693.427385100269,966.494215604178,980.713878593591,995.411028878529,1010.89961150944,1027.61422743517,1046.22674489807,1067.9219071787,1095.21937525618,1135.67833502619,1170.77044882103,1211.57261489817
1038.99999999844,1019.20919049513,999.099550243126,978.314640981931,956.410477363357,932.772440831341,906.450366205396,875.768773470239,837.164323896619,779.94671427037,730.318971009372,672.615994368881,1058.79080950174,1078.90044975375,1099.68535901494,1121.58952263352,1145.22755916553,1171.54963379148,1202.23122652663,1240.83567610025,1298.0532857265,1347.6810289875,1405.38400562799
