"means","lower.10.","lower.20.","lower.30.","lower.40.","lower.50.","lower.60.","lower.70.","lower.80.","lower.90.","lower.95.","lower.98.","upper.10.","upper.20.","upper.30.","upper.40.","upper.50.","upper.60.","upper.70.","upper.80.","upper.90.","upper.95.","upper.98."
312,291.128450819054,269.920660129106,248.000725232352,224.900415557999,199.971549361975,172.212074692273,139.855016654068,99.1424491492128,38.800291182868,0,0,332.871549180946,354.079339870894,375.999274767648,399.099584442001,424.028450638025,451.787925307727,484.144983345932,524.857550850787,585.199708817132,637.537531786837,698.391561766646
312,282.483172080569,252.490826858874,221.491357641551,188.822586405061,153.56784573606,114.310020173816,68.5502298576928,10.973964733296,0,0,0,341.516827919431,371.509173141126,402.508642358449,435.177413594939,470.43215426394,509.689979826184,555.449770142307,613.026035266704,698.362733445568,772.379592514407,858.440187036913
312,275.849416385929,239.116445394652,201.150004454874,161.139094428318,117.961031601718,69.8802110823741,13.8361425767482,0,0,0,0,348.150583614071,384.883554605348,422.849995545126,462.860905571682,506.038968398282,554.119788917626,610.163857423252,680.680092848239,785.195776284296,875.84754482537,981.249816595719
312,270.256901638108,227.841320258211,184.001450464705,137.800831115998,87.9430987239496,32.4241493845466,0,0,0,0,0,353.743098361892,396.158679741789,439.998549535295,486.199168884002,536.05690127605,591.575850615453,656.289966691863,737.715101701574,858.399417634264,963.075063573673,1084.78312353329
