"means","lower.10.","lower.20.","lower.30.","lower.40.","lower.50.","lower.60.","lower.70.","lower.80.","lower.90.","lower.95.","lower.98.","upper.10.","upper.20.","upper.30.","upper.40.","upper.50.","upper.60.","upper.70.","upper.80.","upper.90.","upper.95.","upper.98."
122,116.874926963739,111.667288791726,106.284781421429,100.612429397393,94.4910697006027,87.6746453951013,79.729270365837,69.7321743119134,54.9149720016284,42.0632587457895,27.1203646896986,127.125073036261,132.332711208274,137.715218578571,143.387570602607,149.508930299397,156.325354604899,164.270729634163,174.267825688087,189.085027998372,201.936741254211,216.879635310301
