"means","lower.10.","lower.20.","lower.30.","lower.40.","lower.50.","lower.60.","lower.70.","lower.80.","lower.90.","lower.95.","lower.98.","upper.10.","upper.20.","upper.30.","upper.40.","upper.50.","upper.60.","upper.70.","upper.80.","upper.90.","upper.95.","upper.98."
63,51.855504696472,40.5314711188349,28.8271836511121,16.4926276273121,3.18170231768078,0,0,0,0,0,0,74.144495303528,85.4685288811651,97.1728163488879,109.507372372688,122.818297682319,137.640644236609,154.917899423396,176.656631580692,208.87670735133,236.822817974266,269.316211034416
63,47.2393035959475,31.2247017296847,14.6723396549177,0,0,0,0,0,0,0,0,78.7606964040525,94.7752982703153,111.327660345082,128.771356759791,147.595847860407,168.557811383678,192.991539989412,223.734749835057,269.300817970582,308.822586629116,354.775183782301
63,43.6971679095768,24.0833664064933,3.81094584600581,0,0,0,0,0,0,0,0,82.3028320904232,101.916633593507,122.189054153994,143.553131876021,166.608330808057,192.281388127481,222.206471926327,259.859060514896,315.66586877336,364.069952246225,420.350159936712
