"means","lower.10.","lower.20.","lower.30.","lower.40.","lower.50.","lower.60.","lower.70.","lower.80.","lower.90.","lower.95.","lower.98.","upper.10.","upper.20.","upper.30.","upper.40.","upper.50.","upper.60.","upper.70.","upper.80.","upper.90.","upper.95.","upper.98."
32,27.1008173937714,22.1227087558373,16.9774383762971,11.5550984065164,5.70354102561731,0,0,0,0,0,0,36.8991826062286,41.8772912441627,47.0225616237029,52.4449015934836,58.2964589743827,64.8124456067503,72.4076238350259,81.9640923484789,96.1282182678381,108.413485150429,122.697762882347
