"means","lower.10.","lower.20.","lower.30.","lower.40.","lower.50.","lower.60.","lower.70.","lower.80.","lower.90.","lower.95.","lower.98.","upper.10.","upper.20.","upper.30.","upper.40.","upper.50.","upper.60.","upper.70.","upper.80.","upper.90.","upper.95.","upper.98."
238,223.793084870612,209.357295758754,194.436761972782,178.71276677909,161.744103684254,142.848692651283,120.823783364477,93.1114182579625,52.0375185910137,16.4120361440126,0,252.206915129388,266.642704241246,281.563238027218,297.28723322091,314.255896315746,333.151307348717,355.176216635523,382.888581742038,423.962481408986,459.587963855987,501.010286258084
238,217.908387944537,197.493099198989,176.392277961021,154.155190703412,130.157877219355,103.435730669914,72.2878052464754,33.0966026674078,0,0,0,258.091612055463,278.506900801011,299.607722038979,321.844809296588,345.842122780645,372.564269330086,403.712194753525,442.903397332592,500.990663301143,551.372703743777,609.952713869813
238,213.392901177082,188.389380987993,162.546258394642,135.311499821198,105.920913204423,73.1931012654204,35.0448393485765,0,0,0,0,262.607098822918,287.610619012007,313.453741605358,340.688500178802,370.079086795577,402.80689873458,440.955160651423,488.954385013805,560.096466101947,621.801611744306,693.547178712236
238,209.586169741225,180.714591517508,150.873523945565,119.42553355818,85.4882073685074,47.6973853025661,3.64756672895385,0,0,0,0,266.413830258775,295.285408482492,325.126476054435,356.57446644182,390.511792631493,428.302614697434,472.352433271046,527.777163484075,609.924962817973,681.175927711975,764.020572516169
