"means","lower.10.","lower.20.","lower.30.","lower.40.","lower.50.","lower.60.","lower.70.","lower.80.","lower.90.","lower.95.","lower.98.","upper.10.","upper.20.","upper.30.","upper.40.","upper.50.","upper.60.","upper.70.","upper.80.","upper.90.","upper.95.","upper.98."
237,233.062833941985,229.062239978113,224.927308597543,220.569713749599,215.86718376484,210.630693626501,204.526924829044,196.846989931778,185.464169511847,175.591270362854,164.111891460369,240.937166058015,244.937760021887,249.072691402457,253.430286250401,258.13281623516,263.369306373499,269.473075170956,277.153010068222,288.535830488153,298.408729637146,309.888108539631
