"means","lower.10.","lower.20.","lower.30.","lower.40.","lower.50.","lower.60.","lower.70.","lower.80.","lower.90.","lower.95.","lower.98.","upper.10.","upper.20.","upper.30.","upper.40.","upper.50.","upper.60.","upper.70.","upper.80.","upper.90.","upper.95.","upper.98."
4862,4776.67822815285,4689.98191907954,4600.37440274469,4505.94157772789,4404.03371187924,4290.55447064844,4158.28055558605,3991.84976667594,3745.17426644668,3531.22005769659,3282.45205217368,4947.32177184715,5034.01808092046,5123.62559725531,5218.05842227211,5319.96628812076,5433.44552935156,5565.71944441395,5732.15023332406,5978.82573355332,6192.77994230341,6441.54794782632
