"year","month","day","data","median","LB","UB"
2022,5,5,1,1,NA,NA
2022,5,12,19,19,NA,NA
2022,5,19,232,232,NA,NA
2022,5,26,477,477,NA,NA
2022,6,2,525,525,NA,NA
2022,6,9,881,881,NA,NA
2022,6,16,1433,1433,NA,NA
2022,6,23,1847,1847,NA,NA
2022,6,30,2514,2514,NA,NA
2022,7,7,3600,3181,2779.19645565772,3582.80354434228
2022,7,14,3927,3848,2949.53996125032,4746.46003874968
2022,7,21,5500,4515,3011.58880027977,6018.41119972023
2022,7,28,6239,5182,2981.23135078207,7382.76864921793
