"year","month","day","data","median","LB","UB"
2022,5,12,14,14,NA,NA
2022,5,19,14,14,NA,NA
2022,5,26,34,34,NA,NA
2022,6,2,82,82,NA,NA
2022,6,9,149,149,NA,NA
2022,6,16,268,268,NA,NA
2022,6,23,491,491,NA,NA
2022,6,30,1035,1035,NA,NA
2022,7,7,1701,1701,NA,NA
2022,7,14,2269,2367,2096.84776512128,2637.15223487872
2022,7,21,2709,3033,2428.92123853768,3637.07876146232
2022,7,28,3172,3699,2688.18289481254,4709.81710518746
