"year","month","day","data","median","LB","UB"
2022,9,1,71,71,NA,NA
2022,9,8,68,68,NA,NA
2022,9,15,33,33,NA,NA
2022,9,22,50,50,NA,NA
2022,9,29,19,19,NA,NA
2022,10,6,0,0,NA,NA
2022,10,13,32,32,NA,NA
2022,10,20,12,12,NA,NA
2022,10,27,3,3,NA,NA
2022,11,3,0,0,NA,NA
2022,11,10,9,0,0,43.1340782575816
2022,11,17,10,0,0,61.0007984723343
2022,11,24,5,0,0,74.7104150797833
2022,12,1,5,0,0,86.2681565151631
