"year","month","day","data","median","LB","UB"
2022,8,18,163,163,NA,NA
2022,8,25,117,117,NA,NA
2022,9,1,44,44,NA,NA
2022,9,8,37,37,NA,NA
2022,9,15,37,37,NA,NA
2022,9,22,30,30,NA,NA
2022,9,29,16,16,NA,NA
2022,10,6,20,20,NA,NA
2022,10,13,5,5,NA,NA
2022,10,20,6,0,0,36.8912036962578
2022,10,27,6,0,0,38.5316906444952
