"year","month","day","data","median","LB","UB"
2022,9,1,774,774,NA,NA
2022,9,8,836,836,NA,NA
2022,9,15,611,611,NA,NA
2022,9,22,451,451,NA,NA
2022,9,29,471,471,NA,NA
2022,10,6,312,312,NA,NA
2022,10,13,326,326,NA,NA
2022,10,20,205,205,NA,NA
2022,10,27,129,129,NA,NA
2022,11,3,294,294,NA,NA
2022,11,10,238,238,NA,NA
2022,11,17,154,238,0,483.367294792537
2022,11,24,102,238,0,585.001756058403
