"year","month","day","data","median","LB","UB"
2022,8,25,5596,5596,NA,NA
2022,9,1,4866,4866,NA,NA
2022,9,8,4176,4176,NA,NA
2022,9,15,3864,3864,NA,NA
2022,9,22,2900,2900,NA,NA
2022,9,29,3114,3114,NA,NA
2022,10,6,1821,1821,NA,NA
2022,10,13,2232,2232,NA,NA
2022,10,20,1340,1340,NA,NA
2022,10,27,1320,1320,NA,NA
2022,11,3,1111,438.516312981073,0,1018.73489393561
2022,11,10,1156,286.552743440371,0,873.539164936132
2022,11,17,707,0,0,291.11268084729
2022,11,24,938,0,0,59.4147535298497
