"year","month","day","data","median","LB","UB"
2022,7,28,265,265,NA,NA
2022,8,4,301,301,NA,NA
2022,8,11,162,162,NA,NA
2022,8,18,163,163,NA,NA
2022,8,25,117,117,NA,NA
2022,9,1,44,44,NA,NA
2022,9,8,37,37,NA,NA
2022,9,15,37,37,NA,NA
2022,9,22,30,30,NA,NA
2022,9,29,16,30,0,146.286065166783
2022,10,6,20,30,0,194.453330473866
2022,10,13,5,30,0,231.413373081133
2022,10,20,6,30,0,262.572130333566
