"year","month","day","data","median","LB","UB"
2022,9,22,784,784,NA,NA
2022,9,29,624,624,NA,NA
2022,10,6,533,533,NA,NA
2022,10,13,391,391,NA,NA
2022,10,20,326,326,NA,NA
2022,10,27,272,272,NA,NA
2022,11,3,232,232,NA,NA
2022,11,10,176,176,NA,NA
2022,11,17,143,143,NA,NA
2022,11,24,104,110,21.1194846547894,198.880515345211
2022,12,1,100,77,0,275.742874187104
