"year","month","day","data","median","LB","UB"
2022,5,12,0,0,NA,NA
2022,5,19,40,40,NA,NA
2022,5,26,102,102,NA,NA
2022,6,2,56,56,NA,NA
2022,6,9,115,115,NA,NA
2022,6,16,207,207,NA,NA
2022,6,23,280,280,NA,NA
2022,6,30,677,677,NA,NA
2022,7,7,970,970,NA,NA
2022,7,14,678,678,NA,NA
2022,7,21,613,678,289.531380530996,1066.468619469
2022,7,28,839,678,128.622409790582,1227.37759020942
2022,8,4,585,678,5.15261393354479,1350.84738606646
2022,8,11,630,678,0,1454.93723893801
