"year","month","day","data","median","LB","UB"
2022,9,8,1453,1453,NA,NA
2022,9,15,1445,1445,NA,NA
2022,9,22,1032,1032,NA,NA
2022,9,29,1289,1289,NA,NA
2022,10,6,405,405,NA,NA
2022,10,13,561,561,NA,NA
2022,10,20,360,360,NA,NA
2022,10,27,374,374,NA,NA
2022,11,3,260,260,NA,NA
2022,11,10,252,252,NA,NA
2022,11,17,66,252,0,936.003753133027
2022,11,24,431,252,0,1219.32738439482
2022,12,1,81,252,0,1436.7292529942
2022,12,8,0,252,0,1620.00750626605
