"year","month","day","data","median","LB","UB"
2022,5,5,0,0,NA,NA
2022,5,12,0,0,NA,NA
2022,5,19,10,10,NA,NA
2022,5,26,34,34,NA,NA
2022,6,2,69,69,NA,NA
2022,6,9,150,150,NA,NA
2022,6,16,258,258,NA,NA
2022,6,23,353,353,NA,NA
2022,6,30,430,430,NA,NA
2022,7,7,390,390,NA,NA
2022,7,14,416,433.333333333369,335.875610007565,530.791056659172
