"year","month","day","data","median","LB","UB"
2022,7,21,349,349,NA,NA
2022,7,28,265,265,NA,NA
2022,8,4,301,301,NA,NA
2022,8,11,162,162,NA,NA
2022,8,18,163,163,NA,NA
2022,8,25,117,117,NA,NA
2022,9,1,44,44,NA,NA
2022,9,8,37,37,NA,NA
2022,9,15,37,37,NA,NA
2022,9,22,30,30,NA,NA
2022,9,29,16,16,NA,NA
2022,10,6,20,0,0,84.593511919104
2022,10,13,5,0,0,93.4991864735222
2022,10,20,6,0,0,92.5847396048651
2022,10,27,6,0,0,86.5870238371859
