"year","month","day","data","median","LB","UB"
2022,10,20,12,12,NA,NA
2022,10,27,3,3,NA,NA
2022,11,3,0,0,NA,NA
2022,11,10,9,9,NA,NA
2022,11,17,10,10,NA,NA
2022,11,24,5,5,NA,NA
2022,12,1,5,5,NA,NA
2022,12,8,0,0,NA,NA
2022,12,15,0,0,NA,NA
2022,12,22,0,0,NA,NA
2022,12,29,0,4.4,0,13.4148874366557
2023,1,5,0,4.4,0,13.4148874366557
2023,1,12,5,4.4,0,13.4148874366557
