"year","month","day","data","median","LB","UB"
2022,7,21,655,655,NA,NA
2022,7,28,487,487,NA,NA
2022,8,4,369,369,NA,NA
2022,8,11,326,326,NA,NA
2022,8,18,140,140,NA,NA
2022,8,25,658,658,NA,NA
2022,9,1,173,173,NA,NA
2022,9,8,113,113,NA,NA
2022,9,15,110,110,NA,NA
2022,9,22,27,27,NA,NA
2022,9,29,29,27,0,529.947291647204
2022,10,6,44,27,0,738.274881006293
2022,10,13,41,27,0,898.13026266212
2022,10,20,10,27,0,1032.89458329441
