"year","month","day","data","median","LB","UB"
2022,6,23,283,283,NA,NA
2022,6,30,275,275,NA,NA
2022,7,7,384,384,NA,NA
2022,7,14,402,402,NA,NA
2022,7,21,295,295,NA,NA
2022,7,28,327,327,NA,NA
2022,8,4,258,258,NA,NA
2022,8,11,38,38,NA,NA
2022,8,18,285,285,NA,NA
2022,8,25,73,73,NA,NA
2022,9,1,71,73,0,353.134007732773
2022,9,8,68,73,0,469.169313017617
2022,9,15,33,73,0,558.206334321056
2022,9,22,50,73,0,633.268015465546
