"year","month","day","data","median","LB","UB"
2022,9,1,206,206,NA,NA
2022,9,8,198,198,NA,NA
2022,9,15,136,136,NA,NA
2022,9,22,66,66,NA,NA
2022,9,29,60,60,NA,NA
2022,10,6,30,30,NA,NA
2022,10,13,38,38,NA,NA
2022,10,20,40,40,NA,NA
2022,10,27,0,0,NA,NA
2022,11,3,19,19,NA,NA
2022,11,10,56,56,NA,NA
2022,11,17,13,56,0,127.052526230633
2022,11,24,3,56,0,156.483446236231
2022,12,1,0,56,0,179.066585437577
2022,12,8,8,56,0,198.105052461266
