"year","month","day","data","median","LB","UB"
2022,6,2,82,82,NA,NA
2022,6,9,149,149,NA,NA
2022,6,16,268,268,NA,NA
2022,6,23,491,491,NA,NA
2022,6,30,1035,1035,NA,NA
2022,7,7,1701,1701,NA,NA
2022,7,14,2269,2269,NA,NA
2022,7,21,2709,2709,NA,NA
2022,7,28,3172,3172,NA,NA
2022,8,4,3066,3635,3340.57452325761,3929.42547674239
2022,8,11,2621,4098,3439.64461969624,4756.35538030376
