"year","month","day","data","median","LB","UB"
2022,5,26,102,102,NA,NA
2022,6,2,56,56,NA,NA
2022,6,9,115,115,NA,NA
2022,6,16,207,207,NA,NA
2022,6,23,280,280,NA,NA
2022,6,30,677,677,NA,NA
2022,7,7,970,970,NA,NA
2022,7,14,678,678,NA,NA
2022,7,21,613,613,NA,NA
2022,7,28,839,839,NA,NA
2022,8,4,585,839,424.044250391383,1253.95574960862
2022,8,11,630,839,252.163951118799,1425.8360488812
2022,8,18,492,839,120.275558785045,1557.72444121495
2022,8,25,259,839,9.08850078276521,1668.91149921723
