"year","month","day","data","median","LB","UB"
2022,5,26,77,77,NA,NA
2022,6,2,35,35,NA,NA
2022,6,9,65,65,NA,NA
2022,6,16,58,58,NA,NA
2022,6,23,52,52,NA,NA
2022,6,30,88,88,NA,NA
2022,7,7,164,164,NA,NA
2022,7,14,142,142,NA,NA
2022,7,21,122,122,NA,NA
2022,7,28,154,154,NA,NA
2022,8,4,102,154,83.2449504872492,224.755049512751
2022,8,11,109,154,53.937249372688,254.062750627312
