"year","month","day","data","median","LB","UB"
2022,6,23,1847,1847,NA,NA
2022,6,30,2514,2514,NA,NA
2022,7,7,3600,3600,NA,NA
2022,7,14,3927,3927,NA,NA
2022,7,21,5500,5500,NA,NA
2022,7,28,6239,6239,NA,NA
2022,8,4,6815,6815,NA,NA
2022,8,11,6713,6713,NA,NA
2022,8,18,6330,6330,NA,NA
2022,8,25,5596,6890.37499998824,5666.74255257647,8114.00744740001
2022,9,1,4866,7450.74999997648,5720.27239748697,9181.22760246598
2022,9,8,4176,8011.12499996471,5891.73143125768,10130.5185686717
