"year","month","day","data","median","LB","UB"
2022,8,11,109,109,NA,NA
2022,8,18,60,60,NA,NA
2022,8,25,61,61,NA,NA
2022,9,1,32,32,NA,NA
2022,9,8,42,42,NA,NA
2022,9,15,26,26,NA,NA
2022,9,22,7,7,NA,NA
2022,9,29,15,15,NA,NA
2022,10,6,0,0,NA,NA
2022,10,13,25,25,NA,NA
2022,10,20,0,0,NA,NA
2022,10,27,8,0,0,45.9611006128041
2022,11,3,0,0,0,64.998811828222
2022,11,10,5,0,0,79.6069614331618
