"year","month","day","data","median","LB","UB"
2022,6,2,35,35,NA,NA
2022,6,9,65,65,NA,NA
2022,6,16,58,58,NA,NA
2022,6,23,52,52,NA,NA
2022,6,30,88,88,NA,NA
2022,7,7,164,164,NA,NA
2022,7,14,142,142,NA,NA
2022,7,21,122,122,NA,NA
2022,7,28,154,154,NA,NA
2022,8,4,102,154,84.8261774097048,223.173822590295
2022,8,11,109,154,56.1734419316141,251.826558068386
2022,8,18,60,154,34.1874247198529,273.812575280147
2022,8,25,61,154,15.6523548194096,292.34764518059
