"year","month","day","data","median","LB","UB"
2022,9,22,30,30,NA,NA
2022,9,29,16,16,NA,NA
2022,10,6,20,20,NA,NA
2022,10,13,5,5,NA,NA
2022,10,20,6,6,NA,NA
2022,10,27,6,6,NA,NA
2022,11,3,2,2,NA,NA
2022,11,10,1,1,NA,NA
2022,11,17,0,0,NA,NA
2022,11,24,0,0,NA,NA
2022,12,1,2,0,0,13.9511396569619
2022,12,8,2,0,0,19.7298909134366
2022,12,15,1,0,0,24.164082709347
