"year","month","day","data","median","LB","UB"
2022,8,18,60,60,NA,NA
2022,8,25,61,61,NA,NA
2022,9,1,32,32,NA,NA
2022,9,8,42,42,NA,NA
2022,9,15,26,26,NA,NA
2022,9,22,7,7,NA,NA
2022,9,29,15,15,NA,NA
2022,10,6,0,0,NA,NA
2022,10,13,25,25,NA,NA
2022,10,20,0,0,NA,NA
2022,10,27,8,0,0,36.3636773225218
2022,11,3,0,0,0,51.4260056472692
2022,11,10,5,0,0,62.9837366726479
2022,11,17,0,0,0,72.7273546450435
