"year","month","day","data","median","LB","UB"
2022,5,19,14,14,NA,NA
2022,5,26,34,34,NA,NA
2022,6,2,82,82,NA,NA
2022,6,9,149,149,NA,NA
2022,6,16,268,268,NA,NA
2022,6,23,491,491,NA,NA
2022,6,30,1035,1035,NA,NA
2022,7,7,1701,1701,NA,NA
2022,7,14,2269,2269,NA,NA
2022,7,21,2709,2709,NA,NA
2022,7,28,3172,3172,NA,NA
2022,8,4,3066,3635,3374.40175848658,3895.59824151342
2022,8,11,2621,4098,3515.28461715909,4680.71538284091
2022,8,18,2441,4561,3585.93066466101,5536.06933533899
