"year","month","day","data","median","LB","UB"
2022,7,14,402,402,NA,NA
2022,7,21,295,295,NA,NA
2022,7,28,327,327,NA,NA
2022,8,4,258,258,NA,NA
2022,8,11,38,38,NA,NA
2022,8,18,285,285,NA,NA
2022,8,25,73,73,NA,NA
2022,9,1,71,71,NA,NA
2022,9,8,68,68,NA,NA
2022,9,15,33,33,NA,NA
2022,9,22,50,50,NA,NA
2022,9,29,19,50,0,307.878057050326
2022,10,6,0,50,0,414.694645718994
