"year","month","day","data","median","LB","UB"
2022,5,12,0,0,NA,NA
2022,5,19,0,0,NA,NA
2022,5,26,77,77,NA,NA
2022,6,2,35,35,NA,NA
2022,6,9,65,65,NA,NA
2022,6,16,58,58,NA,NA
2022,6,23,52,52,NA,NA
2022,6,30,88,88,NA,NA
2022,7,7,164,164,NA,NA
2022,7,14,142,142,NA,NA
2022,7,21,122,142,58.7585556647622,225.241444335238
2022,7,28,154,142,24.2788204695817,259.721179530418
2022,8,4,102,142,0,286.178410884048
