"year","month","day","data","median","LB","UB"
2022,8,25,725,725,NA,NA
2022,9,1,774,774,NA,NA
2022,9,8,836,836,NA,NA
2022,9,15,611,611,NA,NA
2022,9,22,451,451,NA,NA
2022,9,29,471,471,NA,NA
2022,10,6,312,312,NA,NA
2022,10,13,326,326,NA,NA
2022,10,20,205,205,NA,NA
2022,10,27,129,129,NA,NA
2022,11,3,294,294,NA,NA
2022,11,10,238,294,49.2087952670463,538.791204732954
2022,11,17,154,294,0,640.187041682992
2022,11,24,102,294,0,717.990803843471
