"year","month","day","data","median","LB","UB"
2022,11,10,1156,1156,NA,NA
2022,11,17,707,707,NA,NA
2022,11,24,938,938,NA,NA
2022,12,1,564,564,NA,NA
2022,12,8,308,308,NA,NA
2022,12,15,477,477,NA,NA
2022,12,22,527,527,NA,NA
2022,12,29,349,349,NA,NA
2023,1,5,308,308,NA,NA
2023,1,12,338,338,NA,NA
2023,1,19,342,338,0,811.692356272643
2023,1,26,199,338,0,1007.90215463324
2023,2,2,260,338,0,1158.45922822123
