"year","month","day","data","median","LB","UB"
2022,9,8,198,198,NA,NA
2022,9,15,136,136,NA,NA
2022,9,22,66,66,NA,NA
2022,9,29,60,60,NA,NA
2022,10,6,30,30,NA,NA
2022,10,13,38,38,NA,NA
2022,10,20,40,40,NA,NA
2022,10,27,0,0,NA,NA
2022,11,3,19,19,NA,NA
2022,11,10,56,19,0,93.9831580523551
2022,11,17,13,19,0,125.042199067206
2022,11,24,3,19,0,148.874639458646
2022,12,1,0,19,0,168.96631610471
