"year","month","day","data","median","LB","UB"
2022,5,5,6,6,NA,NA
2022,5,12,14,14,NA,NA
2022,5,19,14,14,NA,NA
2022,5,26,34,34,NA,NA
2022,6,2,82,82,NA,NA
2022,6,9,149,149,NA,NA
2022,6,16,268,268,NA,NA
2022,6,23,491,491,NA,NA
2022,6,30,1035,1035,NA,NA
2022,7,7,1701,1701,NA,NA
2022,7,14,2269,2367,2114.23492568984,2619.76507431016
