"year","month","day","data","median","LB","UB"
2022,5,12,0,0,NA,NA
2022,5,19,40,40,NA,NA
2022,5,26,102,102,NA,NA
2022,6,2,56,56,NA,NA
2022,6,9,115,115,NA,NA
2022,6,16,207,207,NA,NA
2022,6,23,280,280,NA,NA
2022,6,30,677,677,NA,NA
2022,7,7,970,970,NA,NA
2022,7,14,678,1263,985.408709729104,1540.5912902709
2022,7,21,613,1556,935.287004992399,2176.7129950076
2022,7,28,839,1849,810.348498253791,2887.65150174621
