"year","month","day","data","median","LB","UB"
2022,8,4,863,863,NA,NA
2022,8,11,866,866,NA,NA
2022,8,18,1022,1022,NA,NA
2022,8,25,725,725,NA,NA
2022,9,1,774,774,NA,NA
2022,9,8,836,836,NA,NA
2022,9,15,611,611,NA,NA
2022,9,22,451,451,NA,NA
2022,9,29,471,471,NA,NA
2022,10,6,312,312,NA,NA
2022,10,13,326,312,5.07401724377326,618.925982756227
2022,10,20,205,312,0,746.058887458547
2022,10,27,129,312,0,843.611396296794
2022,11,3,294,312,0,925.851965512453
