"year","month","day","data","median","LB","UB"
2022,5,26,102,102,NA,NA
2022,6,2,56,56,NA,NA
2022,6,9,115,115,NA,NA
2022,6,16,207,207,NA,NA
2022,6,23,280,280,NA,NA
2022,6,30,677,677,NA,NA
2022,7,7,970,970,NA,NA
2022,7,14,678,678,NA,NA
2022,7,21,613,613,NA,NA
2022,7,28,839,613,201.677724212286,1024.32227578771
2022,8,4,585,613,31.3024590748486,1194.69754092515
2022,8,11,630,613,0,1325.43107994918
2022,8,18,492,613,0,1435.64455157543
