"year","month","day","data","median","LB","UB"
2022,10,13,5,5,NA,NA
2022,10,20,6,6,NA,NA
2022,10,27,6,6,NA,NA
2022,11,3,2,2,NA,NA
2022,11,10,1,1,NA,NA
2022,11,17,0,0,NA,NA
2022,11,24,0,0,NA,NA
2022,12,1,2,2,NA,NA
2022,12,8,2,2,NA,NA
2022,12,15,1,2,0,5.32328243067702
2022,12,22,0,2,0,6.69983108505966
2022,12,29,1,2,0,7.75609401783359
2023,1,5,0,2,0,8.64656486135404
