"year","month","day","data","median","LB","UB"
2022,5,12,0,0,NA,NA
2022,5,19,5,5,NA,NA
2022,5,26,12,12,NA,NA
2022,6,2,49,49,NA,NA
2022,6,9,59,59,NA,NA
2022,6,16,152,152,NA,NA
2022,6,23,163,163,NA,NA
2022,6,30,137,137,NA,NA
2022,7,7,144,144,NA,NA
2022,7,14,191,144,71.1971648364377,216.802835163562
2022,7,21,655,144,41.0412431324774,246.958756867523
2022,7,28,487,144,17.9017905616481,270.098209438352
