"year","month","day","data","median","LB","UB"
2022,9,15,136,136,NA,NA
2022,9,22,66,66,NA,NA
2022,9,29,60,60,NA,NA
2022,10,6,30,30,NA,NA
2022,10,13,38,38,NA,NA
2022,10,20,40,40,NA,NA
2022,10,27,0,0,NA,NA
2022,11,3,19,19,NA,NA
2022,11,10,56,56,NA,NA
2022,11,17,13,13,NA,NA
2022,11,24,3,13,0,81.7790012862989
2022,12,1,0,13,0,110.268196425561
2022,12,8,8,13,0,132.128724721715
