"year","month","day","data","median","LB","UB"
2022,5,19,10,10,NA,NA
2022,5,26,34,34,NA,NA
2022,6,2,69,69,NA,NA
2022,6,9,150,150,NA,NA
2022,6,16,258,258,NA,NA
2022,6,23,353,353,NA,NA
2022,6,30,430,430,NA,NA
2022,7,7,390,390,NA,NA
2022,7,14,416,416,NA,NA
2022,7,21,349,466.750000000037,371.157069947811,562.342930052263
2022,7,28,265,517.500000000074,382.311181853234,652.688818146914
2022,8,4,301,568.25000000011,402.678188305278,733.821811694943
