"year","month","day","data","median","LB","UB"
2022,9,29,1289,1289,NA,NA
2022,10,6,405,405,NA,NA
2022,10,13,561,561,NA,NA
2022,10,20,360,360,NA,NA
2022,10,27,374,374,NA,NA
2022,11,3,260,260,NA,NA
2022,11,10,252,252,NA,NA
2022,11,17,66,66,NA,NA
2022,11,24,431,431,NA,NA
2022,12,1,81,81,NA,NA
2022,12,8,0,0,NA,NA
2022,12,15,41,0,0,666.483630877461
2022,12,22,49,0,0,942.550189886569
2022,12,29,121,0,0,1154.38351109274
