"year","month","day","data","median","LB","UB"
2022,5,12,19,19,NA,NA
2022,5,19,232,232,NA,NA
2022,5,26,477,477,NA,NA
2022,6,2,525,525,NA,NA
2022,6,9,881,881,NA,NA
2022,6,16,1433,1433,NA,NA
2022,6,23,1847,1847,NA,NA
2022,6,30,2514,2514,NA,NA
2022,7,7,3600,3600,NA,NA
2022,7,14,3927,4686,4199.25244542546,5172.74755457454
2022,7,21,5500,5772,4683.59938008953,6860.40061991047
