"year","month","day","data","median","LB","UB"
2022,7,28,154,154,NA,NA
2022,8,4,102,102,NA,NA
2022,8,11,109,109,NA,NA
2022,8,18,60,60,NA,NA
2022,8,25,61,61,NA,NA
2022,9,1,32,32,NA,NA
2022,9,8,42,42,NA,NA
2022,9,15,26,26,NA,NA
2022,9,22,7,7,NA,NA
2022,9,29,15,0,0,23.7519338732184
2022,10,6,0,0,0,6.19095176245027
2022,10,13,25,0,0,0.981033083030489
2022,10,20,0,0,0,0
