"year","month","day","data","median","LB","UB"
2022,6,9,64,64,NA,NA
2022,6,16,86,86,NA,NA
2022,6,23,197,197,NA,NA
2022,6,30,303,303,NA,NA
2022,7,7,767,767,NA,NA
2022,7,14,1116,1116,NA,NA
2022,7,21,2315,2315,NA,NA
2022,7,28,2613,2613,NA,NA
2022,8,4,3215,3215,NA,NA
2022,8,11,3324,3324,NA,NA
2022,8,18,2916,3686.22222221787,2965.75760162887,4406.68684280686
2022,8,25,2386,4048.44444443574,3029.5536067888,5067.33528208268
2022,9,1,2153,4410.66666665361,3162.78533873763,5658.54799456958
