"year","month","day","data","median","LB","UB"
2022,8,4,6815,6815,NA,NA
2022,8,11,6713,6713,NA,NA
2022,8,18,6330,6330,NA,NA
2022,8,25,5596,5596,NA,NA
2022,9,1,4866,4866,NA,NA
2022,9,8,4176,4176,NA,NA
2022,9,15,3864,3864,NA,NA
2022,9,22,2900,2900,NA,NA
2022,9,29,3114,3114,NA,NA
2022,10,6,1821,1821,NA,NA
2022,10,13,2232,1876.17695763477,1209.38532290136,2542.96859236819
2022,10,20,1340,867.685350290612,186.207832985586,1549.16286759564
2022,10,27,1320,698.39427201442,0,1577.76603847886
