"year","month","day","data","median","LB","UB"
2022,5,5,1,1,NA,NA
2022,5,12,19,19,NA,NA
2022,5,19,232,232,NA,NA
2022,5,26,477,477,NA,NA
2022,6,2,525,525,NA,NA
2022,6,9,881,881,NA,NA
2022,6,16,1433,1433,NA,NA
2022,6,23,1847,1847,NA,NA
2022,6,30,2514,2514,NA,NA
2022,7,7,3600,3600,NA,NA
2022,7,14,3927,4686,4211.06145532527,5160.93854467473
2022,7,21,5500,5772,4710.00512897248,6833.99487102752
2022,7,28,6239,6858,5080.94268605413,8635.05731394587
