"year","month","day","data","median","LB","UB"
2022,7,7,767,767,NA,NA
2022,7,14,1116,1116,NA,NA
2022,7,21,2315,2315,NA,NA
2022,7,28,2613,2613,NA,NA
2022,8,4,3215,3215,NA,NA
2022,8,11,3324,3324,NA,NA
2022,8,18,2916,2916,NA,NA
2022,8,25,2386,2386,NA,NA
2022,9,1,2153,2153,NA,NA
2022,9,8,1453,1453,NA,NA
2022,9,15,1445,1373.12490287796,211.944125187238,2534.30568056869
2022,9,22,1032,1297.64074253518,0,2895.2992871779
2022,9,29,1289,1226.30613803448,0,3131.01899085199
