"year","month","day","data","median","LB","UB"
2022,8,4,585,585,NA,NA
2022,8,11,630,630,NA,NA
2022,8,18,492,492,NA,NA
2022,8,25,259,259,NA,NA
2022,9,1,206,206,NA,NA
2022,9,8,198,198,NA,NA
2022,9,15,136,136,NA,NA
2022,9,22,66,66,NA,NA
2022,9,29,60,60,NA,NA
2022,10,6,30,0,0,164.207076163364
2022,10,13,38,0,0,168.928825437246
