"year","month","day","data","median","LB","UB"
2022,6,2,125,125,NA,NA
2022,6,9,203,203,NA,NA
2022,6,16,269,269,NA,NA
2022,6,23,283,283,NA,NA
2022,6,30,275,275,NA,NA
2022,7,7,384,384,NA,NA
2022,7,14,402,402,NA,NA
2022,7,21,295,295,NA,NA
2022,7,28,327,327,NA,NA
2022,8,4,258,327,196.662366245656,457.337633754344
2022,8,11,38,327,142.674750656989,511.325249343011
2022,8,18,285,327,101.248596199172,552.751403800828
