"year","month","day","data","median","LB","UB"
2022,11,17,10,10,NA,NA
2022,11,24,5,5,NA,NA
2022,12,1,5,5,NA,NA
2022,12,8,0,0,NA,NA
2022,12,15,0,0,NA,NA
2022,12,22,0,0,NA,NA
2022,12,29,0,0,NA,NA
2023,1,5,0,0,NA,NA
2023,1,12,5,5,NA,NA
2023,1,19,0,2.77777777776299,0,9.89718189575417
2023,1,26,0,2.77777777776299,0,9.89718189575417
2023,2,2,0,2.77777777776299,0,9.89718189575417
