"year","month","day","data","median","LB","UB"
2022,6,16,269,269,NA,NA
2022,6,23,283,283,NA,NA
2022,6,30,275,275,NA,NA
2022,7,7,384,384,NA,NA
2022,7,14,402,402,NA,NA
2022,7,21,295,295,NA,NA
2022,7,28,327,327,NA,NA
2022,8,4,258,258,NA,NA
2022,8,11,38,38,NA,NA
2022,8,18,285,281.222222222222,76.4510564226698,485.993388021775
