"year","month","day","data","median","LB","UB"
2022,6,30,142,142,NA,NA
2022,7,7,179,179,NA,NA
2022,7,14,208,208,NA,NA
2022,7,21,386,386,NA,NA
2022,7,28,743,743,NA,NA
2022,8,4,863,863,NA,NA
2022,8,11,866,866,NA,NA
2022,8,18,1022,1022,NA,NA
2022,8,25,725,725,NA,NA
2022,9,1,774,774,NA,NA
2022,9,8,836,774,421.752537471913,1126.24746252809
2022,9,15,611,774,275.846861181271,1272.15313881873
2022,9,22,451,774,163.889498064139,1384.11050193586
2022,9,29,471,774,69.5050749438262,1478.49492505617
