"year","month","day","data","median","LB","UB"
2022,5,12,0,0,NA,NA
2022,5,19,5,5,NA,NA
2022,5,26,12,12,NA,NA
2022,6,2,49,49,NA,NA
2022,6,9,59,59,NA,NA
2022,6,16,152,152,NA,NA
2022,6,23,163,163,NA,NA
2022,6,30,137,137,NA,NA
2022,7,7,144,144,NA,NA
2022,7,14,191,191,NA,NA
2022,7,21,655,191,115.805581621346,266.194418378653
2022,7,28,487,191,84.6590337141515,297.340966285849
2022,8,4,369,191,60.7594469225811,321.240553077419
2022,8,11,326,191,40.611163242693,341.388836757307
