"year","month","day","data","median","LB","UB"
2022,7,28,743,743,NA,NA
2022,8,4,863,863,NA,NA
2022,8,11,866,866,NA,NA
2022,8,18,1022,1022,NA,NA
2022,8,25,725,725,NA,NA
2022,9,1,774,774,NA,NA
2022,9,8,836,836,NA,NA
2022,9,15,611,611,NA,NA
2022,9,22,451,451,NA,NA
2022,9,29,471,471,NA,NA
2022,10,6,312,471,171.735647097164,770.264352902836
2022,10,13,326,471,47.7762933900008,894.223706609999
2022,10,20,205,471,0,989.341064121935
