"year","month","day","data","median","LB","UB"
2022,7,28,327,327,NA,NA
2022,8,4,258,258,NA,NA
2022,8,11,38,38,NA,NA
2022,8,18,285,285,NA,NA
2022,8,25,73,73,NA,NA
2022,9,1,71,71,NA,NA
2022,9,8,68,68,NA,NA
2022,9,15,33,33,NA,NA
2022,9,22,50,50,NA,NA
2022,9,29,19,19,NA,NA
2022,10,6,0,0,NA,NA
2022,10,13,32,0,0,249.434281072025
2022,10,20,12,0,0,352.75334321284
2022,10,27,3,0,0,432.032847966163
2022,11,3,0,0,0,498.86856214405
