"year","month","day","data","median","LB","UB"
2022,7,7,970,970,NA,NA
2022,7,14,678,678,NA,NA
2022,7,21,613,613,NA,NA
2022,7,28,839,839,NA,NA
2022,8,4,585,585,NA,NA
2022,8,11,630,630,NA,NA
2022,8,18,492,492,NA,NA
2022,8,25,259,259,NA,NA
2022,9,1,206,206,NA,NA
2022,9,8,198,198,NA,NA
2022,9,15,136,198,0,545.744317924072
2022,9,22,66,198,0,689.784730646405
2022,9,29,60,198,0,800.310826687878
