"year","month","day","data","median","LB","UB"
2022,6,23,491,491,NA,NA
2022,6,30,1035,1035,NA,NA
2022,7,7,1701,1701,NA,NA
2022,7,14,2269,2269,NA,NA
2022,7,21,2709,2709,NA,NA
2022,7,28,3172,3172,NA,NA
2022,8,4,3066,3066,NA,NA
2022,8,11,2621,2621,NA,NA
2022,8,18,2441,2441,NA,NA
2022,8,25,1919,2261,1711.45643606851,2810.54356393149
2022,9,1,1714,2081,852.183234451683,3309.81676554832
2022,9,8,1352,1901,0,3957.20373533834
2022,9,15,1054,1721,0,4730.9740629706
