"year","month","day","data","median","LB","UB"
2022,8,4,102,102,NA,NA
2022,8,11,109,109,NA,NA
2022,8,18,60,60,NA,NA
2022,8,25,61,61,NA,NA
2022,9,1,32,32,NA,NA
2022,9,8,42,42,NA,NA
2022,9,15,26,26,NA,NA
2022,9,22,7,7,NA,NA
2022,9,29,15,15,NA,NA
2022,10,6,0,15,0,59.2242887777554
2022,10,13,25,15,0,77.5425889758059
2022,10,20,0,15,0,91.5987150916704
