"year","month","day","data","median","LB","UB"
2022,5,5,0,0,NA,NA
2022,5,12,0,0,NA,NA
2022,5,19,10,10,NA,NA
2022,5,26,34,34,NA,NA
2022,6,2,69,69,NA,NA
2022,6,9,150,150,NA,NA
2022,6,16,258,258,NA,NA
2022,6,23,353,353,NA,NA
2022,6,30,430,430,NA,NA
2022,7,7,390,507,461.605415880521,552.394584119479
2022,7,14,416,584,482.494624098513,685.505375901487
2022,7,21,349,661,491.149019009822,830.850980990178
2022,7,28,265,738,489.363622891958,986.636377108042
