"year","month","day","data","median","LB","UB"
2022,9,29,19,19,NA,NA
2022,10,6,0,0,NA,NA
2022,10,13,32,32,NA,NA
2022,10,20,12,12,NA,NA
2022,10,27,3,3,NA,NA
2022,11,3,0,0,NA,NA
2022,11,10,9,9,NA,NA
2022,11,17,10,10,NA,NA
2022,11,24,5,5,NA,NA
2022,12,1,5,5,NA,NA
2022,12,8,0,9.5,0,28.7314096904328
2022,12,15,0,9.5,0,28.7314096904328
2022,12,22,0,9.5,0,28.7314096904328
2022,12,29,0,9.5,0,28.7314096904328
