"year","month","day","data","median","LB","UB"
2022,11,17,154,154,NA,NA
2022,11,24,102,102,NA,NA
2022,12,1,135,135,NA,NA
2022,12,8,58,58,NA,NA
2022,12,15,155,155,NA,NA
2022,12,22,63,63,NA,NA
2022,12,29,78,78,NA,NA
2023,1,5,36,36,NA,NA
2023,1,12,65,65,NA,NA
2023,1,19,40,94,6.94140907854351,181.058590921456
2023,1,26,28,94,6.94140907854351,181.058590921456
2023,2,2,50,94,6.94140907854351,181.058590921456
