"year","month","day","data","median","LB","UB"
2022,5,19,232,232,NA,NA
2022,5,26,477,477,NA,NA
2022,6,2,525,525,NA,NA
2022,6,9,881,881,NA,NA
2022,6,16,1433,1433,NA,NA
2022,6,23,1847,1847,NA,NA
2022,6,30,2514,2514,NA,NA
2022,7,7,3600,3600,NA,NA
2022,7,14,3927,3927,NA,NA
2022,7,21,5500,4388.87499999941,3773.63407322543,5004.11592677339
2022,7,28,6239,4850.74999999882,3980.66793722806,5720.83206276957
