"year","month","day","data","median","LB","UB"
2022,10,13,391,391,NA,NA
2022,10,20,326,326,NA,NA
2022,10,27,272,272,NA,NA
2022,11,3,232,232,NA,NA
2022,11,10,176,176,NA,NA
2022,11,17,143,143,NA,NA
2022,11,24,104,104,NA,NA
2022,12,1,100,100,NA,NA
2022,12,8,87,87,NA,NA
2022,12,15,81,81,NA,NA
2022,12,22,49,75,40.3976186923489,109.602381307651
2022,12,29,40,69,0,146.373276787276
2023,1,5,53,63,0,192.470255619741
2023,1,12,34,57,0,246.525047855956
