"year","month","day","data","median","LB","UB"
2022,5,26,0,0,NA,NA
2022,6,2,1,1,NA,NA
2022,6,9,6,6,NA,NA
2022,6,16,12,12,NA,NA
2022,6,23,44,44,NA,NA
2022,6,30,142,142,NA,NA
2022,7,7,179,179,NA,NA
2022,7,14,208,208,NA,NA
2022,7,21,386,386,NA,NA
2022,7,28,743,434.249999999235,314.893176507039,553.606823491431
2022,8,4,863,482.49999999847,313.703961454035,651.296038542905
