"year","month","day","data","median","LB","UB"
2022,8,18,6330,6330,NA,NA
2022,8,25,5596,5596,NA,NA
2022,9,1,4866,4866,NA,NA
2022,9,8,4176,4176,NA,NA
2022,9,15,3864,3864,NA,NA
2022,9,22,2900,2900,NA,NA
2022,9,29,3114,3114,NA,NA
2022,10,6,1821,1821,NA,NA
2022,10,13,2232,2232,NA,NA
2022,10,20,1340,1719.74999999635,581.280514265122,2858.21948572758
2022,10,27,1320,1207.4999999927,0,2817.53898706173
2022,11,3,1111,695.249999989056,0,2667.13699214236
