"year","month","day","data","median","LB","UB"
2022,11,10,1,1,NA,NA
2022,11,17,0,0,NA,NA
2022,11,24,0,0,NA,NA
2022,12,1,2,2,NA,NA
2022,12,8,2,2,NA,NA
2022,12,15,1,1,NA,NA
2022,12,22,0,0,NA,NA
2022,12,29,1,1,NA,NA
2023,1,5,0,0,NA,NA
2023,1,12,7,0.777777777777778,0,2.41108109822782
2023,1,19,6,0.777777777777778,0,2.41108109822782
2023,1,26,1,0.777777777777778,0,2.41108109822782
2023,2,2,0,0.777777777777778,0,2.41108109822782
