"year","month","day","data","median","LB","UB"
2022,5,26,34,34,NA,NA
2022,6,2,69,69,NA,NA
2022,6,9,150,150,NA,NA
2022,6,16,258,258,NA,NA
2022,6,23,353,353,NA,NA
2022,6,30,430,430,NA,NA
2022,7,7,390,390,NA,NA
2022,7,14,416,416,NA,NA
2022,7,21,349,349,NA,NA
2022,7,28,265,349,208.399047553938,489.600952446062
2022,8,4,301,349,150.160226168204,547.839773831796
2022,8,11,162,349,105.472006770845,592.527993229155
2022,8,18,163,349,67.7980951078755,630.201904892125
