"year","month","day","data","median","LB","UB"
2022,8,18,60,60,NA,NA
2022,8,25,61,61,NA,NA
2022,9,1,32,32,NA,NA
2022,9,8,42,42,NA,NA
2022,9,15,26,26,NA,NA
2022,9,22,7,7,NA,NA
2022,9,29,15,15,NA,NA
2022,10,6,0,0,NA,NA
2022,10,13,25,25,NA,NA
2022,10,20,0,0,NA,NA
2022,10,27,8,8,NA,NA
2022,11,3,0,0,0,18.2289464252227
2022,11,10,5,0,0,20.0371900278604
2022,11,17,0,0,0,16.2087162292763
2022,11,24,7,0,0,15.3152622770855
