"year","month","day","data","median","LB","UB"
2022,9,1,2153,2153,NA,NA
2022,9,8,1453,1453,NA,NA
2022,9,15,1445,1445,NA,NA
2022,9,22,1032,1032,NA,NA
2022,9,29,1289,1289,NA,NA
2022,10,6,405,405,NA,NA
2022,10,13,561,561,NA,NA
2022,10,20,360,360,NA,NA
2022,10,27,374,374,NA,NA
2022,11,3,260,260,NA,NA
2022,11,10,252,14.4855527918621,0,566.213588888979
