"year","month","day","data","median","LB","UB"
2022,5,19,0,0,NA,NA
2022,5,26,0,0,NA,NA
2022,6,2,1,1,NA,NA
2022,6,9,6,6,NA,NA
2022,6,16,12,12,NA,NA
2022,6,23,44,44,NA,NA
2022,6,30,142,142,NA,NA
2022,7,7,179,179,NA,NA
2022,7,14,208,208,NA,NA
2022,7,21,386,386,NA,NA
2022,7,28,743,743,NA,NA
2022,8,4,863,1179.35031526218,1047.42729760746,1311.2733329169
2022,8,11,866,1615.70063052436,1226.56190382838,2004.83935722034
