"year","month","day","data","median","LB","UB"
2022,5,12,14,14,NA,NA
2022,5,19,14,14,NA,NA
2022,5,26,34,34,NA,NA
2022,6,2,82,82,NA,NA
2022,6,9,149,149,NA,NA
2022,6,16,268,268,NA,NA
2022,6,23,491,491,NA,NA
2022,6,30,1035,1035,NA,NA
2022,7,7,1701,1701,NA,NA
2022,7,14,2269,2269,NA,NA
2022,7,21,2709,2709,NA,NA
2022,7,28,3172,3092.76441493683,2876.5362750333,3308.99255484035
