"year","month","day","data","median","LB","UB"
2022,12,1,100,100,NA,NA
2022,12,8,87,87,NA,NA
2022,12,15,81,81,NA,NA
2022,12,22,49,49,NA,NA
2022,12,29,40,40,NA,NA
2023,1,5,53,53,NA,NA
2023,1,12,34,34,NA,NA
2023,1,19,38,38,NA,NA
2023,1,26,27,27,NA,NA
2023,2,2,20,27,0,57.8111232006147
2023,2,9,13,27,0,70.5735083022577
2023,2,16,13,27,0,80.3664308217289
2023,2,23,17,27,0,88.6222464012294
