"year","month","day","data","median","LB","UB"
2022,6,30,2514,2514,NA,NA
2022,7,7,3600,3600,NA,NA
2022,7,14,3927,3927,NA,NA
2022,7,21,5500,5500,NA,NA
2022,7,28,6239,6239,NA,NA
2022,8,4,6815,6815,NA,NA
2022,8,11,6713,6713,NA,NA
2022,8,18,6330,6330,NA,NA
2022,8,25,5596,5596,NA,NA
2022,9,1,4866,4862,3473.60968797745,6250.39031202255
2022,9,8,4176,4128,1023.46488301543,7232.53511698456
