"year","month","day","data","median","LB","UB"
2022,9,29,16,16,NA,NA
2022,10,6,20,20,NA,NA
2022,10,13,5,5,NA,NA
2022,10,20,6,6,NA,NA
2022,10,27,6,6,NA,NA
2022,11,3,2,2,NA,NA
2022,11,10,1,1,NA,NA
2022,11,17,0,0,NA,NA
2022,11,24,0,0,NA,NA
2022,12,1,2,0,0,11.1735193470627
2022,12,8,2,0,0,15.8017426000542
2022,12,15,1,0,0,19.3531032084664
2022,12,22,0,0,0,22.3470386941254
