"year","month","day","data","median","LB","UB"
2022,6,23,491,491,NA,NA
2022,6,30,1035,1035,NA,NA
2022,7,7,1701,1701,NA,NA
2022,7,14,2269,2269,NA,NA
2022,7,21,2709,2709,NA,NA
2022,7,28,3172,3172,NA,NA
2022,8,4,3066,3066,NA,NA
2022,8,11,2621,2621,NA,NA
2022,8,18,2441,2441,NA,NA
2022,8,25,1919,1919,NA,NA
2022,9,1,1714,1397,830.95016892135,1963.04983107865
2022,9,8,1352,875,0,2140.72590094413
