"year","month","day","data","median","LB","UB"
2022,5,26,34,34,NA,NA
2022,6,2,82,82,NA,NA
2022,6,9,149,149,NA,NA
2022,6,16,268,268,NA,NA
2022,6,23,491,491,NA,NA
2022,6,30,1035,1035,NA,NA
2022,7,7,1701,1701,NA,NA
2022,7,14,2269,2269,NA,NA
2022,7,21,2709,2709,NA,NA
2022,7,28,3172,3172,NA,NA
2022,8,4,3066,3635,3359.27565840408,3910.72434159592
2022,8,11,2621,4098,3481.46162914016,4714.53837085984
2022,8,18,2441,4561,3529.33398055426,5592.66601944574
