"year","month","day","data","median","LB","UB"
2022,10,27,0,0,NA,NA
2022,11,3,3,3,NA,NA
2022,11,10,5,5,NA,NA
2022,11,17,2,2,NA,NA
2022,11,24,3,3,NA,NA
2022,12,1,3,3,NA,NA
2022,12,8,0,0,NA,NA
2022,12,15,0,0,NA,NA
2022,12,22,4,4,NA,NA
2022,12,29,0,0,NA,NA
2023,1,5,0,0,NA,NA
2023,1,12,0,1.81818181818182,0,5.51812267484929
2023,1,19,0,1.81818181818182,0,5.51812267484929
2023,1,26,14,1.81818181818182,0,5.51812267484929
2023,2,2,0,1.81818181818182,0,5.51812267484929
