"year","month","day","data","median","LB","UB"
2022,7,21,386,386,NA,NA
2022,7,28,743,743,NA,NA
2022,8,4,863,863,NA,NA
2022,8,11,866,866,NA,NA
2022,8,18,1022,1022,NA,NA
2022,8,25,725,725,NA,NA
2022,9,1,774,774,NA,NA
2022,9,8,836,836,NA,NA
2022,9,15,611,611,NA,NA
2022,9,22,451,451,NA,NA
2022,9,29,471,471,NA,NA
2022,10,6,312,631.341213378643,303.288183647361,959.394243109924
2022,10,13,326,684.888848084981,257.965755299555,1111.81194087041
