"year","month","day","data","median","LB","UB"
2022,10,20,205,205,NA,NA
2022,10,27,129,129,NA,NA
2022,11,3,294,294,NA,NA
2022,11,10,238,238,NA,NA
2022,11,17,154,154,NA,NA
2022,11,24,102,102,NA,NA
2022,12,1,135,135,NA,NA
2022,12,8,58,58,NA,NA
2022,12,15,155,155,NA,NA
2022,12,22,63,163.333333334611,22.3725382529984,304.294128416223
2022,12,29,78,163.333333334611,22.3725382529984,304.294128416223
