"year","month","day","data","median","LB","UB"
2022,12,1,564,564,NA,NA
2022,12,8,308,308,NA,NA
2022,12,15,477,477,NA,NA
2022,12,22,527,527,NA,NA
2022,12,29,349,349,NA,NA
2023,1,5,308,308,NA,NA
2023,1,12,338,338,NA,NA
2023,1,19,342,342,NA,NA
2023,1,26,199,199,NA,NA
2023,2,2,260,199,0,468.563921202563
2023,2,9,119,199,0,580.220953291137
2023,2,16,193,199,0,665.898407410332
