"year","month","day","data","median","LB","UB"
2022,11,17,707,707,NA,NA
2022,11,24,938,938,NA,NA
2022,12,1,564,564,NA,NA
2022,12,8,308,308,NA,NA
2022,12,15,477,477,NA,NA
2022,12,22,527,527,NA,NA
2022,12,29,349,349,NA,NA
2023,1,5,308,308,NA,NA
2023,1,12,338,338,NA,NA
2023,1,19,342,338,0,732.495703791141
2023,1,26,199,338,0,895.901174599351
2023,2,2,260,338,0,1021.2866023339
2023,2,9,119,338,0,1126.99140758228
