"year","month","day","data","median","LB","UB"
2022,6,2,56,56,NA,NA
2022,6,9,115,115,NA,NA
2022,6,16,207,207,NA,NA
2022,6,23,280,280,NA,NA
2022,6,30,677,677,NA,NA
2022,7,7,970,970,NA,NA
2022,7,14,678,678,NA,NA
2022,7,21,613,613,NA,NA
2022,7,28,839,839,NA,NA
2022,8,4,585,839,400.028771954384,1277.97122804562
2022,8,11,630,839,218.200935806317,1459.79906419368
2022,8,18,492,839,78.6795299640895,1599.32047003591
2022,8,25,259,839,0,1716.94245609123
