"year","month","day","data","median","LB","UB"
2022,12,1,5,5,NA,NA
2022,12,8,0,0,NA,NA
2022,12,15,0,0,NA,NA
2022,12,22,0,0,NA,NA
2022,12,29,0,0,NA,NA
2023,1,5,0,0,NA,NA
2023,1,12,5,5,NA,NA
2023,1,19,0,0,NA,NA
2023,1,26,0,0,NA,NA
2023,2,2,0,0,0,4.61967941449893
2023,2,9,0,0,0,4.61967941449893
2023,2,16,0,0,0,4.61967941449893
