"year","month","day","data","median","LB","UB"
2022,7,21,613,613,NA,NA
2022,7,28,839,839,NA,NA
2022,8,4,585,585,NA,NA
2022,8,11,630,630,NA,NA
2022,8,18,492,492,NA,NA
2022,8,25,259,259,NA,NA
2022,9,1,206,206,NA,NA
2022,9,8,198,198,NA,NA
2022,9,15,136,136,NA,NA
2022,9,22,66,66,NA,NA
2022,9,29,60,66,0,360.043502532256
2022,10,6,30,66,0,481.840309208804
2022,10,13,38,66,0,575.298286021376
2022,10,20,40,66,0,654.087005064512
