"year","month","day","data","median","LB","UB"
2022,8,11,162,162,NA,NA
2022,8,18,163,163,NA,NA
2022,8,25,117,117,NA,NA
2022,9,1,44,44,NA,NA
2022,9,8,37,37,NA,NA
2022,9,15,37,37,NA,NA
2022,9,22,30,30,NA,NA
2022,9,29,16,16,NA,NA
2022,10,6,20,20,NA,NA
2022,10,13,5,20,0,81.0270999520378
2022,10,20,6,20,0,106.30535242447
2022,10,27,6,20,0,125.702037755514
2022,11,3,2,20,0,142.054199904076
