"year","month","day","data","median","LB","UB"
2022,9,29,3114,3114,NA,NA
2022,10,6,1821,1821,NA,NA
2022,10,13,2232,2232,NA,NA
2022,10,20,1340,1340,NA,NA
2022,10,27,1320,1320,NA,NA
2022,11,3,1111,1111,NA,NA
2022,11,10,1156,1156,NA,NA
2022,11,17,707,707,NA,NA
2022,11,24,938,938,NA,NA
2022,12,1,564,272.997170841227,0,921.020367130238
2022,12,8,308,427.923979265307,0,1078.27861705792
2022,12,15,477,0,0,715.811856095586
2022,12,22,527,0,0,812.800997991432
