"year","month","day","data","median","LB","UB"
2022,9,29,15,15,NA,NA
2022,10,6,0,0,NA,NA
2022,10,13,25,25,NA,NA
2022,10,20,0,0,NA,NA
2022,10,27,8,8,NA,NA
2022,11,3,0,0,NA,NA
2022,11,10,5,5,NA,NA
2022,11,17,0,0,NA,NA
2022,11,24,7,7,NA,NA
2022,12,1,3,3,NA,NA
2022,12,8,0,6.3,0,22.3043724521997
2022,12,15,1,6.3,0,22.3043724521997
