"year","month","day","data","median","LB","UB"
2022,10,27,1320,1320,NA,NA
2022,11,3,1111,1111,NA,NA
2022,11,10,1156,1156,NA,NA
2022,11,17,707,707,NA,NA
2022,11,24,938,938,NA,NA
2022,12,1,564,564,NA,NA
2022,12,8,308,308,NA,NA
2022,12,15,477,477,NA,NA
2022,12,22,527,527,NA,NA
2022,12,29,349,349,NA,NA
2023,1,5,308,308,NA,NA
2023,1,12,338,308,0,776.143354039286
2023,1,19,342,308,0,970.054680417188
2023,1,26,199,308,0,1118.84807442175
2023,2,2,260,308,0,1244.28670807857
