"year","month","day","data","median","LB","UB"
2022,6,16,12,12,NA,NA
2022,6,23,44,44,NA,NA
2022,6,30,142,142,NA,NA
2022,7,7,179,179,NA,NA
2022,7,14,208,208,NA,NA
2022,7,21,386,386,NA,NA
2022,7,28,743,743,NA,NA
2022,8,4,863,863,NA,NA
2022,8,11,866,866,NA,NA
2022,8,18,1022,972.749999998901,744.162268535562,1201.33773146224
2022,8,25,725,1079.4999999978,756.22812997025,1402.77187002536
2022,9,1,774,1186.2499999967,790.32443511529,1582.17556487812
