"year","month","day","data","median","LB","UB"
2022,11,3,0,0,NA,NA
2022,11,10,9,9,NA,NA
2022,11,17,10,10,NA,NA
2022,11,24,5,5,NA,NA
2022,12,1,5,5,NA,NA
2022,12,8,0,0,NA,NA
2022,12,15,0,0,NA,NA
2022,12,22,0,0,NA,NA
2022,12,29,0,0,NA,NA
2023,1,5,0,3.22222222222222,0,11.3494450122069
2023,1,12,5,3.22222222222222,0,11.3494450122069
2023,1,19,0,3.22222222222222,0,11.3494450122069
2023,1,26,0,3.22222222222222,0,11.3494450122069
