"year","month","day","data","median","LB","UB"
2022,7,7,179,179,NA,NA
2022,7,14,208,208,NA,NA
2022,7,21,386,386,NA,NA
2022,7,28,743,743,NA,NA
2022,8,4,863,863,NA,NA
2022,8,11,866,866,NA,NA
2022,8,18,1022,1022,NA,NA
2022,8,25,725,725,NA,NA
2022,9,1,774,774,NA,NA
2022,9,8,836,774,401.26591881465,1146.73408118535
2022,9,15,611,774,246.874407229004,1301.125592771
2022,9,22,451,774,128.405633674471,1419.59436632553
2022,9,29,471,774,28.5318376292998,1519.4681623707
