"year","month","day","data","median","LB","UB"
2022,5,5,0,0,NA,NA
2022,5,12,0,0,NA,NA
2022,5,19,0,0,NA,NA
2022,5,26,0,0,NA,NA
2022,6,2,1,1,NA,NA
2022,6,9,6,6,NA,NA
2022,6,16,12,12,NA,NA
2022,6,23,44,44,NA,NA
2022,6,30,142,142,NA,NA
2022,7,7,179,179,NA,NA
2022,7,14,208,208,NA,NA
2022,7,21,386,237,175.591270362854,298.408729637146
2022,7,28,743,266,128.685906119436,403.314093880564
2022,8,4,863,295,65.2295731407697,524.77042685923
2022,8,11,866,324,0,660.349464500008
