"year","month","day","data","median","LB","UB"
2022,10,13,32,32,NA,NA
2022,10,20,12,12,NA,NA
2022,10,27,3,3,NA,NA
2022,11,3,0,0,NA,NA
2022,11,10,9,9,NA,NA
2022,11,17,10,10,NA,NA
2022,11,24,5,5,NA,NA
2022,12,1,5,5,NA,NA
2022,12,8,0,0,NA,NA
2022,12,15,0,0,NA,NA
2022,12,22,0,0,NA,NA
2022,12,29,0,0,0,15.4576560970119
2023,1,5,0,0,0,21.8604268948933
2023,1,12,5,0,0,26.7734457259514
2023,1,19,0,0,0,30.9153121940237
