"year","month","day","data","median","LB","UB"
2022,10,13,391,391,NA,NA
2022,10,20,326,326,NA,NA
2022,10,27,272,272,NA,NA
2022,11,3,232,232,NA,NA
2022,11,10,176,176,NA,NA
2022,11,17,143,143,NA,NA
2022,11,24,104,104,NA,NA
2022,12,1,100,100,NA,NA
2022,12,8,87,87,NA,NA
2022,12,15,81,74,37.3737665150341,110.626233484966
