"year","month","day","data","median","LB","UB"
2022,10,6,533,533,NA,NA
2022,10,13,391,391,NA,NA
2022,10,20,326,326,NA,NA
2022,10,27,272,272,NA,NA
2022,11,3,232,232,NA,NA
2022,11,10,176,176,NA,NA
2022,11,17,143,143,NA,NA
2022,11,24,104,104,NA,NA
2022,12,1,100,100,NA,NA
2022,12,8,87,96,28.5381685560774,163.461831443923
2022,12,15,81,92,0,242.849240995244
2022,12,22,49,88,0,340.419059947452
2022,12,29,40,84,0,453.503668524477
