"year","month","day","data","median","LB","UB"
2022,7,7,179,179,NA,NA
2022,7,14,208,208,NA,NA
2022,7,21,386,386,NA,NA
2022,7,28,743,743,NA,NA
2022,8,4,863,863,NA,NA
2022,8,11,866,866,NA,NA
2022,8,18,1022,1022,NA,NA
2022,8,25,725,725,NA,NA
2022,9,1,774,774,NA,NA
2022,9,8,836,836,NA,NA
2022,9,15,611,836,482.256192842044,1189.74380715796
2022,9,22,451,836,335.730710311726,1336.26928968827
2022,9,29,471,836,223.297753139573,1448.70224686043
2022,10,6,312,836,128.512385684088,1543.48761431591
