"year","month","day","data","median","LB","UB"
2022,5,19,232,232,NA,NA
2022,5,26,477,477,NA,NA
2022,6,2,525,525,NA,NA
2022,6,9,881,881,NA,NA
2022,6,16,1433,1433,NA,NA
2022,6,23,1847,1847,NA,NA
2022,6,30,2514,2514,NA,NA
2022,7,7,3600,3600,NA,NA
2022,7,14,3927,3927,NA,NA
2022,7,21,5500,5500,NA,NA
2022,7,28,6239,7073,5964.42851966187,8181.57148033813
