"year","month","day","data","median","LB","UB"
2022,5,26,12,12,NA,NA
2022,6,2,49,49,NA,NA
2022,6,9,59,59,NA,NA
2022,6,16,152,152,NA,NA
2022,6,23,163,163,NA,NA
2022,6,30,137,137,NA,NA
2022,7,7,144,144,NA,NA
2022,7,14,191,191,NA,NA
2022,7,21,655,655,NA,NA
2022,7,28,487,655,323.779858730938,986.220141269062
2022,8,4,369,655,186.58398408616,1123.41601591384
2022,8,11,326,655,81.3098868318431,1228.69011316816
2022,8,18,140,655,0,1317.44028253812
