"year","month","day","data","median","LB","UB"
2022,6,2,49,49,NA,NA
2022,6,9,59,59,NA,NA
2022,6,16,152,152,NA,NA
2022,6,23,163,163,NA,NA
2022,6,30,137,137,NA,NA
2022,7,7,144,144,NA,NA
2022,7,14,191,191,NA,NA
2022,7,21,655,655,NA,NA
2022,7,28,487,487,NA,NA
2022,8,4,369,369,NA,NA
2022,8,11,326,369,29.9973592732175,708.002640726783
2022,8,18,140,369,0,848.42213219611
2022,8,25,658,369,0,956.169797638806
2022,9,1,173,369,0,1047.00528145357
