"year","month","day","data","median","LB","UB"
2022,5,12,0,0,NA,NA
2022,5,19,0,0,NA,NA
2022,5,26,0,0,NA,NA
2022,6,2,1,1,NA,NA
2022,6,9,6,6,NA,NA
2022,6,16,12,12,NA,NA
2022,6,23,44,44,NA,NA
2022,6,30,142,142,NA,NA
2022,7,7,179,179,NA,NA
2022,7,14,208,208,NA,NA
2022,7,21,386,237,171.866206274284,302.133793725716
2022,7,28,743,266,120.35640959685,411.64359040315
2022,8,4,863,295,51.2916595775658,538.708340422434
2022,8,11,866,324,0,680.752480794629
