"year","month","day","data","median","LB","UB"
2022,5,5,0,0,NA,NA
2022,5,12,0,0,NA,NA
2022,5,19,5,5,NA,NA
2022,5,26,12,12,NA,NA
2022,6,2,49,49,NA,NA
2022,6,9,59,59,NA,NA
2022,6,16,152,152,NA,NA
2022,6,23,163,163,NA,NA
2022,6,30,137,137,NA,NA
2022,7,7,144,144,NA,NA
2022,7,14,191,191,NA,NA
2022,7,21,655,210.100000000046,146.091510567112,274.10848943298
2022,7,28,487,229.200000000092,138.678326137022,319.721673863162
2022,8,4,369,248.300000000138,137.434044186561,359.165955813715
