"year","month","day","data","median","LB","UB"
2022,11,10,5,5,NA,NA
2022,11,17,0,0,NA,NA
2022,11,24,7,7,NA,NA
2022,12,1,3,3,NA,NA
2022,12,8,0,0,NA,NA
2022,12,15,1,1,NA,NA
2022,12,22,0,0,NA,NA
2022,12,29,0,0,NA,NA
2023,1,5,0,0,NA,NA
2023,1,12,0,1.77777777777778,0,6.94273638031579
2023,1,19,0,1.77777777777778,0,6.94273638031579
