"year","month","day","data","median","LB","UB"
2022,7,7,3600,3600,NA,NA
2022,7,14,3927,3927,NA,NA
2022,7,21,5500,5500,NA,NA
2022,7,28,6239,6239,NA,NA
2022,8,4,6815,6815,NA,NA
2022,8,11,6713,6713,NA,NA
2022,8,18,6330,6330,NA,NA
2022,8,25,5596,5596,NA,NA
2022,9,1,4866,4866,NA,NA
2022,9,8,4176,4533.67435723577,3633.0499574826,5434.29875698894
2022,9,15,3864,4699.60546880957,3159.04627337553,6240.1646642436
2022,9,22,2900,5215.37836598539,3399.7300743945,7031.02665757628
