"year","month","day","data","median","LB","UB"
2022,5,19,10,10,NA,NA
2022,5,26,34,34,NA,NA
2022,6,2,69,69,NA,NA
2022,6,9,150,150,NA,NA
2022,6,16,258,258,NA,NA
2022,6,23,353,353,NA,NA
2022,6,30,430,430,NA,NA
2022,7,7,390,390,NA,NA
2022,7,14,416,416,NA,NA
2022,7,21,349,349,NA,NA
2022,7,28,265,349,215.516043887897,482.483956112103
2022,8,4,301,349,160.225178907049,537.774821092951
2022,8,11,162,349,117.799006018543,580.200993981457
2022,8,18,163,349,82.0320877757939,615.967912224206
