"year","month","day","data","median","LB","UB"
2022,6,2,1,1,NA,NA
2022,6,9,6,6,NA,NA
2022,6,16,12,12,NA,NA
2022,6,23,44,44,NA,NA
2022,6,30,142,142,NA,NA
2022,7,7,179,179,NA,NA
2022,7,14,208,208,NA,NA
2022,7,21,386,386,NA,NA
2022,7,28,743,743,NA,NA
2022,8,4,863,1100,913.972969089509,1286.02703091049
2022,8,11,866,1457,1041.03091323169,1872.96908676831
2022,8,18,1022,1814,1117.95058565414,2510.04941434586
