"year","month","day","data","median","LB","UB"
2022,11,3,1111,1111,NA,NA
2022,11,10,1156,1156,NA,NA
2022,11,17,707,707,NA,NA
2022,11,24,938,938,NA,NA
2022,12,1,564,564,NA,NA
2022,12,8,308,308,NA,NA
2022,12,15,477,477,NA,NA
2022,12,22,527,527,NA,NA
2022,12,29,349,349,NA,NA
2023,1,5,308,349,0,851.160804987209
2023,1,12,338,349,0,1059.1626209051
2023,1,19,342,349,0,1218.76802780753
2023,1,26,199,349,0,1353.32160997442
