"year","month","day","data","median","LB","UB"
2022,8,25,5596,5596,NA,NA
2022,9,1,4866,4866,NA,NA
2022,9,8,4176,4176,NA,NA
2022,9,15,3864,3864,NA,NA
2022,9,22,2900,2900,NA,NA
2022,9,29,3114,3114,NA,NA
2022,10,6,1821,1821,NA,NA
2022,10,13,2232,2232,NA,NA
2022,10,20,1340,1340,NA,NA
2022,10,27,1320,1170.64887856062,549.241093748966,1792.05666337228
