"year","month","day","data","median","LB","UB"
2022,7,28,6239,6239,NA,NA
2022,8,4,6815,6815,NA,NA
2022,8,11,6713,6713,NA,NA
2022,8,18,6330,6330,NA,NA
2022,8,25,5596,5596,NA,NA
2022,9,1,4866,4866,NA,NA
2022,9,8,4176,4176,NA,NA
2022,9,15,3864,3864,NA,NA
2022,9,22,2900,2900,NA,NA
2022,9,29,3114,1936,1113.91318975435,2758.08681024565
2022,10,6,1821,972.000000000002,0,2810.24199111525
