"year","month","day","data","median","LB","UB"
2022,9,8,1352,1352,NA,NA
2022,9,15,1054,1054,NA,NA
2022,9,22,784,784,NA,NA
2022,9,29,624,624,NA,NA
2022,10,6,533,533,NA,NA
2022,10,13,391,391,NA,NA
2022,10,20,326,326,NA,NA
2022,10,27,272,272,NA,NA
2022,11,3,232,232,NA,NA
2022,11,10,176,192,71.4103993374713,312.589600662529
2022,11,17,143,152,0,421.646544460968
2022,11,24,104,112,0,563.20497008707
2022,12,1,100,72,0,732.496444834069
