"year","month","day","data","median","LB","UB"
2022,5,26,25,25,NA,NA
2022,6,2,24,24,NA,NA
2022,6,9,64,64,NA,NA
2022,6,16,86,86,NA,NA
2022,6,23,197,197,NA,NA
2022,6,30,303,303,NA,NA
2022,7,7,767,767,NA,NA
2022,7,14,1116,1116,NA,NA
2022,7,21,2315,2315,NA,NA
2022,7,28,2613,3514,2821.50756772859,4206.49243227141
2022,8,4,3215,4713,3164.53984753697,6261.46015246303
