"year","month","day","data","median","LB","UB"
2022,5,5,0,0,NA,NA
2022,5,12,0,0,NA,NA
2022,5,19,0,0,NA,NA
2022,5,26,77,77,NA,NA
2022,6,2,35,35,NA,NA
2022,6,9,65,65,NA,NA
2022,6,16,58,58,NA,NA
2022,6,23,52,52,NA,NA
2022,6,30,88,88,NA,NA
2022,7,7,164,88,18.7949511617801,157.20504883822
2022,7,14,142,88,0,185.870718651703
2022,7,21,122,88,0,207.866660728082
