"year","month","day","data","median","LB","UB"
2022,8,4,863,863,NA,NA
2022,8,11,866,866,NA,NA
2022,8,18,1022,1022,NA,NA
2022,8,25,725,725,NA,NA
2022,9,1,774,774,NA,NA
2022,9,8,836,836,NA,NA
2022,9,15,611,611,NA,NA
2022,9,22,451,451,NA,NA
2022,9,29,471,471,NA,NA
2022,10,6,312,312,NA,NA
2022,10,13,326,326,NA,NA
2022,10,20,205,326,34.6951843949818,617.304815605018
2022,10,27,129,326,0,737.96722101321
2022,11,3,294,326,0,830.554741117375
2022,11,10,238,326,0,908.609631210036
