"year","month","day","data","median","LB","UB"
2022,10,20,360,360,NA,NA
2022,10,27,374,374,NA,NA
2022,11,3,260,260,NA,NA
2022,11,10,252,252,NA,NA
2022,11,17,66,66,NA,NA
2022,11,24,431,431,NA,NA
2022,12,1,81,81,NA,NA
2022,12,8,0,0,NA,NA
2022,12,15,41,41,NA,NA
2022,12,22,49,41,0,427.94966498606
2022,12,29,121,41,0,588.229464179012
2023,1,5,63,41,0,711.216479727612
2023,1,12,62,41,0,814.89932997212
