"year","month","day","data","median","LB","UB"
2022,11,10,238,238,NA,NA
2022,11,17,154,154,NA,NA
2022,11,24,102,102,NA,NA
2022,12,1,135,135,NA,NA
2022,12,8,58,58,NA,NA
2022,12,15,155,155,NA,NA
2022,12,22,63,63,NA,NA
2022,12,29,78,78,NA,NA
2023,1,5,36,36,NA,NA
2023,1,12,65,65,NA,NA
2023,1,19,40,65,0,191.483172202667
2023,1,26,28,65,0,243.874217540983
2023,2,2,50,65,0,284.075280557503
2023,2,9,0,65,0,317.966344405334
