"year","month","day","data","median","LB","UB"
2022,9,1,32,32,NA,NA
2022,9,8,42,42,NA,NA
2022,9,15,26,26,NA,NA
2022,9,22,7,7,NA,NA
2022,9,29,15,15,NA,NA
2022,10,6,0,0,NA,NA
2022,10,13,25,25,NA,NA
2022,10,20,0,0,NA,NA
2022,10,27,8,8,NA,NA
2022,11,3,0,0,NA,NA
2022,11,10,5,5,NA,NA
2022,11,17,0,5,0,35.4205164859266
2022,11,24,7,5,0,48.0211069887918
2022,12,1,3,5,0,57.6898801461116
2022,12,8,0,5,0,65.8410329718533
