"year","month","day","data","median","LB","UB"
2022,5,19,0,0,NA,NA
2022,5,26,77,77,NA,NA
2022,6,2,35,35,NA,NA
2022,6,9,65,65,NA,NA
2022,6,16,58,58,NA,NA
2022,6,23,52,52,NA,NA
2022,6,30,88,88,NA,NA
2022,7,7,164,164,NA,NA
2022,7,14,142,142,NA,NA
2022,7,21,122,122,NA,NA
2022,7,28,154,154,NA,NA
2022,8,4,102,154,71.6395241295844,236.360475870416
2022,8,11,109,154,37.5246980205563,270.475301979444
2022,8,18,60,154,11.3474712568897,296.65252874311
2022,8,25,61,154,0,318.720951740831
