"year","month","day","data","median","LB","UB"
2022,5,5,0,0,NA,NA
2022,5,12,0,0,NA,NA
2022,5,19,10,10,NA,NA
2022,5,26,34,34,NA,NA
2022,6,2,69,69,NA,NA
2022,6,9,150,150,NA,NA
2022,6,16,258,258,NA,NA
2022,6,23,353,353,NA,NA
2022,6,30,430,430,NA,NA
2022,7,7,390,390,NA,NA
2022,7,14,416,416,NA,NA
2022,7,21,349,457.599999999602,365.090065045824,550.109934953381
2022,7,28,265,499.199999999205,368.371195333318,630.028804665091
