"year","month","day","data","median","LB","UB"
2022,8,18,140,140,NA,NA
2022,8,25,658,658,NA,NA
2022,9,1,173,173,NA,NA
2022,9,8,113,113,NA,NA
2022,9,15,110,110,NA,NA
2022,9,22,27,27,NA,NA
2022,9,29,29,29,NA,NA
2022,10,6,44,44,NA,NA
2022,10,13,41,41,NA,NA
2022,10,20,10,10,NA,NA
2022,10,27,0,134.5,0,510.796354643134
2022,11,3,3,134.5,0,510.796354643134
