"year","month","day","data","median","LB","UB"
2022,7,28,2613,2613,NA,NA
2022,8,4,3215,3215,NA,NA
2022,8,11,3324,3324,NA,NA
2022,8,18,2916,2916,NA,NA
2022,8,25,2386,2386,NA,NA
2022,9,1,2153,2153,NA,NA
2022,9,8,1453,1453,NA,NA
2022,9,15,1445,1445,NA,NA
2022,9,22,1032,1032,NA,NA
2022,9,29,1289,1032,173.025287759296,1890.9747122407
2022,10,6,405,1032,0,2246.77368778633
2022,10,13,561,1032,0,2519.78784401776
