"year","month","day","data","median","LB","UB"
2022,7,28,487,487,NA,NA
2022,8,4,369,369,NA,NA
2022,8,11,326,326,NA,NA
2022,8,18,140,140,NA,NA
2022,8,25,658,658,NA,NA
2022,9,1,173,173,NA,NA
2022,9,8,113,113,NA,NA
2022,9,15,110,110,NA,NA
2022,9,22,27,27,NA,NA
2022,9,29,29,29,NA,NA
2022,10,6,44,44,NA,NA
2022,10,13,41,44,0,509.731835596981
2022,10,20,10,44,0,702.644278330167
2022,10,27,0,44,0,850.671201956286
2022,11,3,3,44,0,975.463671193961
