"year","month","day","data","median","LB","UB"
2022,11,10,176,176,NA,NA
2022,11,17,143,143,NA,NA
2022,11,24,104,104,NA,NA
2022,12,1,100,100,NA,NA
2022,12,8,87,87,NA,NA
2022,12,15,81,81,NA,NA
2022,12,22,49,49,NA,NA
2022,12,29,40,40,NA,NA
2023,1,5,53,53,NA,NA
2023,1,12,34,37.625,2.76886641878154,72.4811335812185
2023,1,19,38,22.25,0,71.5440168424474
2023,1,26,27,6.875,0,67.2475943180781
2023,2,2,20,0,0,61.2122671624369
