"year","month","day","data","median","LB","UB"
2022,8,4,369,369,NA,NA
2022,8,11,326,326,NA,NA
2022,8,18,140,140,NA,NA
2022,8,25,658,658,NA,NA
2022,9,1,173,173,NA,NA
2022,9,8,113,113,NA,NA
2022,9,15,110,110,NA,NA
2022,9,22,27,27,NA,NA
2022,9,29,29,29,NA,NA
2022,10,6,44,44,NA,NA
2022,10,13,41,41,NA,NA
2022,10,20,10,41,0,500.957295776172
2022,10,27,0,41,0,691.477845799115
2022,11,3,3,41,0,837.669405596315
2022,11,10,5,41,0,960.914591552343
