"year","month","day","data","median","LB","UB"
2022,11,17,66,66,NA,NA
2022,11,24,431,431,NA,NA
2022,12,1,81,81,NA,NA
2022,12,8,0,0,NA,NA
2022,12,15,41,41,NA,NA
2022,12,22,49,49,NA,NA
2022,12,29,121,121,NA,NA
2023,1,5,63,63,NA,NA
2023,1,12,62,62,NA,NA
2023,1,19,42,101.555555555556,0,351.779543265933
2023,1,26,42,101.555555555556,0,351.779543265933
2023,2,2,41,101.555555555556,0,351.779543265933
2023,2,9,13,101.555555555556,0,351.779543265933
