"year","month","day","data","median","LB","UB"
2022,10,20,205,205,NA,NA
2022,10,27,129,129,NA,NA
2022,11,3,294,294,NA,NA
2022,11,10,238,238,NA,NA
2022,11,17,154,154,NA,NA
2022,11,24,102,102,NA,NA
2022,12,1,135,135,NA,NA
2022,12,8,58,58,NA,NA
2022,12,15,155,155,NA,NA
2022,12,22,63,63,NA,NA
2022,12,29,78,78,NA,NA
2023,1,5,36,78,0,243.16466833778
2023,1,12,65,78,0,311.578113988142
2023,1,19,40,78,0,364.073597176297
2023,1,26,28,78,0,408.32933667556
