"year","month","day","data","median","LB","UB"
2022,5,19,0,0,NA,NA
2022,5,26,0,0,NA,NA
2022,6,2,1,1,NA,NA
2022,6,9,6,6,NA,NA
2022,6,16,12,12,NA,NA
2022,6,23,44,44,NA,NA
2022,6,30,142,142,NA,NA
2022,7,7,179,179,NA,NA
2022,7,14,208,208,NA,NA
2022,7,21,386,233.999999999918,169.879341325948,298.120658673888
2022,7,28,743,259.999999999836,169.319694874811,350.68030512486
