"year","month","day","data","median","LB","UB"
2022,8,25,2386,2386,NA,NA
2022,9,1,2153,2153,NA,NA
2022,9,8,1453,1453,NA,NA
2022,9,15,1445,1445,NA,NA
2022,9,22,1032,1032,NA,NA
2022,9,29,1289,1289,NA,NA
2022,10,6,405,405,NA,NA
2022,10,13,561,561,NA,NA
2022,10,20,360,360,NA,NA
2022,10,27,374,360,0,1243.93335226034
2022,11,3,260,360,0,1610.07053500048
2022,11,10,252,360,0,1891.01747661958
2022,11,17,66,360,0,2127.86670452067
