"year","month","day","data","median","LB","UB"
2022,10,20,360,360,NA,NA
2022,10,27,374,374,NA,NA
2022,11,3,260,260,NA,NA
2022,11,10,252,252,NA,NA
2022,11,17,66,66,NA,NA
2022,11,24,431,431,NA,NA
2022,12,1,81,81,NA,NA
2022,12,8,0,0,NA,NA
2022,12,15,41,41,NA,NA
2022,12,22,49,49,NA,NA
2022,12,29,121,121,NA,NA
2023,1,5,63,121,0,469.998613428993
2023,1,12,62,121,0,614.558572360687
2023,1,19,42,121,0,725.483330230105
