"year","month","day","data","median","LB","UB"
2022,11,24,102,102,NA,NA
2022,12,1,135,135,NA,NA
2022,12,8,58,58,NA,NA
2022,12,15,155,155,NA,NA
2022,12,22,63,63,NA,NA
2022,12,29,78,78,NA,NA
2023,1,5,36,36,NA,NA
2023,1,12,65,65,NA,NA
2023,1,19,40,40,NA,NA
2023,1,26,28,28,NA,NA
2023,2,2,50,37.0841862400383,0,106.076707526909
2023,2,9,0,30.2073162697299,0,101.20734050636
2023,2,16,17,35.4132135662972,0,126.027226400953
2023,2,23,37,31.4722685172531,0,125.845662969704
