"year","month","day","data","median","LB","UB"
2022,9,8,113,113,NA,NA
2022,9,15,110,110,NA,NA
2022,9,22,27,27,NA,NA
2022,9,29,29,29,NA,NA
2022,10,6,44,44,NA,NA
2022,10,13,41,41,NA,NA
2022,10,20,10,10,NA,NA
2022,10,27,0,0,NA,NA
2022,11,3,3,3,NA,NA
2022,11,10,5,3,0,65.772466231377
2022,11,17,2,3,0,91.7736730880204
2022,11,24,3,3,0,111.725100829147
