"year","month","day","data","median","LB","UB"
2022,6,9,149,149,NA,NA
2022,6,16,268,268,NA,NA
2022,6,23,491,491,NA,NA
2022,6,30,1035,1035,NA,NA
2022,7,7,1701,1701,NA,NA
2022,7,14,2269,2269,NA,NA
2022,7,21,2709,2709,NA,NA
2022,7,28,3172,3172,NA,NA
2022,8,4,3066,3066,NA,NA
2022,8,11,2621,3430.62499999629,2916.53130835869,3944.7186916339
2022,8,18,2441,3795.24999999259,3068.21172894823,4522.28827103694
2022,8,25,1919,4159.87499998888,3269.4386062219,5050.31139375586
