"year","month","day","data","median","LB","UB"
2022,10,6,44,44,NA,NA
2022,10,13,41,41,NA,NA
2022,10,20,10,10,NA,NA
2022,10,27,0,0,NA,NA
2022,11,3,3,3,NA,NA
2022,11,10,5,5,NA,NA
2022,11,17,2,2,NA,NA
2022,11,24,3,3,NA,NA
2022,12,1,3,3,NA,NA
2022,12,8,0,0,NA,NA
2022,12,15,0,0,NA,NA
2022,12,22,4,0,0,20.5749728006189
2022,12,29,0,0,0,29.0974055800927
2023,1,5,0,0,0,35.6368982550196
