"year","month","day","data","median","LB","UB"
2022,8,4,258,258,NA,NA
2022,8,11,38,38,NA,NA
2022,8,18,285,285,NA,NA
2022,8,25,73,73,NA,NA
2022,9,1,71,71,NA,NA
2022,9,8,68,68,NA,NA
2022,9,15,33,33,NA,NA
2022,9,22,50,50,NA,NA
2022,9,29,19,19,NA,NA
2022,10,6,0,0,NA,NA
2022,10,13,32,32,NA,NA
2022,10,20,12,5.07321830030193,0,157.829737153887
2022,10,27,3,27.7310799472768,0,182.395400999027
2022,11,3,0,8.66535199883762,0,212.245918274183
2022,11,10,9,24.708436199258,0,232.448979842888
