"year","month","day","data","median","LB","UB"
2022,8,11,6713,6713,NA,NA
2022,8,18,6330,6330,NA,NA
2022,8,25,5596,5596,NA,NA
2022,9,1,4866,4866,NA,NA
2022,9,8,4176,4176,NA,NA
2022,9,15,3864,3864,NA,NA
2022,9,22,2900,2900,NA,NA
2022,9,29,3114,3114,NA,NA
2022,10,6,1821,1821,NA,NA
2022,10,13,2232,1209.50000000357,318.285589544009,2100.71441046313
2022,10,20,1340,598.00000000714,0,1858.36750626139
2022,10,27,1320,0,0,1530.12863936421
2022,11,3,1111,0,0,1157.4288209334
