"year","month","day","data","median","LB","UB"
2022,5,26,34,34,NA,NA
2022,6,2,69,69,NA,NA
2022,6,9,150,150,NA,NA
2022,6,16,258,258,NA,NA
2022,6,23,353,353,NA,NA
2022,6,30,430,430,NA,NA
2022,7,7,390,390,NA,NA
2022,7,14,416,416,NA,NA
2022,7,21,349,349,NA,NA
2022,7,28,265,265,NA,NA
2022,8,4,301,301,NA,NA
2022,8,11,162,337,198.839913746647,475.160086253353
2022,8,18,163,373,64.0646553602679,681.935344639732
