"year","month","day","data","median","LB","UB"
2022,8,25,117,117,NA,NA
2022,9,1,44,44,NA,NA
2022,9,8,37,37,NA,NA
2022,9,15,37,37,NA,NA
2022,9,22,30,30,NA,NA
2022,9,29,16,16,NA,NA
2022,10,6,20,20,NA,NA
2022,10,13,5,5,NA,NA
2022,10,20,6,6,NA,NA
2022,10,27,6,6,NA,NA
2022,11,3,2,2,NA,NA
2022,11,10,1,2,0,49.5306973548208
2022,11,17,0,2,0,69.2185568282386
2022,11,24,0,2,0,84.3255827377293
2022,12,1,2,2,0,97.0613947096416
