"year","month","day","data","median","LB","UB"
2022,10,20,10,10,NA,NA
2022,10,27,0,0,NA,NA
2022,11,3,3,3,NA,NA
2022,11,10,5,5,NA,NA
2022,11,17,2,2,NA,NA
2022,11,24,3,3,NA,NA
2022,12,1,3,3,NA,NA
2022,12,8,0,0,NA,NA
2022,12,15,0,0,NA,NA
2022,12,22,4,2.88888888888889,0,9.12117714961593
