"year","month","day","data","median","LB","UB"
2022,10,6,312,312,NA,NA
2022,10,13,326,326,NA,NA
2022,10,20,205,205,NA,NA
2022,10,27,129,129,NA,NA
2022,11,3,294,294,NA,NA
2022,11,10,238,238,NA,NA
2022,11,17,154,154,NA,NA
2022,11,24,102,102,NA,NA
2022,12,1,135,135,NA,NA
2022,12,8,58,58,NA,NA
2022,12,15,155,155,NA,NA
2022,12,22,63,155,0,327.165960051974
2022,12,29,78,155,0,398.479435684486
2023,1,5,36,155,0,453.200190143893
2023,1,12,65,155,0,499.331920103948
