"year","month","day","data","median","LB","UB"
2022,5,19,14,14,NA,NA
2022,5,26,34,34,NA,NA
2022,6,2,82,82,NA,NA
2022,6,9,149,149,NA,NA
2022,6,16,268,268,NA,NA
2022,6,23,491,491,NA,NA
2022,6,30,1035,1035,NA,NA
2022,7,7,1701,1701,NA,NA
2022,7,14,2269,2269,NA,NA
2022,7,21,2709,2837,2557.65576835213,3116.34423164787
2022,7,28,3172,3405,2780.36730891291,4029.63269108709
2022,8,4,3066,3973,2927.78959220205,5018.21040779795
2022,8,11,2621,4541,3010.96863017512,6071.03136982488
