"year","month","day","data","median","LB","UB"
2022,8,4,3215,3215,NA,NA
2022,8,11,3324,3324,NA,NA
2022,8,18,2916,2916,NA,NA
2022,8,25,2386,2386,NA,NA
2022,9,1,2153,2153,NA,NA
2022,9,8,1453,1453,NA,NA
2022,9,15,1445,1445,NA,NA
2022,9,22,1032,1032,NA,NA
2022,9,29,1289,1289,NA,NA
2022,10,6,405,1048.25000000523,395.447289086433,1701.05271092403
2022,10,13,561,807.500000010459,0,1730.70244734574
2022,10,20,360,566.750000015688,0,1697.43746264574
2022,10,27,374,326.000000020918,0,1631.60542185851
