"year","month","day","data","median","LB","UB"
2022,6,16,207,207,NA,NA
2022,6,23,280,280,NA,NA
2022,6,30,677,677,NA,NA
2022,7,7,970,970,NA,NA
2022,7,14,678,678,NA,NA
2022,7,21,613,613,NA,NA
2022,7,28,839,839,NA,NA
2022,8,4,585,585,NA,NA
2022,8,11,630,630,NA,NA
2022,8,18,492,608.777777777778,137.018703575759,1080.5368519798
2022,8,25,259,608.777777777778,137.018703575759,1080.5368519798
