"year","month","day","data","median","LB","UB"
2022,9,1,44,44,NA,NA
2022,9,8,37,37,NA,NA
2022,9,15,37,37,NA,NA
2022,9,22,30,30,NA,NA
2022,9,29,16,16,NA,NA
2022,10,6,20,20,NA,NA
2022,10,13,5,5,NA,NA
2022,10,20,6,6,NA,NA
2022,10,27,6,6,NA,NA
2022,11,3,2,2,NA,NA
2022,11,10,1,0,0,10.4079673551712
2022,11,17,0,0,0,11.1569914234144
2022,11,24,0,0,0,10.6459304161917
2022,12,1,2,0,0,9.48260137700899
