"year","month","day","data","median","LB","UB"
2022,11,10,1156,1156,NA,NA
2022,11,17,707,707,NA,NA
2022,11,24,938,938,NA,NA
2022,12,1,564,564,NA,NA
2022,12,8,308,308,NA,NA
2022,12,15,477,477,NA,NA
2022,12,22,527,527,NA,NA
2022,12,29,349,349,NA,NA
2023,1,5,308,308,NA,NA
2023,1,12,338,308,0,809.996354889845
2023,1,19,342,308,0,1017.93005334708
2023,1,26,199,308,0,1177.48319188359
2023,2,2,260,308,0,1311.99270977969
