"year","month","day","data","median","LB","UB"
2022,11,3,232,232,NA,NA
2022,11,10,176,176,NA,NA
2022,11,17,143,143,NA,NA
2022,11,24,104,104,NA,NA
2022,12,1,100,100,NA,NA
2022,12,8,87,87,NA,NA
2022,12,15,81,81,NA,NA
2022,12,22,49,49,NA,NA
2022,12,29,40,40,NA,NA
2023,1,5,53,53,NA,NA
2023,1,12,34,66,24.3697854790866,107.630214520913
2023,1,19,38,79,0,172.087989586661
2023,1,26,27,92,0,247.765999675159
2023,2,2,20,105,0,333.018075668834
