"year","month","day","data","median","LB","UB"
2022,5,26,34,34,NA,NA
2022,6,2,82,82,NA,NA
2022,6,9,149,149,NA,NA
2022,6,16,268,268,NA,NA
2022,6,23,491,491,NA,NA
2022,6,30,1035,1035,NA,NA
2022,7,7,1701,1701,NA,NA
2022,7,14,2269,2269,NA,NA
2022,7,21,2709,2709,NA,NA
2022,7,28,3172,3149,2854.73113152574,3443.26886847426
2022,8,4,3066,3589,2930.9948064296,4247.0051935704
2022,8,11,2621,4029,2927.94671457567,5130.05328542433
2022,8,18,2441,4469,2857.22302765126,6080.77697234874
