"year","month","day","data","median","LB","UB"
2022,11,17,13,13,NA,NA
2022,11,24,3,3,NA,NA
2022,12,1,0,0,NA,NA
2022,12,8,8,8,NA,NA
2022,12,15,80,80,NA,NA
2022,12,22,0,0,NA,NA
2022,12,29,4,4,NA,NA
2023,1,5,5,5,NA,NA
2023,1,12,9,9,NA,NA
2023,1,19,4,4,NA,NA
2023,1,26,10,10,NA,NA
2023,2,2,5,12.3636363636364,0,57.0514403946502
2023,2,9,5,12.3636363636364,0,57.0514403946502
2023,2,16,5,12.3636363636364,0,57.0514403946502
