"year","month","day","data","median","LB","UB"
2022,9,22,27,27,NA,NA
2022,9,29,29,29,NA,NA
2022,10,6,44,44,NA,NA
2022,10,13,41,41,NA,NA
2022,10,20,10,10,NA,NA
2022,10,27,0,0,NA,NA
2022,11,3,3,3,NA,NA
2022,11,10,5,5,NA,NA
2022,11,17,2,2,NA,NA
2022,11,24,3,2,0,27.1857348080162
2022,12,1,3,2,0,37.6180077438286
2022,12,8,0,2,0,45.62297231344
2022,12,15,0,2,0,52.3714696160324
