"year","month","day","data","median","LB","UB"
2022,9,8,4176,4176,NA,NA
2022,9,15,3864,3864,NA,NA
2022,9,22,2900,2900,NA,NA
2022,9,29,3114,3114,NA,NA
2022,10,6,1821,1821,NA,NA
2022,10,13,2232,2232,NA,NA
2022,10,20,1340,1340,NA,NA
2022,10,27,1320,1320,NA,NA
2022,11,3,1111,1111,NA,NA
2022,11,10,1156,563.863122200689,0,1241.85957880508
2022,11,17,707,282.72694465078,0,975.980062978217
2022,11,24,938,0,0,686.169579195931
