"year","month","day","data","median","LB","UB"
2022,6,16,269,269,NA,NA
2022,6,23,283,283,NA,NA
2022,6,30,275,275,NA,NA
2022,7,7,384,384,NA,NA
2022,7,14,402,402,NA,NA
2022,7,21,295,295,NA,NA
2022,7,28,327,327,NA,NA
2022,8,4,258,258,NA,NA
2022,8,11,38,38,NA,NA
2022,8,18,285,285,NA,NA
2022,8,25,73,73,NA,NA
2022,9,1,71,262.636363636364,41.8513616696686,483.421365603059
2022,9,8,68,262.636363636364,41.8513616696686,483.421365603059
2022,9,15,33,262.636363636364,41.8513616696686,483.421365603059
