"year","month","day","data","median","LB","UB"
2022,9,15,1054,1054,NA,NA
2022,9,22,784,784,NA,NA
2022,9,29,624,624,NA,NA
2022,10,6,533,533,NA,NA
2022,10,13,391,391,NA,NA
2022,10,20,326,326,NA,NA
2022,10,27,272,272,NA,NA
2022,11,3,232,232,NA,NA
2022,11,10,176,176,NA,NA
2022,11,17,143,120,0.622967493812723,239.377032506187
2022,11,24,104,64,0,330.935159636037
