"year","month","day","data","median","LB","UB"
2022,8,25,61,61,NA,NA
2022,9,1,32,32,NA,NA
2022,9,8,42,42,NA,NA
2022,9,15,26,26,NA,NA
2022,9,22,7,7,NA,NA
2022,9,29,15,15,NA,NA
2022,10,6,0,0,NA,NA
2022,10,13,25,25,NA,NA
2022,10,20,0,0,NA,NA
2022,10,27,8,0,0,38.5632795898046
2022,11,3,0,0,0,54.5367130054872
