"year","month","day","data","median","LB","UB"
2022,11,3,2,2,NA,NA
2022,11,10,1,1,NA,NA
2022,11,17,0,0,NA,NA
2022,11,24,0,0,NA,NA
2022,12,1,2,2,NA,NA
2022,12,8,2,2,NA,NA
2022,12,15,1,1,NA,NA
2022,12,22,0,0,NA,NA
2022,12,29,1,1,NA,NA
2023,1,5,0,0,NA,NA
2023,1,12,7,7,NA,NA
2023,1,19,6,1.45454545454545,0,5.40994860796733
2023,1,26,1,1.45454545454545,0,5.40994860796733
2023,2,2,0,1.45454545454545,0,5.40994860796733
2023,2,9,0,1.45454545454545,0,5.40994860796733
