"year","month","day","data","median","LB","UB"
2022,9,1,173,173,NA,NA
2022,9,8,113,113,NA,NA
2022,9,15,110,110,NA,NA
2022,9,22,27,27,NA,NA
2022,9,29,29,29,NA,NA
2022,10,6,44,44,NA,NA
2022,10,13,41,41,NA,NA
2022,10,20,10,10,NA,NA
2022,10,27,0,0,NA,NA
2022,11,3,3,0,0,75.2643712844545
2022,11,10,5,0,0,106.43989463396
2022,11,17,2,0,0,130.361715064403
2022,11,24,3,0,0,150.528742568909
