"year","month","day","data","median","LB","UB"
2022,5,19,40,40,NA,NA
2022,5,26,102,102,NA,NA
2022,6,2,56,56,NA,NA
2022,6,9,115,115,NA,NA
2022,6,16,207,207,NA,NA
2022,6,23,280,280,NA,NA
2022,6,30,677,677,NA,NA
2022,7,7,970,970,NA,NA
2022,7,14,678,678,NA,NA
2022,7,21,613,613,NA,NA
2022,7,28,839,613,223.091940985498,1002.9080590145
2022,8,4,585,613,61.5867348631219,1164.41326513688
2022,8,11,630,613,0,1288.34056849368
2022,8,18,492,613,0,1392.816118029
