"year","month","day","data","median","LB","UB"
2022,7,21,295,295,NA,NA
2022,7,28,327,327,NA,NA
2022,8,4,258,258,NA,NA
2022,8,11,38,38,NA,NA
2022,8,18,285,285,NA,NA
2022,8,25,73,73,NA,NA
2022,9,1,71,71,NA,NA
2022,9,8,68,68,NA,NA
2022,9,15,33,33,NA,NA
2022,9,22,50,33,0,311.370165640777
2022,9,29,19,33,0,426.674863609232
2022,10,6,0,33,0,515.15127020119
2022,10,13,32,33,0,589.740331281554
