"year","month","day","data","median","LB","UB"
2022,6,16,86,86,NA,NA
2022,6,23,197,197,NA,NA
2022,6,30,303,303,NA,NA
2022,7,7,767,767,NA,NA
2022,7,14,1116,1116,NA,NA
2022,7,21,2315,2315,NA,NA
2022,7,28,2613,2613,NA,NA
2022,8,4,3215,3215,NA,NA
2022,8,11,3324,3324,NA,NA
2022,8,18,2916,2916,NA,NA
2022,8,25,2386,3230.44444444302,2371.09179431601,4089.79709457002
2022,9,1,2153,3544.88888888603,2329.58071621516,4760.19706155691
