"year","month","day","data","median","LB","UB"
2022,5,12,0,0,NA,NA
2022,5,19,0,0,NA,NA
2022,5,26,77,77,NA,NA
2022,6,2,35,35,NA,NA
2022,6,9,65,65,NA,NA
2022,6,16,58,58,NA,NA
2022,6,23,52,52,NA,NA
2022,6,30,88,88,NA,NA
2022,7,7,164,164,NA,NA
2022,7,14,142,164,77.0352252159442,250.964774784056
2022,7,21,122,164,41.0132360516665,286.986763948334
