"year","month","day","data","median","LB","UB"
2022,9,15,611,611,NA,NA
2022,9,22,451,451,NA,NA
2022,9,29,471,471,NA,NA
2022,10,6,312,312,NA,NA
2022,10,13,326,326,NA,NA
2022,10,20,205,205,NA,NA
2022,10,27,129,129,NA,NA
2022,11,3,294,294,NA,NA
2022,11,10,238,238,NA,NA
2022,11,17,154,154,NA,NA
2022,11,24,102,154,0,370.002865013293
2022,12,1,135,154,0,459.474181213243
2022,12,8,58,154,0,528.127936783465
2022,12,15,155,154,0,586.005730026586
