"year","month","day","data","median","LB","UB"
2022,9,29,1289,1289,NA,NA
2022,10,6,405,405,NA,NA
2022,10,13,561,561,NA,NA
2022,10,20,360,360,NA,NA
2022,10,27,374,374,NA,NA
2022,11,3,260,260,NA,NA
2022,11,10,252,252,NA,NA
2022,11,17,66,66,NA,NA
2022,11,24,431,431,NA,NA
2022,12,1,81,431,0,1133.33732862301
2022,12,8,0,431,0,1424.25497549955
2022,12,15,41,431,0,1647.48393722725
2022,12,22,49,431,0,1835.67465724602
