"year","month","day","data","median","LB","UB"
2022,6,23,280,280,NA,NA
2022,6,30,677,677,NA,NA
2022,7,7,970,970,NA,NA
2022,7,14,678,678,NA,NA
2022,7,21,613,613,NA,NA
2022,7,28,839,839,NA,NA
2022,8,4,585,585,NA,NA
2022,8,11,630,630,NA,NA
2022,8,18,492,492,NA,NA
2022,8,25,259,259,NA,NA
2022,9,1,206,602.3,170.109250798518,1034.49074920148
2022,9,8,198,602.3,170.109250798518,1034.49074920148
2022,9,15,136,602.3,170.109250798518,1034.49074920148
