"year","month","day","data","median","LB","UB"
2022,5,12,8,8,NA,NA
2022,5,19,62,62,NA,NA
2022,5,26,125,125,NA,NA
2022,6,2,125,125,NA,NA
2022,6,9,203,203,NA,NA
2022,6,16,269,269,NA,NA
2022,6,23,283,283,NA,NA
2022,6,30,275,275,NA,NA
2022,7,7,384,384,NA,NA
2022,7,14,402,402,NA,NA
2022,7,21,295,445.777777777768,368.174721997592,523.380833557945
2022,7,28,327,489.555555555537,379.808261589615,599.302849521459
