"year","month","day","data","median","LB","UB"
2022,6,9,59,59,NA,NA
2022,6,16,152,152,NA,NA
2022,6,23,163,163,NA,NA
2022,6,30,137,137,NA,NA
2022,7,7,144,144,NA,NA
2022,7,14,191,191,NA,NA
2022,7,21,655,655,NA,NA
2022,7,28,487,487,NA,NA
2022,8,4,369,369,NA,NA
2022,8,11,326,369,9.50017871274036,728.49982128726
2022,8,18,140,369,0,877.409522935146
2022,8,25,658,369,0,991.671955781465
2022,9,1,173,369,0,1087.99964257452
