"year","month","day","data","median","LB","UB"
2022,8,25,259,259,NA,NA
2022,9,1,206,206,NA,NA
2022,9,8,198,198,NA,NA
2022,9,15,136,136,NA,NA
2022,9,22,66,66,NA,NA
2022,9,29,60,60,NA,NA
2022,10,6,30,30,NA,NA
2022,10,13,38,38,NA,NA
2022,10,20,40,40,NA,NA
2022,10,27,0,12.6249999999739,0,72.9258422160446
2022,11,3,19,0,0,70.5282688844351
2022,11,10,56,0,0,62.3191224573505
2022,11,17,13,0,0,51.1016844320371
