"year","month","day","data","median","LB","UB"
2022,5,26,477,477,NA,NA
2022,6,2,525,525,NA,NA
2022,6,9,881,881,NA,NA
2022,6,16,1433,1433,NA,NA
2022,6,23,1847,1847,NA,NA
2022,6,30,2514,2514,NA,NA
2022,7,7,3600,3600,NA,NA
2022,7,14,3927,3927,NA,NA
2022,7,21,5500,5500,NA,NA
2022,7,28,6239,6239,NA,NA
2022,8,4,6815,6879.22222221479,5984.30934654054,7774.13509788904
2022,8,11,6713,7519.44444442957,6253.84651850874,8785.04237035041
2022,8,18,6330,8159.66666664436,6609.63209762899,9709.70123565973
