"year","month","day","data","median","LB","UB"
2022,12,1,3,3,NA,NA
2022,12,8,0,0,NA,NA
2022,12,15,1,1,NA,NA
2022,12,22,0,0,NA,NA
2022,12,29,0,0,NA,NA
2023,1,5,0,0,NA,NA
2023,1,12,0,0,NA,NA
2023,1,19,0,0,NA,NA
2023,1,26,0,0,NA,NA
2023,2,2,0,0,0,2.0659834410152
2023,2,9,0,0,0,2.0659834410152
