"year","month","day","data","median","LB","UB"
2022,8,4,3215,3215,NA,NA
2022,8,11,3324,3324,NA,NA
2022,8,18,2916,2916,NA,NA
2022,8,25,2386,2386,NA,NA
2022,9,1,2153,2153,NA,NA
2022,9,8,1453,1453,NA,NA
2022,9,15,1445,1445,NA,NA
2022,9,22,1032,1032,NA,NA
2022,9,29,1289,1289,NA,NA
2022,10,6,405,405,NA,NA
2022,10,13,561,538.581746065568,0,1113.89477523519
2022,10,20,360,0,0,495.961201776965
2022,10,27,374,0,0,604.60639533817
2022,11,3,260,0,0,143.456411562855
