"year","month","day","data","median","LB","UB"
2022,10,13,5,5,NA,NA
2022,10,20,6,6,NA,NA
2022,10,27,6,6,NA,NA
2022,11,3,2,2,NA,NA
2022,11,10,1,1,NA,NA
2022,11,17,0,0,NA,NA
2022,11,24,0,0,NA,NA
2022,12,1,2,2,NA,NA
2022,12,8,2,2,NA,NA
2022,12,15,1,1,NA,NA
2022,12,22,0,0,NA,NA
2022,12,29,1,0,0,3.09897671100898
2023,1,5,0,0,0,4.38261489418727
2023,1,12,7,0,0,5.36758511494026
