"year","month","day","data","median","LB","UB"
2022,7,14,678,678,NA,NA
2022,7,21,613,613,NA,NA
2022,7,28,839,839,NA,NA
2022,8,4,585,585,NA,NA
2022,8,11,630,630,NA,NA
2022,8,18,492,492,NA,NA
2022,8,25,259,259,NA,NA
2022,9,1,206,206,NA,NA
2022,9,8,198,198,NA,NA
2022,9,15,136,136,NA,NA
2022,9,22,66,66,NA,NA
2022,9,29,60,66,0,347.848313513583
2022,10,6,30,66,0,464.593707502893
2022,10,13,38,66,0,554.175599033128
2022,10,20,40,66,0,629.696627027166
