"year","month","day","data","median","LB","UB"
2022,9,29,29,29,NA,NA
2022,10,6,44,44,NA,NA
2022,10,13,41,41,NA,NA
2022,10,20,10,10,NA,NA
2022,10,27,0,0,NA,NA
2022,11,3,3,3,NA,NA
2022,11,10,5,5,NA,NA
2022,11,17,2,2,NA,NA
2022,11,24,3,3,NA,NA
2022,12,1,3,3,NA,NA
2022,12,8,0,0,NA,NA
2022,12,15,0,0,0,22.5779075331001
2022,12,22,4,0,0,31.9299830433158
2022,12,29,0,0,0,39.1060829759215
2023,1,5,0,0,0,45.1558150662002
