"year","month","day","data","median","LB","UB"
2022,8,4,301,301,NA,NA
2022,8,11,162,162,NA,NA
2022,8,18,163,163,NA,NA
2022,8,25,117,117,NA,NA
2022,9,1,44,44,NA,NA
2022,9,8,37,37,NA,NA
2022,9,15,37,37,NA,NA
2022,9,22,30,30,NA,NA
2022,9,29,16,16,NA,NA
2022,10,6,20,0,0,76.7013358558698
2022,10,13,5,0,0,80.9760105801277
