"year","month","day","data","median","LB","UB"
2022,5,12,19,19,NA,NA
2022,5,19,232,232,NA,NA
2022,5,26,477,477,NA,NA
2022,6,2,525,525,NA,NA
2022,6,9,881,881,NA,NA
2022,6,16,1433,1433,NA,NA
2022,6,23,1847,1847,NA,NA
2022,6,30,2514,2514,NA,NA
2022,7,7,3600,3600,NA,NA
2022,7,14,3927,3927,NA,NA
2022,7,21,5500,4361.22222222493,3763.18917377428,4959.25527067559
2022,7,28,6239,4795.44444444986,3949.69799658362,5641.1908923161
