"year","month","day","data","median","LB","UB"
2022,6,30,303,303,NA,NA
2022,7,7,767,767,NA,NA
2022,7,14,1116,1116,NA,NA
2022,7,21,2315,2315,NA,NA
2022,7,28,2613,2613,NA,NA
2022,8,4,3215,3215,NA,NA
2022,8,11,3324,3324,NA,NA
2022,8,18,2916,2916,NA,NA
2022,8,25,2386,2386,NA,NA
2022,9,1,2153,2153,NA,NA
2022,9,8,1453,1920,879.793218433654,2960.20678156635
2022,9,15,1445,1687,0,4012.97307423862
2022,9,22,1032,1454,0,5346.09738802007
2022,9,29,1289,1221,0,6918.44718733737
