"year","month","day","data","median","LB","UB"
2022,9,15,3864,3864,NA,NA
2022,9,22,2900,2900,NA,NA
2022,9,29,3114,3114,NA,NA
2022,10,6,1821,1821,NA,NA
2022,10,13,2232,2232,NA,NA
2022,10,20,1340,1340,NA,NA
2022,10,27,1320,1320,NA,NA
2022,11,3,1111,1111,NA,NA
2022,11,10,1156,1156,NA,NA
2022,11,17,707,527.008070815865,0,1235.89619253085
2022,11,24,938,458.412405201276,0,1177.29845495343
2022,12,1,564,0,0,866.391501292538
