"year","month","day","data","median","LB","UB"
2022,10,27,0,0,NA,NA
2022,11,3,19,19,NA,NA
2022,11,10,56,56,NA,NA
2022,11,17,13,13,NA,NA
2022,11,24,3,3,NA,NA
2022,12,1,0,0,NA,NA
2022,12,8,8,8,NA,NA
2022,12,15,80,80,NA,NA
2022,12,22,0,0,NA,NA
2022,12,29,4,4,NA,NA
2023,1,5,5,18.3,0,72.1984156430989
2023,1,12,9,18.3,0,72.1984156430989
2023,1,19,4,18.3,0,72.1984156430989
2023,1,26,10,18.3,0,72.1984156430989
