"year","month","day","data","median","LB","UB"
2022,9,15,136,136,NA,NA
2022,9,22,66,66,NA,NA
2022,9,29,60,60,NA,NA
2022,10,6,30,30,NA,NA
2022,10,13,38,38,NA,NA
2022,10,20,40,40,NA,NA
2022,10,27,0,0,NA,NA
2022,11,3,19,19,NA,NA
2022,11,10,56,56,NA,NA
2022,11,17,13,13,NA,NA
2022,11,24,3,3,NA,NA
2022,12,1,0,3,0,68.5431957136176
2022,12,8,8,3,0,95.6920762994721
2022,12,15,80,3,0,116.524145066416
2022,12,22,0,3,0,134.086391427235
