"year","month","day","data","median","LB","UB"
2022,8,4,3066,3066,NA,NA
2022,8,11,2621,2621,NA,NA
2022,8,18,2441,2441,NA,NA
2022,8,25,1919,1919,NA,NA
2022,9,1,1714,1714,NA,NA
2022,9,8,1352,1352,NA,NA
2022,9,15,1054,1054,NA,NA
2022,9,22,784,784,NA,NA
2022,9,29,624,624,NA,NA
2022,10,6,533,318.750000000937,64.4150807124977,573.084919289377
2022,10,13,391,13.5000000018745,0,373.183892244652
2022,10,20,326,0,0,148.771002349319
