"year","month","day","data","median","LB","UB"
2022,6,2,24,24,NA,NA
2022,6,9,64,64,NA,NA
2022,6,16,86,86,NA,NA
2022,6,23,197,197,NA,NA
2022,6,30,303,303,NA,NA
2022,7,7,767,767,NA,NA
2022,7,14,1116,1116,NA,NA
2022,7,21,2315,2315,NA,NA
2022,7,28,2613,2613,NA,NA
2022,8,4,3215,3215,NA,NA
2022,8,11,3324,3625.88835504647,2901.95987956152,4349.81683053142
2022,8,18,2916,4156.92033126677,2928.24876167554,5385.591900858
2022,8,25,2386,4612.42321185152,2636.32641328215,6588.52001042089
