"year","month","day","data","median","LB","UB"
2022,5,19,5,5,NA,NA
2022,5,26,12,12,NA,NA
2022,6,2,49,49,NA,NA
2022,6,9,59,59,NA,NA
2022,6,16,152,152,NA,NA
2022,6,23,163,163,NA,NA
2022,6,30,137,137,NA,NA
2022,7,7,144,144,NA,NA
2022,7,14,191,191,NA,NA
2022,7,21,655,655,NA,NA
2022,7,28,487,655,342.689170699834,967.310829300166
2022,8,4,369,655,213.325789527716,1096.67421047228
