"year","month","day","data","median","LB","UB"
2022,6,23,44,44,NA,NA
2022,6,30,142,142,NA,NA
2022,7,7,179,179,NA,NA
2022,7,14,208,208,NA,NA
2022,7,21,386,386,NA,NA
2022,7,28,743,743,NA,NA
2022,8,4,863,863,NA,NA
2022,8,11,866,866,NA,NA
2022,8,18,1022,1022,NA,NA
2022,8,25,725,725,NA,NA
2022,9,1,774,725,368.415206970196,1081.5847930298
2022,9,8,836,725,220.712949561248,1229.28705043875
2022,9,15,611,725,107.377021265947,1342.62297873405
2022,9,22,451,725,11.8304139403916,1438.16958605961
