"year","month","day","data","median","LB","UB"
2022,11,10,176,176,NA,NA
2022,11,17,143,143,NA,NA
2022,11,24,104,104,NA,NA
2022,12,1,100,100,NA,NA
2022,12,8,87,87,NA,NA
2022,12,15,81,81,NA,NA
2022,12,22,49,49,NA,NA
2022,12,29,40,40,NA,NA
2023,1,5,53,53,NA,NA
2023,1,12,34,34,NA,NA
2023,1,19,38,38,NA,NA
2023,1,26,27,24.199999999962,0,57.3694012958706
2023,2,2,20,10.3999999999239,0,57.3086171683936
2023,2,9,13,0,0,54.0510883010406
