"year","month","day","data","median","LB","UB"
2022,10,27,1320,1320,NA,NA
2022,11,3,1111,1111,NA,NA
2022,11,10,1156,1156,NA,NA
2022,11,17,707,707,NA,NA
2022,11,24,938,938,NA,NA
2022,12,1,564,564,NA,NA
2022,12,8,308,308,NA,NA
2022,12,15,477,477,NA,NA
2022,12,22,527,527,NA,NA
2022,12,29,349,349,NA,NA
2023,1,5,308,349,0,841.738888147322
2023,1,12,338,349,0,1045.83801832658
2023,1,19,342,349,0,1202.44878913616
2023,1,26,199,349,0,1334.47777629464
