"year","month","day","data","median","LB","UB"
2022,9,29,624,624,NA,NA
2022,10,6,533,533,NA,NA
2022,10,13,391,391,NA,NA
2022,10,20,326,326,NA,NA
2022,10,27,272,272,NA,NA
2022,11,3,232,232,NA,NA
2022,11,10,176,176,NA,NA
2022,11,17,143,143,NA,NA
2022,11,24,104,104,NA,NA
2022,12,1,100,65,0,137.8439459734
2022,12,8,87,26,0,188.884014945845
2022,12,15,81,0,0,259.557088533135
2022,12,22,49,0,0,346.982723873189
