"year","month","day","data","median","LB","UB"
2022,5,19,0,0,NA,NA
2022,5,26,25,25,NA,NA
2022,6,2,24,24,NA,NA
2022,6,9,64,64,NA,NA
2022,6,16,86,86,NA,NA
2022,6,23,197,197,NA,NA
2022,6,30,303,303,NA,NA
2022,7,7,767,767,NA,NA
2022,7,14,1116,1116,NA,NA
2022,7,21,2315,2315,NA,NA
2022,7,28,2613,2613,NA,NA
2022,8,4,3215,2911,2062.60823212773,3759.39176787227
2022,8,11,3324,3209,1311.93833548638,5106.06166451362
