"year","month","day","data","median","LB","UB"
2022,7,7,767,767,NA,NA
2022,7,14,1116,1116,NA,NA
2022,7,21,2315,2315,NA,NA
2022,7,28,2613,2613,NA,NA
2022,8,4,3215,3215,NA,NA
2022,8,11,3324,3324,NA,NA
2022,8,18,2916,2916,NA,NA
2022,8,25,2386,2386,NA,NA
2022,9,1,2153,2153,NA,NA
2022,9,8,1453,1920,811.240269255101,3028.7597307449
2022,9,15,1445,1687,0,4166.26212865996
2022,9,22,1032,1454,0,5602.59903669914
