"year","month","day","data","median","LB","UB"
2022,11,3,260,260,NA,NA
2022,11,10,252,252,NA,NA
2022,11,17,66,66,NA,NA
2022,11,24,431,431,NA,NA
2022,12,1,81,81,NA,NA
2022,12,8,0,0,NA,NA
2022,12,15,41,41,NA,NA
2022,12,22,49,49,NA,NA
2022,12,29,121,121,NA,NA
2023,1,5,63,144.555555555556,0,420.380206894647
2023,1,12,62,144.555555555556,0,420.380206894647
2023,1,19,42,144.555555555556,0,420.380206894647
