"year","month","day","data","median","LB","UB"
2022,8,18,2441,2441,NA,NA
2022,8,25,1919,1919,NA,NA
2022,9,1,1714,1714,NA,NA
2022,9,8,1352,1352,NA,NA
2022,9,15,1054,1054,NA,NA
2022,9,22,784,784,NA,NA
2022,9,29,624,624,NA,NA
2022,10,6,533,533,NA,NA
2022,10,13,391,391,NA,NA
2022,10,20,326,326,NA,NA
2022,10,27,272,261,0,534.193533594348
2022,11,3,232,196,0,806.879312130335
2022,11,10,176,131,0,1153.19660299217
2022,11,17,143,66,0,1562.3426091417
