"year","month","day","data","median","LB","UB"
2022,9,22,27,27,NA,NA
2022,9,29,29,29,NA,NA
2022,10,6,44,44,NA,NA
2022,10,13,41,41,NA,NA
2022,10,20,10,10,NA,NA
2022,10,27,0,0,NA,NA
2022,11,3,3,3,NA,NA
2022,11,10,5,5,NA,NA
2022,11,17,2,2,NA,NA
2022,11,24,3,3,NA,NA
2022,12,1,3,3,0,26.7543244282394
2022,12,8,0,3,0,36.5936877714266
2022,12,15,0,3,0,44.1436968091851
2022,12,22,4,3,0,50.5086488564787
