"year","month","day","data","median","LB","UB"
2022,5,5,0,0,NA,NA
2022,5,12,0,0,NA,NA
2022,5,19,0,0,NA,NA
2022,5,26,0,0,NA,NA
2022,6,2,1,1,NA,NA
2022,6,9,6,6,NA,NA
2022,6,16,12,12,NA,NA
2022,6,23,44,44,NA,NA
2022,6,30,142,142,NA,NA
2022,7,7,179,179,NA,NA
2022,7,14,208,216,151.102546933346,280.897453066654
2022,7,21,386,253,107.88488337636,398.11511662364
2022,7,28,743,290,47.17596535034,532.82403464966
2022,8,4,863,327,0,682.457989692391
