"year","month","day","data","median","LB","UB"
2022,7,28,743,743,NA,NA
2022,8,4,863,863,NA,NA
2022,8,11,866,866,NA,NA
2022,8,18,1022,1022,NA,NA
2022,8,25,725,725,NA,NA
2022,9,1,774,774,NA,NA
2022,9,8,836,836,NA,NA
2022,9,15,611,611,NA,NA
2022,9,22,451,451,NA,NA
2022,9,29,471,765.666666666667,444.083220401305,1087.25011293203
2022,10,6,312,765.666666666667,444.083220401305,1087.25011293203
2022,10,13,326,765.666666666667,444.083220401305,1087.25011293203
