"year","month","day","data","median","LB","UB"
2022,11,3,0,0,NA,NA
2022,11,10,9,9,NA,NA
2022,11,17,10,10,NA,NA
2022,11,24,5,5,NA,NA
2022,12,1,5,5,NA,NA
2022,12,8,0,0,NA,NA
2022,12,15,0,0,NA,NA
2022,12,22,0,0,NA,NA
2022,12,29,0,0,NA,NA
2023,1,5,0,0,NA,NA
2023,1,12,5,5,NA,NA
2023,1,19,0,3.09090909089739,0,10.704784965875
2023,1,26,0,3.09090909089739,0,10.704784965875
2023,2,2,0,3.09090909089739,0,10.704784965875
