"year","month","day","data","median","LB","UB"
2022,5,5,0,0,NA,NA
2022,5,12,0,0,NA,NA
2022,5,19,0,0,NA,NA
2022,5,26,77,77,NA,NA
2022,6,2,35,35,NA,NA
2022,6,9,65,65,NA,NA
2022,6,16,58,58,NA,NA
2022,6,23,52,52,NA,NA
2022,6,30,88,88,NA,NA
2022,7,7,164,164,NA,NA
2022,7,14,142,164,82.0088240344443,245.991175965556
2022,7,21,122,164,48.0469669545922,279.953033045408
2022,7,28,154,164,21.9871174553373,306.012882544663
2022,8,4,102,164,0.0176480688886329,327.982351931111
