"year","month","day","data","median","LB","UB"
2022,5,12,0,0,NA,NA
2022,5,19,0,0,NA,NA
2022,5,26,0,0,NA,NA
2022,6,2,1,1,NA,NA
2022,6,9,6,6,NA,NA
2022,6,16,12,12,NA,NA
2022,6,23,44,44,NA,NA
2022,6,30,142,142,NA,NA
2022,7,7,179,179,NA,NA
2022,7,14,208,208,NA,NA
2022,7,21,386,386,NA,NA
2022,7,28,743,564,448.904138524512,679.095861475488
2022,8,4,863,742,484.637829811909,999.362170188091
2022,8,11,866,920,489.350719723129,1350.64928027687
2022,8,18,1022,1098,467.594003943853,1728.40599605615
