"year","month","day","data","median","LB","UB"
2022,9,1,4866,4866,NA,NA
2022,9,8,4176,4176,NA,NA
2022,9,15,3864,3864,NA,NA
2022,9,22,2900,2900,NA,NA
2022,9,29,3114,3114,NA,NA
2022,10,6,1821,1821,NA,NA
2022,10,13,2232,2232,NA,NA
2022,10,20,1340,1340,NA,NA
2022,10,27,1320,1320,NA,NA
2022,11,3,1111,479.885641848312,0,983.969686026855
2022,11,10,1156,365.876160821009,0,873.261221987663
2022,11,17,707,0,0,289.127612884584
2022,11,24,938,0,0,109.192615051832
