"year","month","day","data","median","LB","UB"
2022,11,17,143,143,NA,NA
2022,11,24,104,104,NA,NA
2022,12,1,100,100,NA,NA
2022,12,8,87,87,NA,NA
2022,12,15,81,81,NA,NA
2022,12,22,49,49,NA,NA
2022,12,29,40,40,NA,NA
2023,1,5,53,53,NA,NA
2023,1,12,34,34,NA,NA
2023,1,19,38,20.3749999999045,0,52.5966744767768
2023,1,26,27,6.74999999980898,0,52.3183290473728
2023,2,2,20,0,0,48.9345772986016
2023,2,9,13,0,0,43.9433489533626
