"year","month","day","data","median","LB","UB"
2022,9,8,37,37,NA,NA
2022,9,15,37,37,NA,NA
2022,9,22,30,30,NA,NA
2022,9,29,16,16,NA,NA
2022,10,6,20,20,NA,NA
2022,10,13,5,5,NA,NA
2022,10,20,6,6,NA,NA
2022,10,27,6,6,NA,NA
2022,11,3,2,2,NA,NA
2022,11,10,1,2,0,17.5413120655924
2022,11,17,0,2,0,23.9787343002333
2022,11,24,0,2,0,28.9183421138892
2022,12,1,2,2,0,33.0826241311847
