"year","month","day","data","median","LB","UB"
2022,9,8,1352,1352,NA,NA
2022,9,15,1054,1054,NA,NA
2022,9,22,784,784,NA,NA
2022,9,29,624,624,NA,NA
2022,10,6,533,533,NA,NA
2022,10,13,391,391,NA,NA
2022,10,20,326,326,NA,NA
2022,10,27,272,272,NA,NA
2022,11,3,232,232,NA,NA
2022,11,10,176,176,NA,NA
2022,11,17,143,120,6.65518539996262,233.344814600037
2022,11,24,104,64,0,317.446710342794
2022,12,1,100,8,0,432.097462800753
