"year","month","day","data","median","LB","UB"
2022,6,9,115,115,NA,NA
2022,6,16,207,207,NA,NA
2022,6,23,280,280,NA,NA
2022,6,30,677,677,NA,NA
2022,7,7,970,970,NA,NA
2022,7,14,678,678,NA,NA
2022,7,21,613,613,NA,NA
2022,7,28,839,839,NA,NA
2022,8,4,585,585,NA,NA
2022,8,11,630,630,NA,NA
2022,8,18,492,630,184.802372921795,1075.19762707821
2022,8,25,259,630,0.395477849682493,1259.60452215032
