"year","month","day","data","median","LB","UB"
2022,9,8,42,42,NA,NA
2022,9,15,26,26,NA,NA
2022,9,22,7,7,NA,NA
2022,9,29,15,15,NA,NA
2022,10,6,0,0,NA,NA
2022,10,13,25,25,NA,NA
2022,10,20,0,0,NA,NA
2022,10,27,8,8,NA,NA
2022,11,3,0,0,NA,NA
2022,11,10,5,5,NA,NA
2022,11,17,0,0,NA,NA
2022,11,24,7,0,0,29.9432323970461
2022,12,1,3,0,0,42.3461253571921
2022,12,8,0,0,0,51.8631998545263
2022,12,15,1,0,0,59.8864647940923
