"year","month","day","data","median","LB","UB"
2022,9,15,110,110,NA,NA
2022,9,22,27,27,NA,NA
2022,9,29,29,29,NA,NA
2022,10,6,44,44,NA,NA
2022,10,13,41,41,NA,NA
2022,10,20,10,10,NA,NA
2022,10,27,0,0,NA,NA
2022,11,3,3,3,NA,NA
2022,11,10,5,5,NA,NA
2022,11,17,2,5,0,67.7533368339343
2022,11,24,3,5,0,93.746620034717
2022,12,1,3,5,0,113.691967740858
2022,12,8,0,5,0,130.506673667869
