"year","month","day","data","median","LB","UB"
2022,6,30,1035,1035,NA,NA
2022,7,7,1701,1701,NA,NA
2022,7,14,2269,2269,NA,NA
2022,7,21,2709,2709,NA,NA
2022,7,28,3172,3172,NA,NA
2022,8,4,3066,3066,NA,NA
2022,8,11,2621,2621,NA,NA
2022,8,18,2441,2441,NA,NA
2022,8,25,1919,1919,NA,NA
2022,9,1,1714,1714,NA,NA
2022,9,8,1352,1462.41052569605,890.349655802421,2034.47139558967
2022,9,15,1054,1186.55075780762,35.1200677780153,2337.98144783722
2022,9,22,784,905.479730204574,0,2633.82031349057
