"year","month","day","data","median","LB","UB"
2022,6,23,52,52,NA,NA
2022,6,30,88,88,NA,NA
2022,7,7,164,164,NA,NA
2022,7,14,142,142,NA,NA
2022,7,21,122,122,NA,NA
2022,7,28,154,154,NA,NA
2022,8,4,102,102,NA,NA
2022,8,11,109,109,NA,NA
2022,8,18,60,60,NA,NA
2022,8,25,61,61,NA,NA
2022,9,1,32,32,NA,NA
2022,9,8,42,98.7272727272727,12.1328302803076,185.321715174238
2022,9,15,26,98.7272727272727,12.1328302803076,185.321715174238
