"year","month","day","data","median","LB","UB"
2022,11,17,154,154,NA,NA
2022,11,24,102,102,NA,NA
2022,12,1,135,135,NA,NA
2022,12,8,58,58,NA,NA
2022,12,15,155,155,NA,NA
2022,12,22,63,63,NA,NA
2022,12,29,78,78,NA,NA
2023,1,5,36,36,NA,NA
2023,1,12,65,65,NA,NA
2023,1,19,40,40,NA,NA
2023,1,26,28,28,NA,NA
2023,2,2,50,37.3899123995338,0,104.38731155024
2023,2,9,0,30.0423744936239,0,98.6062645282164
2023,2,16,17,35.7917692676863,0,124.062743043366
