"year","month","day","data","median","LB","UB"
2022,5,5,0,0,NA,NA
2022,5,12,0,0,NA,NA
2022,5,19,0,0,NA,NA
2022,5,26,25,25,NA,NA
2022,6,2,24,24,NA,NA
2022,6,9,64,64,NA,NA
2022,6,16,86,86,NA,NA
2022,6,23,197,197,NA,NA
2022,6,30,303,303,NA,NA
2022,7,7,767,409,330.419654719815,487.580345280185
2022,7,14,1116,515,339.289006258102,690.710993741898
2022,7,21,2315,621,326.979270627149,915.020729372851
2022,7,28,2613,727,296.597723134981,1157.40227686502
